label,area,min_intensity_particle,max_intensity_particle,mean_intensity_particle,fname_particle,particle_cyto,particle_bg,min_intensity_mask,max_intensity_mask,mean_intensity_mask,fname_mask,mask_cyto,mask_bg
0_1,16.0,98.0,2129.0,967.6875,Expt2023_011_set5_RPE-1-p21-GFP-PCNA-mRuby_200k_6days-GFP-CENPC-CENPA-DAPI-5_R3D_D3D-1-mitosis-CENP-C(particle)0000.tif,1070.3449213439503,524.5375,278.0,1111.0,707.1875,Expt2023_011_set5_RPE-1-p21-GFP-PCNA-mRuby_200k_6days-GFP-CENPC-CENPA-DAPI-5_R3D_D3D-1-mitosis-CENP-A(mask)0000.tif,455.79991663193,250.4875
1_1,8.0,65.0,851.0,442.625,Expt2023_011_set5_RPE-1-p21-GFP-PCNA-mRuby_200k_6days-GFP-CENPC-CENPA-DAPI-5_R3D_D3D-1-mitosis-CENP-C(particle)0001.tif,1129.884178068992,526.175,275.0,954.0,626.25,Expt2023_011_set5_RPE-1-p21-GFP-PCNA-mRuby_200k_6days-GFP-CENPC-CENPA-DAPI-5_R3D_D3D-1-mitosis-CENP-A(mask)0001.tif,464.2474943751278,242.8325
1_2,40.0,204.0,4272.0,1924.95,Expt2023_011_set5_RPE-1-p21-GFP-PCNA-mRuby_200k_6days-GFP-CENPC-CENPA-DAPI-5_R3D_D3D-1-mitosis-CENP-C(particle)0001.tif,1129.884178068992,526.175,241.0,2024.0,832.775,Expt2023_011_set5_RPE-1-p21-GFP-PCNA-mRuby_200k_6days-GFP-CENPC-CENPA-DAPI-5_R3D_D3D-1-mitosis-CENP-A(mask)0001.tif,464.2474943751278,242.8325
2_1,31.0,369.0,3576.0,1952.3870967741937,Expt2023_011_set5_RPE-1-p21-GFP-PCNA-mRuby_200k_6days-GFP-CENPC-CENPA-DAPI-5_R3D_D3D-1-mitosis-CENP-C(particle)0002.tif,1229.9560373980505,520.0175,442.0,1794.0,1048.8064516129032,Expt2023_011_set5_RPE-1-p21-GFP-PCNA-mRuby_200k_6days-GFP-CENPC-CENPA-DAPI-5_R3D_D3D-1-mitosis-CENP-A(mask)0002.tif,485.79308240081383,228.5525
2_2,8.0,1783.0,2607.0,2302.5,Expt2023_011_set5_RPE-1-p21-GFP-PCNA-mRuby_200k_6days-GFP-CENPC-CENPA-DAPI-5_R3D_D3D-1-mitosis-CENP-C(particle)0002.tif,1229.9560373980505,520.0175,585.0,1607.0,1017.625,Expt2023_011_set5_RPE-1-p21-GFP-PCNA-mRuby_200k_6days-GFP-CENPC-CENPA-DAPI-5_R3D_D3D-1-mitosis-CENP-A(mask)0002.tif,485.79308240081383,228.5525
2_3,10.0,258.0,868.0,562.3,Expt2023_011_set5_RPE-1-p21-GFP-PCNA-mRuby_200k_6days-GFP-CENPC-CENPA-DAPI-5_R3D_D3D-1-mitosis-CENP-C(particle)0002.tif,1229.9560373980505,520.0175,361.0,1407.0,863.3,Expt2023_011_set5_RPE-1-p21-GFP-PCNA-mRuby_200k_6days-GFP-CENPC-CENPA-DAPI-5_R3D_D3D-1-mitosis-CENP-A(mask)0002.tif,485.79308240081383,228.5525
2_4,42.0,531.0,7359.0,3104.0714285714284,Expt2023_011_set5_RPE-1-p21-GFP-PCNA-mRuby_200k_6days-GFP-CENPC-CENPA-DAPI-5_R3D_D3D-1-mitosis-CENP-C(particle)0002.tif,1229.9560373980505,520.0175,362.0,3246.0,1186.8095238095239,Expt2023_011_set5_RPE-1-p21-GFP-PCNA-mRuby_200k_6days-GFP-CENPC-CENPA-DAPI-5_R3D_D3D-1-mitosis-CENP-A(mask)0002.tif,485.79308240081383,228.5525
3_1,39.0,172.0,7822.0,3440.5128205128203,Expt2023_011_set5_RPE-1-p21-GFP-PCNA-mRuby_200k_6days-GFP-CENPC-CENPA-DAPI-5_R3D_D3D-1-mitosis-CENP-C(particle)0003.tif,1345.987105093488,484.62,583.0,4523.0,1851.5128205128206,Expt2023_011_set5_RPE-1-p21-GFP-PCNA-mRuby_200k_6days-GFP-CENPC-CENPA-DAPI-5_R3D_D3D-1-mitosis-CENP-A(mask)0003.tif,507.9595435684647,216.485
3_2,29.0,266.0,5456.0,2565.8275862068967,Expt2023_011_set5_RPE-1-p21-GFP-PCNA-mRuby_200k_6days-GFP-CENPC-CENPA-DAPI-5_R3D_D3D-1-mitosis-CENP-C(particle)0003.tif,1345.987105093488,484.62,655.0,3022.0,1497.1724137931035,Expt2023_011_set5_RPE-1-p21-GFP-PCNA-mRuby_200k_6days-GFP-CENPC-CENPA-DAPI-5_R3D_D3D-1-mitosis-CENP-A(mask)0003.tif,507.9595435684647,216.485
3_3,37.0,1392.0,14543.0,5631.054054054054,Expt2023_011_set5_RPE-1-p21-GFP-PCNA-mRuby_200k_6days-GFP-CENPC-CENPA-DAPI-5_R3D_D3D-1-mitosis-CENP-C(particle)0003.tif,1345.987105093488,484.62,359.0,9517.0,2598.4594594594596,Expt2023_011_set5_RPE-1-p21-GFP-PCNA-mRuby_200k_6days-GFP-CENPC-CENPA-DAPI-5_R3D_D3D-1-mitosis-CENP-A(mask)0003.tif,507.9595435684647,216.485
4_1,47.0,770.0,12439.0,5337.021276595745,Expt2023_011_set5_RPE-1-p21-GFP-PCNA-mRuby_200k_6days-GFP-CENPC-CENPA-DAPI-5_R3D_D3D-1-mitosis-CENP-C(particle)0004.tif,1343.498562037798,450.9675,479.0,7714.0,2697.063829787234,Expt2023_011_set5_RPE-1-p21-GFP-PCNA-mRuby_200k_6days-GFP-CENPC-CENPA-DAPI-5_R3D_D3D-1-mitosis-CENP-A(mask)0004.tif,542.1659969864389,209.6225
4_2,5.0,2355.0,4870.0,3168.6,Expt2023_011_set5_RPE-1-p21-GFP-PCNA-mRuby_200k_6days-GFP-CENPC-CENPA-DAPI-5_R3D_D3D-1-mitosis-CENP-C(particle)0004.tif,1343.498562037798,450.9675,1175.0,3400.0,2382.2,Expt2023_011_set5_RPE-1-p21-GFP-PCNA-mRuby_200k_6days-GFP-CENPC-CENPA-DAPI-5_R3D_D3D-1-mitosis-CENP-A(mask)0004.tif,542.1659969864389,209.6225
4_3,30.0,493.0,7562.0,3727.2,Expt2023_011_set5_RPE-1-p21-GFP-PCNA-mRuby_200k_6days-GFP-CENPC-CENPA-DAPI-5_R3D_D3D-1-mitosis-CENP-C(particle)0004.tif,1343.498562037798,450.9675,632.0,5054.0,2155.0,Expt2023_011_set5_RPE-1-p21-GFP-PCNA-mRuby_200k_6days-GFP-CENPC-CENPA-DAPI-5_R3D_D3D-1-mitosis-CENP-A(mask)0004.tif,542.1659969864389,209.6225
4_4,35.0,1551.0,33126.0,9147.828571428572,Expt2023_011_set5_RPE-1-p21-GFP-PCNA-mRuby_200k_6days-GFP-CENPC-CENPA-DAPI-5_R3D_D3D-1-mitosis-CENP-C(particle)0004.tif,1343.498562037798,450.9675,324.0,13652.0,3377.714285714286,Expt2023_011_set5_RPE-1-p21-GFP-PCNA-mRuby_200k_6days-GFP-CENPC-CENPA-DAPI-5_R3D_D3D-1-mitosis-CENP-A(mask)0004.tif,542.1659969864389,209.6225
5_1,58.0,765.0,31593.0,7914.758620689655,Expt2023_011_set5_RPE-1-p21-GFP-PCNA-mRuby_200k_6days-GFP-CENPC-CENPA-DAPI-5_R3D_D3D-1-mitosis-CENP-C(particle)0005.tif,1426.4148103552077,416.2975,480.0,10696.0,3333.448275862069,Expt2023_011_set5_RPE-1-p21-GFP-PCNA-mRuby_200k_6days-GFP-CENPC-CENPA-DAPI-5_R3D_D3D-1-mitosis-CENP-A(mask)0005.tif,624.7251908396946,208.235
5_2,29.0,2297.0,12215.0,6227.241379310345,Expt2023_011_set5_RPE-1-p21-GFP-PCNA-mRuby_200k_6days-GFP-CENPC-CENPA-DAPI-5_R3D_D3D-1-mitosis-CENP-C(particle)0005.tif,1426.4148103552077,416.2975,564.0,6494.0,2651.896551724138,Expt2023_011_set5_RPE-1-p21-GFP-PCNA-mRuby_200k_6days-GFP-CENPC-CENPA-DAPI-5_R3D_D3D-1-mitosis-CENP-A(mask)0005.tif,624.7251908396946,208.235
5_3,13.0,418.0,4688.0,2347.153846153846,Expt2023_011_set5_RPE-1-p21-GFP-PCNA-mRuby_200k_6days-GFP-CENPC-CENPA-DAPI-5_R3D_D3D-1-mitosis-CENP-C(particle)0005.tif,1426.4148103552077,416.2975,986.0,3413.0,2243.4615384615386,Expt2023_011_set5_RPE-1-p21-GFP-PCNA-mRuby_200k_6days-GFP-CENPC-CENPA-DAPI-5_R3D_D3D-1-mitosis-CENP-A(mask)0005.tif,624.7251908396946,208.235
5_4,27.0,2520.0,9225.0,4989.62962962963,Expt2023_011_set5_RPE-1-p21-GFP-PCNA-mRuby_200k_6days-GFP-CENPC-CENPA-DAPI-5_R3D_D3D-1-mitosis-CENP-C(particle)0005.tif,1426.4148103552077,416.2975,751.0,7193.0,2756.037037037037,Expt2023_011_set5_RPE-1-p21-GFP-PCNA-mRuby_200k_6days-GFP-CENPC-CENPA-DAPI-5_R3D_D3D-1-mitosis-CENP-A(mask)0005.tif,624.7251908396946,208.235
5_5,20.0,874.0,6414.0,3807.4,Expt2023_011_set5_RPE-1-p21-GFP-PCNA-mRuby_200k_6days-GFP-CENPC-CENPA-DAPI-5_R3D_D3D-1-mitosis-CENP-C(particle)0005.tif,1426.4148103552077,416.2975,1089.0,5334.0,2710.15,Expt2023_011_set5_RPE-1-p21-GFP-PCNA-mRuby_200k_6days-GFP-CENPC-CENPA-DAPI-5_R3D_D3D-1-mitosis-CENP-A(mask)0005.tif,624.7251908396946,208.235
5_6,9.0,732.0,4869.0,2316.6666666666665,Expt2023_011_set5_RPE-1-p21-GFP-PCNA-mRuby_200k_6days-GFP-CENPC-CENPA-DAPI-5_R3D_D3D-1-mitosis-CENP-C(particle)0005.tif,1426.4148103552077,416.2975,1047.0,3221.0,2071.777777777778,Expt2023_011_set5_RPE-1-p21-GFP-PCNA-mRuby_200k_6days-GFP-CENPC-CENPA-DAPI-5_R3D_D3D-1-mitosis-CENP-A(mask)0005.tif,624.7251908396946,208.235
5_7,25.0,732.0,6949.0,3390.68,Expt2023_011_set5_RPE-1-p21-GFP-PCNA-mRuby_200k_6days-GFP-CENPC-CENPA-DAPI-5_R3D_D3D-1-mitosis-CENP-C(particle)0005.tif,1426.4148103552077,416.2975,598.0,4891.0,2095.96,Expt2023_011_set5_RPE-1-p21-GFP-PCNA-mRuby_200k_6days-GFP-CENPC-CENPA-DAPI-5_R3D_D3D-1-mitosis-CENP-A(mask)0005.tif,624.7251908396946,208.235
5_8,13.0,826.0,6021.0,3275.5384615384614,Expt2023_011_set5_RPE-1-p21-GFP-PCNA-mRuby_200k_6days-GFP-CENPC-CENPA-DAPI-5_R3D_D3D-1-mitosis-CENP-C(particle)0005.tif,1426.4148103552077,416.2975,979.0,3474.0,2169.230769230769,Expt2023_011_set5_RPE-1-p21-GFP-PCNA-mRuby_200k_6days-GFP-CENPC-CENPA-DAPI-5_R3D_D3D-1-mitosis-CENP-A(mask)0005.tif,624.7251908396946,208.235
5_9,64.0,1173.0,27328.0,7677.328125,Expt2023_011_set5_RPE-1-p21-GFP-PCNA-mRuby_200k_6days-GFP-CENPC-CENPA-DAPI-5_R3D_D3D-1-mitosis-CENP-C(particle)0005.tif,1426.4148103552077,416.2975,392.0,8664.0,2838.9375,Expt2023_011_set5_RPE-1-p21-GFP-PCNA-mRuby_200k_6days-GFP-CENPC-CENPA-DAPI-5_R3D_D3D-1-mitosis-CENP-A(mask)0005.tif,624.7251908396946,208.235
6_1,61.0,1129.0,23844.0,8067.147540983607,Expt2023_011_set5_RPE-1-p21-GFP-PCNA-mRuby_200k_6days-GFP-CENPC-CENPA-DAPI-5_R3D_D3D-1-mitosis-CENP-C(particle)0006.tif,1657.653744493392,395.3925,475.0,13266.0,3320.934426229508,Expt2023_011_set5_RPE-1-p21-GFP-PCNA-mRuby_200k_6days-GFP-CENPC-CENPA-DAPI-5_R3D_D3D-1-mitosis-CENP-A(mask)0006.tif,759.6838235294117,220.705
6_2,32.0,345.0,6694.0,3209.53125,Expt2023_011_set5_RPE-1-p21-GFP-PCNA-mRuby_200k_6days-GFP-CENPC-CENPA-DAPI-5_R3D_D3D-1-mitosis-CENP-C(particle)0006.tif,1657.653744493392,395.3925,561.0,4814.0,1963.15625,Expt2023_011_set5_RPE-1-p21-GFP-PCNA-mRuby_200k_6days-GFP-CENPC-CENPA-DAPI-5_R3D_D3D-1-mitosis-CENP-A(mask)0006.tif,759.6838235294117,220.705
6_3,57.0,925.0,22045.0,6105.070175438596,Expt2023_011_set5_RPE-1-p21-GFP-PCNA-mRuby_200k_6days-GFP-CENPC-CENPA-DAPI-5_R3D_D3D-1-mitosis-CENP-C(particle)0006.tif,1657.653744493392,395.3925,383.0,6535.0,2445.5789473684213,Expt2023_011_set5_RPE-1-p21-GFP-PCNA-mRuby_200k_6days-GFP-CENPC-CENPA-DAPI-5_R3D_D3D-1-mitosis-CENP-A(mask)0006.tif,759.6838235294117,220.705
6_4,30.0,872.0,9410.0,4244.233333333334,Expt2023_011_set5_RPE-1-p21-GFP-PCNA-mRuby_200k_6days-GFP-CENPC-CENPA-DAPI-5_R3D_D3D-1-mitosis-CENP-C(particle)0006.tif,1657.653744493392,395.3925,565.0,5932.0,2363.733333333333,Expt2023_011_set5_RPE-1-p21-GFP-PCNA-mRuby_200k_6days-GFP-CENPC-CENPA-DAPI-5_R3D_D3D-1-mitosis-CENP-A(mask)0006.tif,759.6838235294117,220.705
6_5,63.0,1334.0,19861.0,6704.396825396825,Expt2023_011_set5_RPE-1-p21-GFP-PCNA-mRuby_200k_6days-GFP-CENPC-CENPA-DAPI-5_R3D_D3D-1-mitosis-CENP-C(particle)0006.tif,1657.653744493392,395.3925,595.0,9404.0,3185.3015873015875,Expt2023_011_set5_RPE-1-p21-GFP-PCNA-mRuby_200k_6days-GFP-CENPC-CENPA-DAPI-5_R3D_D3D-1-mitosis-CENP-A(mask)0006.tif,759.6838235294117,220.705
6_6,29.0,982.0,6875.0,3114.7241379310344,Expt2023_011_set5_RPE-1-p21-GFP-PCNA-mRuby_200k_6days-GFP-CENPC-CENPA-DAPI-5_R3D_D3D-1-mitosis-CENP-C(particle)0006.tif,1657.653744493392,395.3925,510.0,5668.0,1885.7586206896551,Expt2023_011_set5_RPE-1-p21-GFP-PCNA-mRuby_200k_6days-GFP-CENPC-CENPA-DAPI-5_R3D_D3D-1-mitosis-CENP-A(mask)0006.tif,759.6838235294117,220.705
6_7,30.0,1497.0,9044.0,4340.433333333333,Expt2023_011_set5_RPE-1-p21-GFP-PCNA-mRuby_200k_6days-GFP-CENPC-CENPA-DAPI-5_R3D_D3D-1-mitosis-CENP-C(particle)0006.tif,1657.653744493392,395.3925,564.0,6353.0,2308.0,Expt2023_011_set5_RPE-1-p21-GFP-PCNA-mRuby_200k_6days-GFP-CENPC-CENPA-DAPI-5_R3D_D3D-1-mitosis-CENP-A(mask)0006.tif,759.6838235294117,220.705
6_8,55.0,900.0,13312.0,4666.345454545454,Expt2023_011_set5_RPE-1-p21-GFP-PCNA-mRuby_200k_6days-GFP-CENPC-CENPA-DAPI-5_R3D_D3D-1-mitosis-CENP-C(particle)0006.tif,1657.653744493392,395.3925,360.0,7883.0,2437.0363636363636,Expt2023_011_set5_RPE-1-p21-GFP-PCNA-mRuby_200k_6days-GFP-CENPC-CENPA-DAPI-5_R3D_D3D-1-mitosis-CENP-A(mask)0006.tif,759.6838235294117,220.705
6_9,40.0,890.0,8660.0,4247.075,Expt2023_011_set5_RPE-1-p21-GFP-PCNA-mRuby_200k_6days-GFP-CENPC-CENPA-DAPI-5_R3D_D3D-1-mitosis-CENP-C(particle)0006.tif,1657.653744493392,395.3925,510.0,5331.0,2126.725,Expt2023_011_set5_RPE-1-p21-GFP-PCNA-mRuby_200k_6days-GFP-CENPC-CENPA-DAPI-5_R3D_D3D-1-mitosis-CENP-A(mask)0006.tif,759.6838235294117,220.705
6_10,56.0,1445.0,32492.0,7676.964285714285,Expt2023_011_set5_RPE-1-p21-GFP-PCNA-mRuby_200k_6days-GFP-CENPC-CENPA-DAPI-5_R3D_D3D-1-mitosis-CENP-C(particle)0006.tif,1657.653744493392,395.3925,479.0,11904.0,3065.8214285714284,Expt2023_011_set5_RPE-1-p21-GFP-PCNA-mRuby_200k_6days-GFP-CENPC-CENPA-DAPI-5_R3D_D3D-1-mitosis-CENP-A(mask)0006.tif,759.6838235294117,220.705
6_11,9.0,1614.0,6500.0,4125.555555555556,Expt2023_011_set5_RPE-1-p21-GFP-PCNA-mRuby_200k_6days-GFP-CENPC-CENPA-DAPI-5_R3D_D3D-1-mitosis-CENP-C(particle)0006.tif,1657.653744493392,395.3925,1229.0,3481.0,2421.222222222222,Expt2023_011_set5_RPE-1-p21-GFP-PCNA-mRuby_200k_6days-GFP-CENPC-CENPA-DAPI-5_R3D_D3D-1-mitosis-CENP-A(mask)0006.tif,759.6838235294117,220.705
6_12,16.0,1430.0,7590.0,4102.4375,Expt2023_011_set5_RPE-1-p21-GFP-PCNA-mRuby_200k_6days-GFP-CENPC-CENPA-DAPI-5_R3D_D3D-1-mitosis-CENP-C(particle)0006.tif,1657.653744493392,395.3925,1032.0,4392.0,2500.4375,Expt2023_011_set5_RPE-1-p21-GFP-PCNA-mRuby_200k_6days-GFP-CENPC-CENPA-DAPI-5_R3D_D3D-1-mitosis-CENP-A(mask)0006.tif,759.6838235294117,220.705
6_13,8.0,1251.0,5697.0,2965.375,Expt2023_011_set5_RPE-1-p21-GFP-PCNA-mRuby_200k_6days-GFP-CENPC-CENPA-DAPI-5_R3D_D3D-1-mitosis-CENP-C(particle)0006.tif,1657.653744493392,395.3925,682.0,4791.0,2105.875,Expt2023_011_set5_RPE-1-p21-GFP-PCNA-mRuby_200k_6days-GFP-CENPC-CENPA-DAPI-5_R3D_D3D-1-mitosis-CENP-A(mask)0006.tif,759.6838235294117,220.705
7_1,5.0,1108.0,3180.0,1990.0,Expt2023_011_set5_RPE-1-p21-GFP-PCNA-mRuby_200k_6days-GFP-CENPC-CENPA-DAPI-5_R3D_D3D-1-mitosis-CENP-C(particle)0007.tif,2323.153846153846,369.87,1545.0,3698.0,2596.6,Expt2023_011_set5_RPE-1-p21-GFP-PCNA-mRuby_200k_6days-GFP-CENPC-CENPA-DAPI-5_R3D_D3D-1-mitosis-CENP-A(mask)0007.tif,1068.68156424581,211.9775
7_2,5.0,498.0,2002.0,1126.6,Expt2023_011_set5_RPE-1-p21-GFP-PCNA-mRuby_200k_6days-GFP-CENPC-CENPA-DAPI-5_R3D_D3D-1-mitosis-CENP-C(particle)0007.tif,2323.153846153846,369.87,952.0,3205.0,2025.4,Expt2023_011_set5_RPE-1-p21-GFP-PCNA-mRuby_200k_6days-GFP-CENPC-CENPA-DAPI-5_R3D_D3D-1-mitosis-CENP-A(mask)0007.tif,1068.68156424581,211.9775
7_3,13.0,1077.0,7003.0,3652.769230769231,Expt2023_011_set5_RPE-1-p21-GFP-PCNA-mRuby_200k_6days-GFP-CENPC-CENPA-DAPI-5_R3D_D3D-1-mitosis-CENP-C(particle)0007.tif,2323.153846153846,369.87,630.0,3899.0,2256.230769230769,Expt2023_011_set5_RPE-1-p21-GFP-PCNA-mRuby_200k_6days-GFP-CENPC-CENPA-DAPI-5_R3D_D3D-1-mitosis-CENP-A(mask)0007.tif,1068.68156424581,211.9775
7_4,30.0,1299.0,35820.0,10486.566666666668,Expt2023_011_set5_RPE-1-p21-GFP-PCNA-mRuby_200k_6days-GFP-CENPC-CENPA-DAPI-5_R3D_D3D-1-mitosis-CENP-C(particle)0007.tif,2323.153846153846,369.87,679.0,8798.0,3536.9666666666667,Expt2023_011_set5_RPE-1-p21-GFP-PCNA-mRuby_200k_6days-GFP-CENPC-CENPA-DAPI-5_R3D_D3D-1-mitosis-CENP-A(mask)0007.tif,1068.68156424581,211.9775
7_5,33.0,944.0,17560.0,6162.606060606061,Expt2023_011_set5_RPE-1-p21-GFP-PCNA-mRuby_200k_6days-GFP-CENPC-CENPA-DAPI-5_R3D_D3D-1-mitosis-CENP-C(particle)0007.tif,2323.153846153846,369.87,324.0,8436.0,2921.757575757576,Expt2023_011_set5_RPE-1-p21-GFP-PCNA-mRuby_200k_6days-GFP-CENPC-CENPA-DAPI-5_R3D_D3D-1-mitosis-CENP-A(mask)0007.tif,1068.68156424581,211.9775
7_6,20.0,1162.0,13710.0,5287.55,Expt2023_011_set5_RPE-1-p21-GFP-PCNA-mRuby_200k_6days-GFP-CENPC-CENPA-DAPI-5_R3D_D3D-1-mitosis-CENP-C(particle)0007.tif,2323.153846153846,369.87,1041.0,5594.0,2838.6,Expt2023_011_set5_RPE-1-p21-GFP-PCNA-mRuby_200k_6days-GFP-CENPC-CENPA-DAPI-5_R3D_D3D-1-mitosis-CENP-A(mask)0007.tif,1068.68156424581,211.9775
7_7,16.0,451.0,9787.0,4681.0625,Expt2023_011_set5_RPE-1-p21-GFP-PCNA-mRuby_200k_6days-GFP-CENPC-CENPA-DAPI-5_R3D_D3D-1-mitosis-CENP-C(particle)0007.tif,2323.153846153846,369.87,617.0,5665.0,2786.4375,Expt2023_011_set5_RPE-1-p21-GFP-PCNA-mRuby_200k_6days-GFP-CENPC-CENPA-DAPI-5_R3D_D3D-1-mitosis-CENP-A(mask)0007.tif,1068.68156424581,211.9775
7_8,5.0,827.0,4271.0,2299.8,Expt2023_011_set5_RPE-1-p21-GFP-PCNA-mRuby_200k_6days-GFP-CENPC-CENPA-DAPI-5_R3D_D3D-1-mitosis-CENP-C(particle)0007.tif,2323.153846153846,369.87,1263.0,3765.0,2447.8,Expt2023_011_set5_RPE-1-p21-GFP-PCNA-mRuby_200k_6days-GFP-CENPC-CENPA-DAPI-5_R3D_D3D-1-mitosis-CENP-A(mask)0007.tif,1068.68156424581,211.9775
7_9,16.0,860.0,8197.0,3842.0,Expt2023_011_set5_RPE-1-p21-GFP-PCNA-mRuby_200k_6days-GFP-CENPC-CENPA-DAPI-5_R3D_D3D-1-mitosis-CENP-C(particle)0007.tif,2323.153846153846,369.87,814.0,4855.0,2412.4375,Expt2023_011_set5_RPE-1-p21-GFP-PCNA-mRuby_200k_6days-GFP-CENPC-CENPA-DAPI-5_R3D_D3D-1-mitosis-CENP-A(mask)0007.tif,1068.68156424581,211.9775
7_10,20.0,407.0,6755.0,3434.6,Expt2023_011_set5_RPE-1-p21-GFP-PCNA-mRuby_200k_6days-GFP-CENPC-CENPA-DAPI-5_R3D_D3D-1-mitosis-CENP-C(particle)0007.tif,2323.153846153846,369.87,991.0,4521.0,2417.0,Expt2023_011_set5_RPE-1-p21-GFP-PCNA-mRuby_200k_6days-GFP-CENPC-CENPA-DAPI-5_R3D_D3D-1-mitosis-CENP-A(mask)0007.tif,1068.68156424581,211.9775
7_11,28.0,1932.0,24359.0,9074.714285714286,Expt2023_011_set5_RPE-1-p21-GFP-PCNA-mRuby_200k_6days-GFP-CENPC-CENPA-DAPI-5_R3D_D3D-1-mitosis-CENP-C(particle)0007.tif,2323.153846153846,369.87,804.0,9910.0,3321.1428571428573,Expt2023_011_set5_RPE-1-p21-GFP-PCNA-mRuby_200k_6days-GFP-CENPC-CENPA-DAPI-5_R3D_D3D-1-mitosis-CENP-A(mask)0007.tif,1068.68156424581,211.9775
7_12,40.0,712.0,22526.0,6733.05,Expt2023_011_set5_RPE-1-p21-GFP-PCNA-mRuby_200k_6days-GFP-CENPC-CENPA-DAPI-5_R3D_D3D-1-mitosis-CENP-C(particle)0007.tif,2323.153846153846,369.87,524.0,11090.0,3318.725,Expt2023_011_set5_RPE-1-p21-GFP-PCNA-mRuby_200k_6days-GFP-CENPC-CENPA-DAPI-5_R3D_D3D-1-mitosis-CENP-A(mask)0007.tif,1068.68156424581,211.9775
7_13,23.0,2374.0,26871.0,10084.0,Expt2023_011_set5_RPE-1-p21-GFP-PCNA-mRuby_200k_6days-GFP-CENPC-CENPA-DAPI-5_R3D_D3D-1-mitosis-CENP-C(particle)0007.tif,2323.153846153846,369.87,735.0,5700.0,2558.2608695652175,Expt2023_011_set5_RPE-1-p21-GFP-PCNA-mRuby_200k_6days-GFP-CENPC-CENPA-DAPI-5_R3D_D3D-1-mitosis-CENP-A(mask)0007.tif,1068.68156424581,211.9775
7_14,31.0,2559.0,30567.0,10056.677419354839,Expt2023_011_set5_RPE-1-p21-GFP-PCNA-mRuby_200k_6days-GFP-CENPC-CENPA-DAPI-5_R3D_D3D-1-mitosis-CENP-C(particle)0007.tif,2323.153846153846,369.87,1031.0,9167.0,3737.8064516129034,Expt2023_011_set5_RPE-1-p21-GFP-PCNA-mRuby_200k_6days-GFP-CENPC-CENPA-DAPI-5_R3D_D3D-1-mitosis-CENP-A(mask)0007.tif,1068.68156424581,211.9775
7_15,18.0,866.0,9570.0,4313.222222222223,Expt2023_011_set5_RPE-1-p21-GFP-PCNA-mRuby_200k_6days-GFP-CENPC-CENPA-DAPI-5_R3D_D3D-1-mitosis-CENP-C(particle)0007.tif,2323.153846153846,369.87,817.0,5390.0,2463.1111111111113,Expt2023_011_set5_RPE-1-p21-GFP-PCNA-mRuby_200k_6days-GFP-CENPC-CENPA-DAPI-5_R3D_D3D-1-mitosis-CENP-A(mask)0007.tif,1068.68156424581,211.9775
7_16,16.0,2732.0,18117.0,8380.6875,Expt2023_011_set5_RPE-1-p21-GFP-PCNA-mRuby_200k_6days-GFP-CENPC-CENPA-DAPI-5_R3D_D3D-1-mitosis-CENP-C(particle)0007.tif,2323.153846153846,369.87,1169.0,7212.0,3298.1875,Expt2023_011_set5_RPE-1-p21-GFP-PCNA-mRuby_200k_6days-GFP-CENPC-CENPA-DAPI-5_R3D_D3D-1-mitosis-CENP-A(mask)0007.tif,1068.68156424581,211.9775
7_17,42.0,1102.0,22798.0,7471.452380952381,Expt2023_011_set5_RPE-1-p21-GFP-PCNA-mRuby_200k_6days-GFP-CENPC-CENPA-DAPI-5_R3D_D3D-1-mitosis-CENP-C(particle)0007.tif,2323.153846153846,369.87,536.0,10543.0,2982.3333333333335,Expt2023_011_set5_RPE-1-p21-GFP-PCNA-mRuby_200k_6days-GFP-CENPC-CENPA-DAPI-5_R3D_D3D-1-mitosis-CENP-A(mask)0007.tif,1068.68156424581,211.9775
7_18,52.0,965.0,26916.0,8390.134615384615,Expt2023_011_set5_RPE-1-p21-GFP-PCNA-mRuby_200k_6days-GFP-CENPC-CENPA-DAPI-5_R3D_D3D-1-mitosis-CENP-C(particle)0007.tif,2323.153846153846,369.87,389.0,10312.0,3401.25,Expt2023_011_set5_RPE-1-p21-GFP-PCNA-mRuby_200k_6days-GFP-CENPC-CENPA-DAPI-5_R3D_D3D-1-mitosis-CENP-A(mask)0007.tif,1068.68156424581,211.9775
7_19,51.0,1028.0,20704.0,7029.568627450981,Expt2023_011_set5_RPE-1-p21-GFP-PCNA-mRuby_200k_6days-GFP-CENPC-CENPA-DAPI-5_R3D_D3D-1-mitosis-CENP-C(particle)0007.tif,2323.153846153846,369.87,468.0,8626.0,3155.529411764706,Expt2023_011_set5_RPE-1-p21-GFP-PCNA-mRuby_200k_6days-GFP-CENPC-CENPA-DAPI-5_R3D_D3D-1-mitosis-CENP-A(mask)0007.tif,1068.68156424581,211.9775
7_20,12.0,765.0,5495.0,2866.5,Expt2023_011_set5_RPE-1-p21-GFP-PCNA-mRuby_200k_6days-GFP-CENPC-CENPA-DAPI-5_R3D_D3D-1-mitosis-CENP-C(particle)0007.tif,2323.153846153846,369.87,1949.0,4144.0,2701.6666666666665,Expt2023_011_set5_RPE-1-p21-GFP-PCNA-mRuby_200k_6days-GFP-CENPC-CENPA-DAPI-5_R3D_D3D-1-mitosis-CENP-A(mask)0007.tif,1068.68156424581,211.9775
7_21,9.0,906.0,5938.0,3422.3333333333335,Expt2023_011_set5_RPE-1-p21-GFP-PCNA-mRuby_200k_6days-GFP-CENPC-CENPA-DAPI-5_R3D_D3D-1-mitosis-CENP-C(particle)0007.tif,2323.153846153846,369.87,939.0,2931.0,1904.888888888889,Expt2023_011_set5_RPE-1-p21-GFP-PCNA-mRuby_200k_6days-GFP-CENPC-CENPA-DAPI-5_R3D_D3D-1-mitosis-CENP-A(mask)0007.tif,1068.68156424581,211.9775
7_22,13.0,1341.0,9005.0,4205.0,Expt2023_011_set5_RPE-1-p21-GFP-PCNA-mRuby_200k_6days-GFP-CENPC-CENPA-DAPI-5_R3D_D3D-1-mitosis-CENP-C(particle)0007.tif,2323.153846153846,369.87,874.0,5162.0,2828.923076923077,Expt2023_011_set5_RPE-1-p21-GFP-PCNA-mRuby_200k_6days-GFP-CENPC-CENPA-DAPI-5_R3D_D3D-1-mitosis-CENP-A(mask)0007.tif,1068.68156424581,211.9775
7_23,21.0,1881.0,8306.0,4335.142857142857,Expt2023_011_set5_RPE-1-p21-GFP-PCNA-mRuby_200k_6days-GFP-CENPC-CENPA-DAPI-5_R3D_D3D-1-mitosis-CENP-C(particle)0007.tif,2323.153846153846,369.87,780.0,5139.0,2481.809523809524,Expt2023_011_set5_RPE-1-p21-GFP-PCNA-mRuby_200k_6days-GFP-CENPC-CENPA-DAPI-5_R3D_D3D-1-mitosis-CENP-A(mask)0007.tif,1068.68156424581,211.9775
7_24,20.0,1286.0,9502.0,4487.5,Expt2023_011_set5_RPE-1-p21-GFP-PCNA-mRuby_200k_6days-GFP-CENPC-CENPA-DAPI-5_R3D_D3D-1-mitosis-CENP-C(particle)0007.tif,2323.153846153846,369.87,1003.0,5638.0,2707.6,Expt2023_011_set5_RPE-1-p21-GFP-PCNA-mRuby_200k_6days-GFP-CENPC-CENPA-DAPI-5_R3D_D3D-1-mitosis-CENP-A(mask)0007.tif,1068.68156424581,211.9775
7_25,22.0,265.0,7258.0,2391.181818181818,Expt2023_011_set5_RPE-1-p21-GFP-PCNA-mRuby_200k_6days-GFP-CENPC-CENPA-DAPI-5_R3D_D3D-1-mitosis-CENP-C(particle)0007.tif,2323.153846153846,369.87,580.0,4826.0,2176.2727272727275,Expt2023_011_set5_RPE-1-p21-GFP-PCNA-mRuby_200k_6days-GFP-CENPC-CENPA-DAPI-5_R3D_D3D-1-mitosis-CENP-A(mask)0007.tif,1068.68156424581,211.9775
7_26,24.0,1464.0,11207.0,5822.875,Expt2023_011_set5_RPE-1-p21-GFP-PCNA-mRuby_200k_6days-GFP-CENPC-CENPA-DAPI-5_R3D_D3D-1-mitosis-CENP-C(particle)0007.tif,2323.153846153846,369.87,619.0,5946.0,2756.0833333333335,Expt2023_011_set5_RPE-1-p21-GFP-PCNA-mRuby_200k_6days-GFP-CENPC-CENPA-DAPI-5_R3D_D3D-1-mitosis-CENP-A(mask)0007.tif,1068.68156424581,211.9775
7_27,8.0,2346.0,16981.0,8160.875,Expt2023_011_set5_RPE-1-p21-GFP-PCNA-mRuby_200k_6days-GFP-CENPC-CENPA-DAPI-5_R3D_D3D-1-mitosis-CENP-C(particle)0007.tif,2323.153846153846,369.87,920.0,3790.0,2180.5,Expt2023_011_set5_RPE-1-p21-GFP-PCNA-mRuby_200k_6days-GFP-CENPC-CENPA-DAPI-5_R3D_D3D-1-mitosis-CENP-A(mask)0007.tif,1068.68156424581,211.9775
7_28,21.0,795.0,8414.0,3876.2380952380954,Expt2023_011_set5_RPE-1-p21-GFP-PCNA-mRuby_200k_6days-GFP-CENPC-CENPA-DAPI-5_R3D_D3D-1-mitosis-CENP-C(particle)0007.tif,2323.153846153846,369.87,965.0,5448.0,2512.9523809523807,Expt2023_011_set5_RPE-1-p21-GFP-PCNA-mRuby_200k_6days-GFP-CENPC-CENPA-DAPI-5_R3D_D3D-1-mitosis-CENP-A(mask)0007.tif,1068.68156424581,211.9775
7_29,53.0,978.0,16459.0,6613.811320754717,Expt2023_011_set5_RPE-1-p21-GFP-PCNA-mRuby_200k_6days-GFP-CENPC-CENPA-DAPI-5_R3D_D3D-1-mitosis-CENP-C(particle)0007.tif,2323.153846153846,369.87,620.0,9999.0,2935.264150943396,Expt2023_011_set5_RPE-1-p21-GFP-PCNA-mRuby_200k_6days-GFP-CENPC-CENPA-DAPI-5_R3D_D3D-1-mitosis-CENP-A(mask)0007.tif,1068.68156424581,211.9775
7_30,8.0,1187.0,11391.0,5069.375,Expt2023_011_set5_RPE-1-p21-GFP-PCNA-mRuby_200k_6days-GFP-CENPC-CENPA-DAPI-5_R3D_D3D-1-mitosis-CENP-C(particle)0007.tif,2323.153846153846,369.87,795.0,4540.0,2078.75,Expt2023_011_set5_RPE-1-p21-GFP-PCNA-mRuby_200k_6days-GFP-CENPC-CENPA-DAPI-5_R3D_D3D-1-mitosis-CENP-A(mask)0007.tif,1068.68156424581,211.9775
9_1,14.0,1603.0,6809.0,4117.357142857143,Expt2023_011_set5_RPE-1-p21-GFP-PCNA-mRuby_200k_6days-GFP-CENPC-CENPA-DAPI-5_R3D_D3D-1-mitosis-CENP-C(particle)0009.tif,4687.056603773585,179.71,1015.0,5489.0,3210.3571428571427,Expt2023_011_set5_RPE-1-p21-GFP-PCNA-mRuby_200k_6days-GFP-CENPC-CENPA-DAPI-5_R3D_D3D-1-mitosis-CENP-A(mask)0009.tif,1657.2080536912752,130.2775
9_2,19.0,3838.0,23827.0,12415.526315789473,Expt2023_011_set5_RPE-1-p21-GFP-PCNA-mRuby_200k_6days-GFP-CENPC-CENPA-DAPI-5_R3D_D3D-1-mitosis-CENP-C(particle)0009.tif,4687.056603773585,179.71,1192.0,7629.0,3768.842105263158,Expt2023_011_set5_RPE-1-p21-GFP-PCNA-mRuby_200k_6days-GFP-CENPC-CENPA-DAPI-5_R3D_D3D-1-mitosis-CENP-A(mask)0009.tif,1657.2080536912752,130.2775
9_3,32.0,1260.0,29507.0,10391.625,Expt2023_011_set5_RPE-1-p21-GFP-PCNA-mRuby_200k_6days-GFP-CENPC-CENPA-DAPI-5_R3D_D3D-1-mitosis-CENP-C(particle)0009.tif,4687.056603773585,179.71,806.0,10657.0,3737.3125,Expt2023_011_set5_RPE-1-p21-GFP-PCNA-mRuby_200k_6days-GFP-CENPC-CENPA-DAPI-5_R3D_D3D-1-mitosis-CENP-A(mask)0009.tif,1657.2080536912752,130.2775
9_4,19.0,901.0,13956.0,5603.421052631579,Expt2023_011_set5_RPE-1-p21-GFP-PCNA-mRuby_200k_6days-GFP-CENPC-CENPA-DAPI-5_R3D_D3D-1-mitosis-CENP-C(particle)0009.tif,4687.056603773585,179.71,891.0,7305.0,3433.0526315789475,Expt2023_011_set5_RPE-1-p21-GFP-PCNA-mRuby_200k_6days-GFP-CENPC-CENPA-DAPI-5_R3D_D3D-1-mitosis-CENP-A(mask)0009.tif,1657.2080536912752,130.2775
9_5,16.0,4492.0,26453.0,12019.875,Expt2023_011_set5_RPE-1-p21-GFP-PCNA-mRuby_200k_6days-GFP-CENPC-CENPA-DAPI-5_R3D_D3D-1-mitosis-CENP-C(particle)0009.tif,4687.056603773585,179.71,1128.0,9415.0,3916.3125,Expt2023_011_set5_RPE-1-p21-GFP-PCNA-mRuby_200k_6days-GFP-CENPC-CENPA-DAPI-5_R3D_D3D-1-mitosis-CENP-A(mask)0009.tif,1657.2080536912752,130.2775
9_6,26.0,583.0,15417.0,6165.115384615385,Expt2023_011_set5_RPE-1-p21-GFP-PCNA-mRuby_200k_6days-GFP-CENPC-CENPA-DAPI-5_R3D_D3D-1-mitosis-CENP-C(particle)0009.tif,4687.056603773585,179.71,501.0,9766.0,3115.5384615384614,Expt2023_011_set5_RPE-1-p21-GFP-PCNA-mRuby_200k_6days-GFP-CENPC-CENPA-DAPI-5_R3D_D3D-1-mitosis-CENP-A(mask)0009.tif,1657.2080536912752,130.2775
9_7,16.0,1647.0,25355.0,9987.8125,Expt2023_011_set5_RPE-1-p21-GFP-PCNA-mRuby_200k_6days-GFP-CENPC-CENPA-DAPI-5_R3D_D3D-1-mitosis-CENP-C(particle)0009.tif,4687.056603773585,179.71,1063.0,6145.0,2869.625,Expt2023_011_set5_RPE-1-p21-GFP-PCNA-mRuby_200k_6days-GFP-CENPC-CENPA-DAPI-5_R3D_D3D-1-mitosis-CENP-A(mask)0009.tif,1657.2080536912752,130.2775
9_8,17.0,744.0,13153.0,5786.705882352941,Expt2023_011_set5_RPE-1-p21-GFP-PCNA-mRuby_200k_6days-GFP-CENPC-CENPA-DAPI-5_R3D_D3D-1-mitosis-CENP-C(particle)0009.tif,4687.056603773585,179.71,906.0,6800.0,3264.6470588235293,Expt2023_011_set5_RPE-1-p21-GFP-PCNA-mRuby_200k_6days-GFP-CENPC-CENPA-DAPI-5_R3D_D3D-1-mitosis-CENP-A(mask)0009.tif,1657.2080536912752,130.2775
9_9,16.0,3391.0,17634.0,9027.5625,Expt2023_011_set5_RPE-1-p21-GFP-PCNA-mRuby_200k_6days-GFP-CENPC-CENPA-DAPI-5_R3D_D3D-1-mitosis-CENP-C(particle)0009.tif,4687.056603773585,179.71,1177.0,7904.0,4303.0625,Expt2023_011_set5_RPE-1-p21-GFP-PCNA-mRuby_200k_6days-GFP-CENPC-CENPA-DAPI-5_R3D_D3D-1-mitosis-CENP-A(mask)0009.tif,1657.2080536912752,130.2775
9_10,26.0,1914.0,17924.0,7244.115384615385,Expt2023_011_set5_RPE-1-p21-GFP-PCNA-mRuby_200k_6days-GFP-CENPC-CENPA-DAPI-5_R3D_D3D-1-mitosis-CENP-C(particle)0009.tif,4687.056603773585,179.71,877.0,11259.0,3859.1923076923076,Expt2023_011_set5_RPE-1-p21-GFP-PCNA-mRuby_200k_6days-GFP-CENPC-CENPA-DAPI-5_R3D_D3D-1-mitosis-CENP-A(mask)0009.tif,1657.2080536912752,130.2775
9_11,13.0,2390.0,19397.0,9095.615384615385,Expt2023_011_set5_RPE-1-p21-GFP-PCNA-mRuby_200k_6days-GFP-CENPC-CENPA-DAPI-5_R3D_D3D-1-mitosis-CENP-C(particle)0009.tif,4687.056603773585,179.71,1059.0,6793.0,3587.0,Expt2023_011_set5_RPE-1-p21-GFP-PCNA-mRuby_200k_6days-GFP-CENPC-CENPA-DAPI-5_R3D_D3D-1-mitosis-CENP-A(mask)0009.tif,1657.2080536912752,130.2775
9_12,27.0,964.0,30978.0,9587.222222222223,Expt2023_011_set5_RPE-1-p21-GFP-PCNA-mRuby_200k_6days-GFP-CENPC-CENPA-DAPI-5_R3D_D3D-1-mitosis-CENP-C(particle)0009.tif,4687.056603773585,179.71,440.0,13605.0,3990.703703703704,Expt2023_011_set5_RPE-1-p21-GFP-PCNA-mRuby_200k_6days-GFP-CENPC-CENPA-DAPI-5_R3D_D3D-1-mitosis-CENP-A(mask)0009.tif,1657.2080536912752,130.2775
9_13,5.0,9821.0,22422.0,17001.6,Expt2023_011_set5_RPE-1-p21-GFP-PCNA-mRuby_200k_6days-GFP-CENPC-CENPA-DAPI-5_R3D_D3D-1-mitosis-CENP-C(particle)0009.tif,4687.056603773585,179.71,2334.0,5003.0,3790.6,Expt2023_011_set5_RPE-1-p21-GFP-PCNA-mRuby_200k_6days-GFP-CENPC-CENPA-DAPI-5_R3D_D3D-1-mitosis-CENP-A(mask)0009.tif,1657.2080536912752,130.2775
9_14,19.0,2700.0,32758.0,11516.368421052632,Expt2023_011_set5_RPE-1-p21-GFP-PCNA-mRuby_200k_6days-GFP-CENPC-CENPA-DAPI-5_R3D_D3D-1-mitosis-CENP-C(particle)0009.tif,4687.056603773585,179.71,662.0,7252.0,3164.7368421052633,Expt2023_011_set5_RPE-1-p21-GFP-PCNA-mRuby_200k_6days-GFP-CENPC-CENPA-DAPI-5_R3D_D3D-1-mitosis-CENP-A(mask)0009.tif,1657.2080536912752,130.2775
9_15,27.0,1423.0,20564.0,7824.185185185185,Expt2023_011_set5_RPE-1-p21-GFP-PCNA-mRuby_200k_6days-GFP-CENPC-CENPA-DAPI-5_R3D_D3D-1-mitosis-CENP-C(particle)0009.tif,4687.056603773585,179.71,612.0,9845.0,3152.4814814814813,Expt2023_011_set5_RPE-1-p21-GFP-PCNA-mRuby_200k_6days-GFP-CENPC-CENPA-DAPI-5_R3D_D3D-1-mitosis-CENP-A(mask)0009.tif,1657.2080536912752,130.2775
9_16,34.0,2023.0,24021.0,9150.79411764706,Expt2023_011_set5_RPE-1-p21-GFP-PCNA-mRuby_200k_6days-GFP-CENPC-CENPA-DAPI-5_R3D_D3D-1-mitosis-CENP-C(particle)0009.tif,4687.056603773585,179.71,525.0,13967.0,4472.764705882353,Expt2023_011_set5_RPE-1-p21-GFP-PCNA-mRuby_200k_6days-GFP-CENPC-CENPA-DAPI-5_R3D_D3D-1-mitosis-CENP-A(mask)0009.tif,1657.2080536912752,130.2775
9_17,24.0,2131.0,29563.0,10639.75,Expt2023_011_set5_RPE-1-p21-GFP-PCNA-mRuby_200k_6days-GFP-CENPC-CENPA-DAPI-5_R3D_D3D-1-mitosis-CENP-C(particle)0009.tif,4687.056603773585,179.71,863.0,7411.0,3230.5416666666665,Expt2023_011_set5_RPE-1-p21-GFP-PCNA-mRuby_200k_6days-GFP-CENPC-CENPA-DAPI-5_R3D_D3D-1-mitosis-CENP-A(mask)0009.tif,1657.2080536912752,130.2775
9_18,25.0,1081.0,13975.0,6437.4,Expt2023_011_set5_RPE-1-p21-GFP-PCNA-mRuby_200k_6days-GFP-CENPC-CENPA-DAPI-5_R3D_D3D-1-mitosis-CENP-C(particle)0009.tif,4687.056603773585,179.71,480.0,8705.0,3548.96,Expt2023_011_set5_RPE-1-p21-GFP-PCNA-mRuby_200k_6days-GFP-CENPC-CENPA-DAPI-5_R3D_D3D-1-mitosis-CENP-A(mask)0009.tif,1657.2080536912752,130.2775
9_19,27.0,1418.0,19133.0,7505.111111111111,Expt2023_011_set5_RPE-1-p21-GFP-PCNA-mRuby_200k_6days-GFP-CENPC-CENPA-DAPI-5_R3D_D3D-1-mitosis-CENP-C(particle)0009.tif,4687.056603773585,179.71,564.0,10997.0,3882.222222222222,Expt2023_011_set5_RPE-1-p21-GFP-PCNA-mRuby_200k_6days-GFP-CENPC-CENPA-DAPI-5_R3D_D3D-1-mitosis-CENP-A(mask)0009.tif,1657.2080536912752,130.2775
9_20,5.0,3960.0,5163.0,4466.8,Expt2023_011_set5_RPE-1-p21-GFP-PCNA-mRuby_200k_6days-GFP-CENPC-CENPA-DAPI-5_R3D_D3D-1-mitosis-CENP-C(particle)0009.tif,4687.056603773585,179.71,1482.0,4124.0,2887.8,Expt2023_011_set5_RPE-1-p21-GFP-PCNA-mRuby_200k_6days-GFP-CENPC-CENPA-DAPI-5_R3D_D3D-1-mitosis-CENP-A(mask)0009.tif,1657.2080536912752,130.2775
9_21,9.0,4074.0,18570.0,11645.888888888889,Expt2023_011_set5_RPE-1-p21-GFP-PCNA-mRuby_200k_6days-GFP-CENPC-CENPA-DAPI-5_R3D_D3D-1-mitosis-CENP-C(particle)0009.tif,4687.056603773585,179.71,1656.0,6893.0,4185.0,Expt2023_011_set5_RPE-1-p21-GFP-PCNA-mRuby_200k_6days-GFP-CENPC-CENPA-DAPI-5_R3D_D3D-1-mitosis-CENP-A(mask)0009.tif,1657.2080536912752,130.2775
9_22,24.0,2049.0,18674.0,8989.166666666666,Expt2023_011_set5_RPE-1-p21-GFP-PCNA-mRuby_200k_6days-GFP-CENPC-CENPA-DAPI-5_R3D_D3D-1-mitosis-CENP-C(particle)0009.tif,4687.056603773585,179.71,768.0,6536.0,3626.375,Expt2023_011_set5_RPE-1-p21-GFP-PCNA-mRuby_200k_6days-GFP-CENPC-CENPA-DAPI-5_R3D_D3D-1-mitosis-CENP-A(mask)0009.tif,1657.2080536912752,130.2775
9_23,24.0,3625.0,34189.0,13505.958333333334,Expt2023_011_set5_RPE-1-p21-GFP-PCNA-mRuby_200k_6days-GFP-CENPC-CENPA-DAPI-5_R3D_D3D-1-mitosis-CENP-C(particle)0009.tif,4687.056603773585,179.71,896.0,7694.0,3265.2916666666665,Expt2023_011_set5_RPE-1-p21-GFP-PCNA-mRuby_200k_6days-GFP-CENPC-CENPA-DAPI-5_R3D_D3D-1-mitosis-CENP-A(mask)0009.tif,1657.2080536912752,130.2775
9_24,13.0,890.0,13100.0,5624.846153846154,Expt2023_011_set5_RPE-1-p21-GFP-PCNA-mRuby_200k_6days-GFP-CENPC-CENPA-DAPI-5_R3D_D3D-1-mitosis-CENP-C(particle)0009.tif,4687.056603773585,179.71,472.0,6575.0,3043.076923076923,Expt2023_011_set5_RPE-1-p21-GFP-PCNA-mRuby_200k_6days-GFP-CENPC-CENPA-DAPI-5_R3D_D3D-1-mitosis-CENP-A(mask)0009.tif,1657.2080536912752,130.2775
9_25,16.0,869.0,12235.0,5196.25,Expt2023_011_set5_RPE-1-p21-GFP-PCNA-mRuby_200k_6days-GFP-CENPC-CENPA-DAPI-5_R3D_D3D-1-mitosis-CENP-C(particle)0009.tif,4687.056603773585,179.71,948.0,6250.0,3135.3125,Expt2023_011_set5_RPE-1-p21-GFP-PCNA-mRuby_200k_6days-GFP-CENPC-CENPA-DAPI-5_R3D_D3D-1-mitosis-CENP-A(mask)0009.tif,1657.2080536912752,130.2775
9_26,13.0,2277.0,19907.0,9255.307692307691,Expt2023_011_set5_RPE-1-p21-GFP-PCNA-mRuby_200k_6days-GFP-CENPC-CENPA-DAPI-5_R3D_D3D-1-mitosis-CENP-C(particle)0009.tif,4687.056603773585,179.71,792.0,8055.0,3891.0,Expt2023_011_set5_RPE-1-p21-GFP-PCNA-mRuby_200k_6days-GFP-CENPC-CENPA-DAPI-5_R3D_D3D-1-mitosis-CENP-A(mask)0009.tif,1657.2080536912752,130.2775
9_27,16.0,3003.0,20988.0,9965.4375,Expt2023_011_set5_RPE-1-p21-GFP-PCNA-mRuby_200k_6days-GFP-CENPC-CENPA-DAPI-5_R3D_D3D-1-mitosis-CENP-C(particle)0009.tif,4687.056603773585,179.71,891.0,7278.0,3487.0,Expt2023_011_set5_RPE-1-p21-GFP-PCNA-mRuby_200k_6days-GFP-CENPC-CENPA-DAPI-5_R3D_D3D-1-mitosis-CENP-A(mask)0009.tif,1657.2080536912752,130.2775
9_28,9.0,2089.0,29154.0,14418.888888888889,Expt2023_011_set5_RPE-1-p21-GFP-PCNA-mRuby_200k_6days-GFP-CENPC-CENPA-DAPI-5_R3D_D3D-1-mitosis-CENP-C(particle)0009.tif,4687.056603773585,179.71,1624.0,6382.0,3738.222222222222,Expt2023_011_set5_RPE-1-p21-GFP-PCNA-mRuby_200k_6days-GFP-CENPC-CENPA-DAPI-5_R3D_D3D-1-mitosis-CENP-A(mask)0009.tif,1657.2080536912752,130.2775
9_29,23.0,1985.0,20683.0,8772.95652173913,Expt2023_011_set5_RPE-1-p21-GFP-PCNA-mRuby_200k_6days-GFP-CENPC-CENPA-DAPI-5_R3D_D3D-1-mitosis-CENP-C(particle)0009.tif,4687.056603773585,179.71,578.0,8672.0,3424.6521739130435,Expt2023_011_set5_RPE-1-p21-GFP-PCNA-mRuby_200k_6days-GFP-CENPC-CENPA-DAPI-5_R3D_D3D-1-mitosis-CENP-A(mask)0009.tif,1657.2080536912752,130.2775
9_30,18.0,2099.0,21375.0,9894.277777777777,Expt2023_011_set5_RPE-1-p21-GFP-PCNA-mRuby_200k_6days-GFP-CENPC-CENPA-DAPI-5_R3D_D3D-1-mitosis-CENP-C(particle)0009.tif,4687.056603773585,179.71,892.0,10512.0,4051.0555555555557,Expt2023_011_set5_RPE-1-p21-GFP-PCNA-mRuby_200k_6days-GFP-CENPC-CENPA-DAPI-5_R3D_D3D-1-mitosis-CENP-A(mask)0009.tif,1657.2080536912752,130.2775
9_31,15.0,2297.0,26136.0,11525.466666666667,Expt2023_011_set5_RPE-1-p21-GFP-PCNA-mRuby_200k_6days-GFP-CENPC-CENPA-DAPI-5_R3D_D3D-1-mitosis-CENP-C(particle)0009.tif,4687.056603773585,179.71,902.0,7415.0,3388.266666666667,Expt2023_011_set5_RPE-1-p21-GFP-PCNA-mRuby_200k_6days-GFP-CENPC-CENPA-DAPI-5_R3D_D3D-1-mitosis-CENP-A(mask)0009.tif,1657.2080536912752,130.2775
9_32,39.0,957.0,18668.0,7218.410256410257,Expt2023_011_set5_RPE-1-p21-GFP-PCNA-mRuby_200k_6days-GFP-CENPC-CENPA-DAPI-5_R3D_D3D-1-mitosis-CENP-C(particle)0009.tif,4687.056603773585,179.71,671.0,9306.0,3394.6153846153848,Expt2023_011_set5_RPE-1-p21-GFP-PCNA-mRuby_200k_6days-GFP-CENPC-CENPA-DAPI-5_R3D_D3D-1-mitosis-CENP-A(mask)0009.tif,1657.2080536912752,130.2775
9_33,20.0,1080.0,10167.0,5268.7,Expt2023_011_set5_RPE-1-p21-GFP-PCNA-mRuby_200k_6days-GFP-CENPC-CENPA-DAPI-5_R3D_D3D-1-mitosis-CENP-C(particle)0009.tif,4687.056603773585,179.71,923.0,6209.0,2839.85,Expt2023_011_set5_RPE-1-p21-GFP-PCNA-mRuby_200k_6days-GFP-CENPC-CENPA-DAPI-5_R3D_D3D-1-mitosis-CENP-A(mask)0009.tif,1657.2080536912752,130.2775
9_34,39.0,2213.0,28605.0,9425.564102564103,Expt2023_011_set5_RPE-1-p21-GFP-PCNA-mRuby_200k_6days-GFP-CENPC-CENPA-DAPI-5_R3D_D3D-1-mitosis-CENP-C(particle)0009.tif,4687.056603773585,179.71,645.0,11415.0,3766.923076923077,Expt2023_011_set5_RPE-1-p21-GFP-PCNA-mRuby_200k_6days-GFP-CENPC-CENPA-DAPI-5_R3D_D3D-1-mitosis-CENP-A(mask)0009.tif,1657.2080536912752,130.2775
9_35,52.0,889.0,29056.0,8548.865384615385,Expt2023_011_set5_RPE-1-p21-GFP-PCNA-mRuby_200k_6days-GFP-CENPC-CENPA-DAPI-5_R3D_D3D-1-mitosis-CENP-C(particle)0009.tif,4687.056603773585,179.71,478.0,12077.0,3939.480769230769,Expt2023_011_set5_RPE-1-p21-GFP-PCNA-mRuby_200k_6days-GFP-CENPC-CENPA-DAPI-5_R3D_D3D-1-mitosis-CENP-A(mask)0009.tif,1657.2080536912752,130.2775
9_36,26.0,1519.0,30848.0,10286.923076923076,Expt2023_011_set5_RPE-1-p21-GFP-PCNA-mRuby_200k_6days-GFP-CENPC-CENPA-DAPI-5_R3D_D3D-1-mitosis-CENP-C(particle)0009.tif,4687.056603773585,179.71,827.0,8702.0,3103.8846153846152,Expt2023_011_set5_RPE-1-p21-GFP-PCNA-mRuby_200k_6days-GFP-CENPC-CENPA-DAPI-5_R3D_D3D-1-mitosis-CENP-A(mask)0009.tif,1657.2080536912752,130.2775
9_37,18.0,796.0,8209.0,3700.722222222222,Expt2023_011_set5_RPE-1-p21-GFP-PCNA-mRuby_200k_6days-GFP-CENPC-CENPA-DAPI-5_R3D_D3D-1-mitosis-CENP-C(particle)0009.tif,4687.056603773585,179.71,742.0,6081.0,3032.722222222222,Expt2023_011_set5_RPE-1-p21-GFP-PCNA-mRuby_200k_6days-GFP-CENPC-CENPA-DAPI-5_R3D_D3D-1-mitosis-CENP-A(mask)0009.tif,1657.2080536912752,130.2775
12_1,13.0,4397.0,20523.0,11073.461538461539,Expt2023_011_set5_RPE-1-p21-GFP-PCNA-mRuby_200k_6days-GFP-CENPC-CENPA-DAPI-5_R3D_D3D-1-mitosis-CENP-C(particle)0012.tif,3051.4,212.475,1293.0,4127.0,2602.6153846153848,Expt2023_011_set5_RPE-1-p21-GFP-PCNA-mRuby_200k_6days-GFP-CENPC-CENPA-DAPI-5_R3D_D3D-1-mitosis-CENP-A(mask)0012.tif,1026.9806629834254,143.1975
12_2,38.0,378.0,7967.0,3642.0263157894738,Expt2023_011_set5_RPE-1-p21-GFP-PCNA-mRuby_200k_6days-GFP-CENPC-CENPA-DAPI-5_R3D_D3D-1-mitosis-CENP-C(particle)0012.tif,3051.4,212.475,529.0,6954.0,2515.7631578947367,Expt2023_011_set5_RPE-1-p21-GFP-PCNA-mRuby_200k_6days-GFP-CENPC-CENPA-DAPI-5_R3D_D3D-1-mitosis-CENP-A(mask)0012.tif,1026.9806629834254,143.1975
12_3,29.0,1032.0,28977.0,9995.379310344828,Expt2023_011_set5_RPE-1-p21-GFP-PCNA-mRuby_200k_6days-GFP-CENPC-CENPA-DAPI-5_R3D_D3D-1-mitosis-CENP-C(particle)0012.tif,3051.4,212.475,530.0,10979.0,3656.551724137931,Expt2023_011_set5_RPE-1-p21-GFP-PCNA-mRuby_200k_6days-GFP-CENPC-CENPA-DAPI-5_R3D_D3D-1-mitosis-CENP-A(mask)0012.tif,1026.9806629834254,143.1975
12_4,36.0,2087.0,35378.0,11746.083333333334,Expt2023_011_set5_RPE-1-p21-GFP-PCNA-mRuby_200k_6days-GFP-CENPC-CENPA-DAPI-5_R3D_D3D-1-mitosis-CENP-C(particle)0012.tif,3051.4,212.475,807.0,11209.0,3600.6944444444443,Expt2023_011_set5_RPE-1-p21-GFP-PCNA-mRuby_200k_6days-GFP-CENPC-CENPA-DAPI-5_R3D_D3D-1-mitosis-CENP-A(mask)0012.tif,1026.9806629834254,143.1975
12_5,37.0,892.0,21029.0,8367.0,Expt2023_011_set5_RPE-1-p21-GFP-PCNA-mRuby_200k_6days-GFP-CENPC-CENPA-DAPI-5_R3D_D3D-1-mitosis-CENP-C(particle)0012.tif,3051.4,212.475,516.0,7837.0,3225.0,Expt2023_011_set5_RPE-1-p21-GFP-PCNA-mRuby_200k_6days-GFP-CENPC-CENPA-DAPI-5_R3D_D3D-1-mitosis-CENP-A(mask)0012.tif,1026.9806629834254,143.1975
12_6,45.0,1621.0,24269.0,8151.288888888889,Expt2023_011_set5_RPE-1-p21-GFP-PCNA-mRuby_200k_6days-GFP-CENPC-CENPA-DAPI-5_R3D_D3D-1-mitosis-CENP-C(particle)0012.tif,3051.4,212.475,507.0,8152.0,3404.1111111111113,Expt2023_011_set5_RPE-1-p21-GFP-PCNA-mRuby_200k_6days-GFP-CENPC-CENPA-DAPI-5_R3D_D3D-1-mitosis-CENP-A(mask)0012.tif,1026.9806629834254,143.1975
12_7,51.0,1239.0,26871.0,7597.490196078431,Expt2023_011_set5_RPE-1-p21-GFP-PCNA-mRuby_200k_6days-GFP-CENPC-CENPA-DAPI-5_R3D_D3D-1-mitosis-CENP-C(particle)0012.tif,3051.4,212.475,471.0,10416.0,3253.156862745098,Expt2023_011_set5_RPE-1-p21-GFP-PCNA-mRuby_200k_6days-GFP-CENPC-CENPA-DAPI-5_R3D_D3D-1-mitosis-CENP-A(mask)0012.tif,1026.9806629834254,143.1975
12_8,43.0,1356.0,27118.0,7846.930232558139,Expt2023_011_set5_RPE-1-p21-GFP-PCNA-mRuby_200k_6days-GFP-CENPC-CENPA-DAPI-5_R3D_D3D-1-mitosis-CENP-C(particle)0012.tif,3051.4,212.475,693.0,9257.0,3023.6744186046512,Expt2023_011_set5_RPE-1-p21-GFP-PCNA-mRuby_200k_6days-GFP-CENPC-CENPA-DAPI-5_R3D_D3D-1-mitosis-CENP-A(mask)0012.tif,1026.9806629834254,143.1975
12_9,37.0,1223.0,17703.0,8185.4324324324325,Expt2023_011_set5_RPE-1-p21-GFP-PCNA-mRuby_200k_6days-GFP-CENPC-CENPA-DAPI-5_R3D_D3D-1-mitosis-CENP-C(particle)0012.tif,3051.4,212.475,301.0,9907.0,3288.3513513513512,Expt2023_011_set5_RPE-1-p21-GFP-PCNA-mRuby_200k_6days-GFP-CENPC-CENPA-DAPI-5_R3D_D3D-1-mitosis-CENP-A(mask)0012.tif,1026.9806629834254,143.1975
12_10,19.0,2150.0,26166.0,10305.105263157895,Expt2023_011_set5_RPE-1-p21-GFP-PCNA-mRuby_200k_6days-GFP-CENPC-CENPA-DAPI-5_R3D_D3D-1-mitosis-CENP-C(particle)0012.tif,3051.4,212.475,844.0,6381.0,2847.0526315789475,Expt2023_011_set5_RPE-1-p21-GFP-PCNA-mRuby_200k_6days-GFP-CENPC-CENPA-DAPI-5_R3D_D3D-1-mitosis-CENP-A(mask)0012.tif,1026.9806629834254,143.1975
12_11,30.0,1302.0,30001.0,10907.833333333334,Expt2023_011_set5_RPE-1-p21-GFP-PCNA-mRuby_200k_6days-GFP-CENPC-CENPA-DAPI-5_R3D_D3D-1-mitosis-CENP-C(particle)0012.tif,3051.4,212.475,951.0,7582.0,3304.766666666667,Expt2023_011_set5_RPE-1-p21-GFP-PCNA-mRuby_200k_6days-GFP-CENPC-CENPA-DAPI-5_R3D_D3D-1-mitosis-CENP-A(mask)0012.tif,1026.9806629834254,143.1975
12_12,17.0,2759.0,23353.0,11464.176470588236,Expt2023_011_set5_RPE-1-p21-GFP-PCNA-mRuby_200k_6days-GFP-CENPC-CENPA-DAPI-5_R3D_D3D-1-mitosis-CENP-C(particle)0012.tif,3051.4,212.475,1326.0,5759.0,3214.8823529411766,Expt2023_011_set5_RPE-1-p21-GFP-PCNA-mRuby_200k_6days-GFP-CENPC-CENPA-DAPI-5_R3D_D3D-1-mitosis-CENP-A(mask)0012.tif,1026.9806629834254,143.1975
12_13,16.0,4711.0,17145.0,9958.4375,Expt2023_011_set5_RPE-1-p21-GFP-PCNA-mRuby_200k_6days-GFP-CENPC-CENPA-DAPI-5_R3D_D3D-1-mitosis-CENP-C(particle)0012.tif,3051.4,212.475,1387.0,5219.0,3109.3125,Expt2023_011_set5_RPE-1-p21-GFP-PCNA-mRuby_200k_6days-GFP-CENPC-CENPA-DAPI-5_R3D_D3D-1-mitosis-CENP-A(mask)0012.tif,1026.9806629834254,143.1975
12_14,25.0,1452.0,19757.0,7844.88,Expt2023_011_set5_RPE-1-p21-GFP-PCNA-mRuby_200k_6days-GFP-CENPC-CENPA-DAPI-5_R3D_D3D-1-mitosis-CENP-C(particle)0012.tif,3051.4,212.475,737.0,10609.0,3310.72,Expt2023_011_set5_RPE-1-p21-GFP-PCNA-mRuby_200k_6days-GFP-CENPC-CENPA-DAPI-5_R3D_D3D-1-mitosis-CENP-A(mask)0012.tif,1026.9806629834254,143.1975
12_15,9.0,866.0,8281.0,4724.222222222223,Expt2023_011_set5_RPE-1-p21-GFP-PCNA-mRuby_200k_6days-GFP-CENPC-CENPA-DAPI-5_R3D_D3D-1-mitosis-CENP-C(particle)0012.tif,3051.4,212.475,1215.0,5520.0,3056.222222222222,Expt2023_011_set5_RPE-1-p21-GFP-PCNA-mRuby_200k_6days-GFP-CENPC-CENPA-DAPI-5_R3D_D3D-1-mitosis-CENP-A(mask)0012.tif,1026.9806629834254,143.1975
12_16,13.0,1250.0,4881.0,2779.076923076923,Expt2023_011_set5_RPE-1-p21-GFP-PCNA-mRuby_200k_6days-GFP-CENPC-CENPA-DAPI-5_R3D_D3D-1-mitosis-CENP-C(particle)0012.tif,3051.4,212.475,1187.0,4355.0,2678.0,Expt2023_011_set5_RPE-1-p21-GFP-PCNA-mRuby_200k_6days-GFP-CENPC-CENPA-DAPI-5_R3D_D3D-1-mitosis-CENP-A(mask)0012.tif,1026.9806629834254,143.1975
12_17,43.0,1100.0,25632.0,10840.186046511628,Expt2023_011_set5_RPE-1-p21-GFP-PCNA-mRuby_200k_6days-GFP-CENPC-CENPA-DAPI-5_R3D_D3D-1-mitosis-CENP-C(particle)0012.tif,3051.4,212.475,881.0,11428.0,4187.046511627907,Expt2023_011_set5_RPE-1-p21-GFP-PCNA-mRuby_200k_6days-GFP-CENPC-CENPA-DAPI-5_R3D_D3D-1-mitosis-CENP-A(mask)0012.tif,1026.9806629834254,143.1975
12_18,22.0,302.0,9439.0,3685.5454545454545,Expt2023_011_set5_RPE-1-p21-GFP-PCNA-mRuby_200k_6days-GFP-CENPC-CENPA-DAPI-5_R3D_D3D-1-mitosis-CENP-C(particle)0012.tif,3051.4,212.475,418.0,6988.0,2687.318181818182,Expt2023_011_set5_RPE-1-p21-GFP-PCNA-mRuby_200k_6days-GFP-CENPC-CENPA-DAPI-5_R3D_D3D-1-mitosis-CENP-A(mask)0012.tif,1026.9806629834254,143.1975
12_19,5.0,5119.0,15570.0,10463.4,Expt2023_011_set5_RPE-1-p21-GFP-PCNA-mRuby_200k_6days-GFP-CENPC-CENPA-DAPI-5_R3D_D3D-1-mitosis-CENP-C(particle)0012.tif,3051.4,212.475,1908.0,3430.0,2758.8,Expt2023_011_set5_RPE-1-p21-GFP-PCNA-mRuby_200k_6days-GFP-CENPC-CENPA-DAPI-5_R3D_D3D-1-mitosis-CENP-A(mask)0012.tif,1026.9806629834254,143.1975
12_20,5.0,3648.0,15530.0,8948.0,Expt2023_011_set5_RPE-1-p21-GFP-PCNA-mRuby_200k_6days-GFP-CENPC-CENPA-DAPI-5_R3D_D3D-1-mitosis-CENP-C(particle)0012.tif,3051.4,212.475,1451.0,4126.0,2731.0,Expt2023_011_set5_RPE-1-p21-GFP-PCNA-mRuby_200k_6days-GFP-CENPC-CENPA-DAPI-5_R3D_D3D-1-mitosis-CENP-A(mask)0012.tif,1026.9806629834254,143.1975
13_1,53.0,664.0,17095.0,5669.471698113208,Expt2023_011_set5_RPE-1-p21-GFP-PCNA-mRuby_200k_6days-GFP-CENPC-CENPA-DAPI-5_R3D_D3D-1-mitosis-CENP-C(particle)0013.tif,2383.2598967297763,265.105,429.0,10305.0,2862.4716981132074,Expt2023_011_set5_RPE-1-p21-GFP-PCNA-mRuby_200k_6days-GFP-CENPC-CENPA-DAPI-5_R3D_D3D-1-mitosis-CENP-A(mask)0013.tif,876.3588907014682,175.2925
13_2,27.0,1246.0,25763.0,9917.518518518518,Expt2023_011_set5_RPE-1-p21-GFP-PCNA-mRuby_200k_6days-GFP-CENPC-CENPA-DAPI-5_R3D_D3D-1-mitosis-CENP-C(particle)0013.tif,2383.2598967297763,265.105,694.0,6033.0,2638.1111111111113,Expt2023_011_set5_RPE-1-p21-GFP-PCNA-mRuby_200k_6days-GFP-CENPC-CENPA-DAPI-5_R3D_D3D-1-mitosis-CENP-A(mask)0013.tif,876.3588907014682,175.2925
13_3,15.0,2503.0,23721.0,12122.933333333332,Expt2023_011_set5_RPE-1-p21-GFP-PCNA-mRuby_200k_6days-GFP-CENPC-CENPA-DAPI-5_R3D_D3D-1-mitosis-CENP-C(particle)0013.tif,2383.2598967297763,265.105,1192.0,4421.0,2805.2,Expt2023_011_set5_RPE-1-p21-GFP-PCNA-mRuby_200k_6days-GFP-CENPC-CENPA-DAPI-5_R3D_D3D-1-mitosis-CENP-A(mask)0013.tif,876.3588907014682,175.2925
13_4,38.0,746.0,26666.0,9135.763157894737,Expt2023_011_set5_RPE-1-p21-GFP-PCNA-mRuby_200k_6days-GFP-CENPC-CENPA-DAPI-5_R3D_D3D-1-mitosis-CENP-C(particle)0013.tif,2383.2598967297763,265.105,415.0,9959.0,3109.8684210526317,Expt2023_011_set5_RPE-1-p21-GFP-PCNA-mRuby_200k_6days-GFP-CENPC-CENPA-DAPI-5_R3D_D3D-1-mitosis-CENP-A(mask)0013.tif,876.3588907014682,175.2925
13_5,38.0,1826.0,20238.0,8932.315789473685,Expt2023_011_set5_RPE-1-p21-GFP-PCNA-mRuby_200k_6days-GFP-CENPC-CENPA-DAPI-5_R3D_D3D-1-mitosis-CENP-C(particle)0013.tif,2383.2598967297763,265.105,852.0,10207.0,3735.3684210526317,Expt2023_011_set5_RPE-1-p21-GFP-PCNA-mRuby_200k_6days-GFP-CENPC-CENPA-DAPI-5_R3D_D3D-1-mitosis-CENP-A(mask)0013.tif,876.3588907014682,175.2925
13_6,57.0,559.0,37765.0,8406.508771929824,Expt2023_011_set5_RPE-1-p21-GFP-PCNA-mRuby_200k_6days-GFP-CENPC-CENPA-DAPI-5_R3D_D3D-1-mitosis-CENP-C(particle)0013.tif,2383.2598967297763,265.105,501.0,10342.0,3277.2280701754385,Expt2023_011_set5_RPE-1-p21-GFP-PCNA-mRuby_200k_6days-GFP-CENPC-CENPA-DAPI-5_R3D_D3D-1-mitosis-CENP-A(mask)0013.tif,876.3588907014682,175.2925
13_7,37.0,2390.0,26229.0,9268.27027027027,Expt2023_011_set5_RPE-1-p21-GFP-PCNA-mRuby_200k_6days-GFP-CENPC-CENPA-DAPI-5_R3D_D3D-1-mitosis-CENP-C(particle)0013.tif,2383.2598967297763,265.105,661.0,6167.0,2640.6486486486488,Expt2023_011_set5_RPE-1-p21-GFP-PCNA-mRuby_200k_6days-GFP-CENPC-CENPA-DAPI-5_R3D_D3D-1-mitosis-CENP-A(mask)0013.tif,876.3588907014682,175.2925
13_8,31.0,1707.0,28038.0,8847.709677419354,Expt2023_011_set5_RPE-1-p21-GFP-PCNA-mRuby_200k_6days-GFP-CENPC-CENPA-DAPI-5_R3D_D3D-1-mitosis-CENP-C(particle)0013.tif,2383.2598967297763,265.105,511.0,7814.0,2901.2580645161293,Expt2023_011_set5_RPE-1-p21-GFP-PCNA-mRuby_200k_6days-GFP-CENPC-CENPA-DAPI-5_R3D_D3D-1-mitosis-CENP-A(mask)0013.tif,876.3588907014682,175.2925
13_9,61.0,1249.0,30776.0,7651.88524590164,Expt2023_011_set5_RPE-1-p21-GFP-PCNA-mRuby_200k_6days-GFP-CENPC-CENPA-DAPI-5_R3D_D3D-1-mitosis-CENP-C(particle)0013.tif,2383.2598967297763,265.105,377.0,9421.0,2992.688524590164,Expt2023_011_set5_RPE-1-p21-GFP-PCNA-mRuby_200k_6days-GFP-CENPC-CENPA-DAPI-5_R3D_D3D-1-mitosis-CENP-A(mask)0013.tif,876.3588907014682,175.2925
13_10,62.0,642.0,17532.0,5156.9838709677415,Expt2023_011_set5_RPE-1-p21-GFP-PCNA-mRuby_200k_6days-GFP-CENPC-CENPA-DAPI-5_R3D_D3D-1-mitosis-CENP-C(particle)0013.tif,2383.2598967297763,265.105,478.0,8974.0,2764.1774193548385,Expt2023_011_set5_RPE-1-p21-GFP-PCNA-mRuby_200k_6days-GFP-CENPC-CENPA-DAPI-5_R3D_D3D-1-mitosis-CENP-A(mask)0013.tif,876.3588907014682,175.2925
13_11,42.0,1077.0,29417.0,11251.0,Expt2023_011_set5_RPE-1-p21-GFP-PCNA-mRuby_200k_6days-GFP-CENPC-CENPA-DAPI-5_R3D_D3D-1-mitosis-CENP-C(particle)0013.tif,2383.2598967297763,265.105,806.0,10769.0,3761.6666666666665,Expt2023_011_set5_RPE-1-p21-GFP-PCNA-mRuby_200k_6days-GFP-CENPC-CENPA-DAPI-5_R3D_D3D-1-mitosis-CENP-A(mask)0013.tif,876.3588907014682,175.2925
14_1,47.0,1496.0,30090.0,9830.31914893617,Expt2023_011_set5_RPE-1-p21-GFP-PCNA-mRuby_200k_6days-GFP-CENPC-CENPA-DAPI-5_R3D_D3D-1-mitosis-CENP-C(particle)0014.tif,2261.5802707930366,336.62,518.0,8181.0,2780.595744680851,Expt2023_011_set5_RPE-1-p21-GFP-PCNA-mRuby_200k_6days-GFP-CENPC-CENPA-DAPI-5_R3D_D3D-1-mitosis-CENP-A(mask)0014.tif,722.4538878842676,192.66
14_2,25.0,2104.0,25074.0,10071.84,Expt2023_011_set5_RPE-1-p21-GFP-PCNA-mRuby_200k_6days-GFP-CENPC-CENPA-DAPI-5_R3D_D3D-1-mitosis-CENP-C(particle)0014.tif,2261.5802707930366,336.62,993.0,4362.0,2371.56,Expt2023_011_set5_RPE-1-p21-GFP-PCNA-mRuby_200k_6days-GFP-CENPC-CENPA-DAPI-5_R3D_D3D-1-mitosis-CENP-A(mask)0014.tif,722.4538878842676,192.66
14_3,21.0,3154.0,20994.0,9544.142857142857,Expt2023_011_set5_RPE-1-p21-GFP-PCNA-mRuby_200k_6days-GFP-CENPC-CENPA-DAPI-5_R3D_D3D-1-mitosis-CENP-C(particle)0014.tif,2261.5802707930366,336.62,1179.0,4848.0,2658.6666666666665,Expt2023_011_set5_RPE-1-p21-GFP-PCNA-mRuby_200k_6days-GFP-CENPC-CENPA-DAPI-5_R3D_D3D-1-mitosis-CENP-A(mask)0014.tif,722.4538878842676,192.66
14_4,35.0,897.0,24982.0,7755.0,Expt2023_011_set5_RPE-1-p21-GFP-PCNA-mRuby_200k_6days-GFP-CENPC-CENPA-DAPI-5_R3D_D3D-1-mitosis-CENP-C(particle)0014.tif,2261.5802707930366,336.62,525.0,11423.0,3487.457142857143,Expt2023_011_set5_RPE-1-p21-GFP-PCNA-mRuby_200k_6days-GFP-CENPC-CENPA-DAPI-5_R3D_D3D-1-mitosis-CENP-A(mask)0014.tif,722.4538878842676,192.66
14_5,32.0,1254.0,28290.0,9493.53125,Expt2023_011_set5_RPE-1-p21-GFP-PCNA-mRuby_200k_6days-GFP-CENPC-CENPA-DAPI-5_R3D_D3D-1-mitosis-CENP-C(particle)0014.tif,2261.5802707930366,336.62,766.0,9941.0,3387.71875,Expt2023_011_set5_RPE-1-p21-GFP-PCNA-mRuby_200k_6days-GFP-CENPC-CENPA-DAPI-5_R3D_D3D-1-mitosis-CENP-A(mask)0014.tif,722.4538878842676,192.66
14_6,55.0,1150.0,24127.0,8097.763636363637,Expt2023_011_set5_RPE-1-p21-GFP-PCNA-mRuby_200k_6days-GFP-CENPC-CENPA-DAPI-5_R3D_D3D-1-mitosis-CENP-C(particle)0014.tif,2261.5802707930366,336.62,567.0,11119.0,3186.836363636364,Expt2023_011_set5_RPE-1-p21-GFP-PCNA-mRuby_200k_6days-GFP-CENPC-CENPA-DAPI-5_R3D_D3D-1-mitosis-CENP-A(mask)0014.tif,722.4538878842676,192.66
15_1,23.0,1829.0,24467.0,9267.130434782608,Expt2023_011_set5_RPE-1-p21-GFP-PCNA-mRuby_200k_6days-GFP-CENPC-CENPA-DAPI-5_R3D_D3D-1-mitosis-CENP-C(particle)0015.tif,1985.3767795001581,385.1025,710.0,4591.0,2131.9565217391305,Expt2023_011_set5_RPE-1-p21-GFP-PCNA-mRuby_200k_6days-GFP-CENPC-CENPA-DAPI-5_R3D_D3D-1-mitosis-CENP-A(mask)0015.tif,722.5832237707074,199.3
15_2,38.0,985.0,32520.0,9118.263157894737,Expt2023_011_set5_RPE-1-p21-GFP-PCNA-mRuby_200k_6days-GFP-CENPC-CENPA-DAPI-5_R3D_D3D-1-mitosis-CENP-C(particle)0015.tif,1985.3767795001581,385.1025,417.0,8479.0,2984.1052631578946,Expt2023_011_set5_RPE-1-p21-GFP-PCNA-mRuby_200k_6days-GFP-CENPC-CENPA-DAPI-5_R3D_D3D-1-mitosis-CENP-A(mask)0015.tif,722.5832237707074,199.3
15_3,26.0,2525.0,19011.0,8043.115384615385,Expt2023_011_set5_RPE-1-p21-GFP-PCNA-mRuby_200k_6days-GFP-CENPC-CENPA-DAPI-5_R3D_D3D-1-mitosis-CENP-C(particle)0015.tif,1985.3767795001581,385.1025,951.0,4359.0,2320.6923076923076,Expt2023_011_set5_RPE-1-p21-GFP-PCNA-mRuby_200k_6days-GFP-CENPC-CENPA-DAPI-5_R3D_D3D-1-mitosis-CENP-A(mask)0015.tif,722.5832237707074,199.3
15_4,31.0,985.0,30187.0,9483.838709677419,Expt2023_011_set5_RPE-1-p21-GFP-PCNA-mRuby_200k_6days-GFP-CENPC-CENPA-DAPI-5_R3D_D3D-1-mitosis-CENP-C(particle)0015.tif,1985.3767795001581,385.1025,629.0,8214.0,3120.3870967741937,Expt2023_011_set5_RPE-1-p21-GFP-PCNA-mRuby_200k_6days-GFP-CENPC-CENPA-DAPI-5_R3D_D3D-1-mitosis-CENP-A(mask)0015.tif,722.5832237707074,199.3
16_1,50.0,287.0,8043.0,3560.52,Expt2023_011_set5_RPE-1-p21-GFP-PCNA-mRuby_200k_6days-GFP-CENPC-CENPA-DAPI-5_R3D_D3D-1-mitosis-CENP-C(particle)0016.tif,1638.9655952919873,424.225,294.0,2445.0,1080.22,Expt2023_011_set5_RPE-1-p21-GFP-PCNA-mRuby_200k_6days-GFP-CENPC-CENPA-DAPI-5_R3D_D3D-1-mitosis-CENP-A(mask)0016.tif,628.3399731423456,208.515
16_2,60.0,562.0,15123.0,4804.833333333333,Expt2023_011_set5_RPE-1-p21-GFP-PCNA-mRuby_200k_6days-GFP-CENPC-CENPA-DAPI-5_R3D_D3D-1-mitosis-CENP-C(particle)0016.tif,1638.9655952919873,424.225,488.0,3575.0,1455.9,Expt2023_011_set5_RPE-1-p21-GFP-PCNA-mRuby_200k_6days-GFP-CENPC-CENPA-DAPI-5_R3D_D3D-1-mitosis-CENP-A(mask)0016.tif,628.3399731423456,208.515
16_3,5.0,1703.0,4578.0,3146.2,Expt2023_011_set5_RPE-1-p21-GFP-PCNA-mRuby_200k_6days-GFP-CENPC-CENPA-DAPI-5_R3D_D3D-1-mitosis-CENP-C(particle)0016.tif,1638.9655952919873,424.225,495.0,1337.0,952.2,Expt2023_011_set5_RPE-1-p21-GFP-PCNA-mRuby_200k_6days-GFP-CENPC-CENPA-DAPI-5_R3D_D3D-1-mitosis-CENP-A(mask)0016.tif,628.3399731423456,208.515
16_4,10.0,1889.0,6536.0,3667.3,Expt2023_011_set5_RPE-1-p21-GFP-PCNA-mRuby_200k_6days-GFP-CENPC-CENPA-DAPI-5_R3D_D3D-1-mitosis-CENP-C(particle)0016.tif,1638.9655952919873,424.225,945.0,1761.0,1315.3,Expt2023_011_set5_RPE-1-p21-GFP-PCNA-mRuby_200k_6days-GFP-CENPC-CENPA-DAPI-5_R3D_D3D-1-mitosis-CENP-A(mask)0016.tif,628.3399731423456,208.515
16_5,5.0,3812.0,7018.0,5295.8,Expt2023_011_set5_RPE-1-p21-GFP-PCNA-mRuby_200k_6days-GFP-CENPC-CENPA-DAPI-5_R3D_D3D-1-mitosis-CENP-C(particle)0016.tif,1638.9655952919873,424.225,775.0,1555.0,1166.6,Expt2023_011_set5_RPE-1-p21-GFP-PCNA-mRuby_200k_6days-GFP-CENPC-CENPA-DAPI-5_R3D_D3D-1-mitosis-CENP-A(mask)0016.tif,628.3399731423456,208.515
16_6,55.0,480.0,12631.0,4469.636363636364,Expt2023_011_set5_RPE-1-p21-GFP-PCNA-mRuby_200k_6days-GFP-CENPC-CENPA-DAPI-5_R3D_D3D-1-mitosis-CENP-C(particle)0016.tif,1638.9655952919873,424.225,524.0,2800.0,1370.4363636363637,Expt2023_011_set5_RPE-1-p21-GFP-PCNA-mRuby_200k_6days-GFP-CENPC-CENPA-DAPI-5_R3D_D3D-1-mitosis-CENP-A(mask)0016.tif,628.3399731423456,208.515
17_1,28.0,612.0,4401.0,1749.9285714285713,Expt2023_011_set5_RPE-1-p21-GFP-PCNA-mRuby_200k_6days-GFP-CENPC-CENPA-DAPI-5_R3D_D3D-1-mitosis-CENP-C(particle)0017.tif,1437.9749649509313,452.1475,375.0,1389.0,782.5357142857143,Expt2023_011_set5_RPE-1-p21-GFP-PCNA-mRuby_200k_6days-GFP-CENPC-CENPA-DAPI-5_R3D_D3D-1-mitosis-CENP-A(mask)0017.tif,567.1723210591642,225.0425
17_2,20.0,1365.0,5769.0,3346.35,Expt2023_011_set5_RPE-1-p21-GFP-PCNA-mRuby_200k_6days-GFP-CENPC-CENPA-DAPI-5_R3D_D3D-1-mitosis-CENP-C(particle)0017.tif,1437.9749649509313,452.1475,316.0,1484.0,874.45,Expt2023_011_set5_RPE-1-p21-GFP-PCNA-mRuby_200k_6days-GFP-CENPC-CENPA-DAPI-5_R3D_D3D-1-mitosis-CENP-A(mask)0017.tif,567.1723210591642,225.0425
17_3,5.0,1641.0,3961.0,2848.4,Expt2023_011_set5_RPE-1-p21-GFP-PCNA-mRuby_200k_6days-GFP-CENPC-CENPA-DAPI-5_R3D_D3D-1-mitosis-CENP-C(particle)0017.tif,1437.9749649509313,452.1475,324.0,1067.0,642.4,Expt2023_011_set5_RPE-1-p21-GFP-PCNA-mRuby_200k_6days-GFP-CENPC-CENPA-DAPI-5_R3D_D3D-1-mitosis-CENP-A(mask)0017.tif,567.1723210591642,225.0425
17_4,47.0,562.0,9632.0,3814.6170212765956,Expt2023_011_set5_RPE-1-p21-GFP-PCNA-mRuby_200k_6days-GFP-CENPC-CENPA-DAPI-5_R3D_D3D-1-mitosis-CENP-C(particle)0017.tif,1437.9749649509313,452.1475,381.0,2424.0,1189.7446808510638,Expt2023_011_set5_RPE-1-p21-GFP-PCNA-mRuby_200k_6days-GFP-CENPC-CENPA-DAPI-5_R3D_D3D-1-mitosis-CENP-A(mask)0017.tif,567.1723210591642,225.0425
17_5,5.0,2240.0,4416.0,3176.0,Expt2023_011_set5_RPE-1-p21-GFP-PCNA-mRuby_200k_6days-GFP-CENPC-CENPA-DAPI-5_R3D_D3D-1-mitosis-CENP-C(particle)0017.tif,1437.9749649509313,452.1475,847.0,1324.0,1101.2,Expt2023_011_set5_RPE-1-p21-GFP-PCNA-mRuby_200k_6days-GFP-CENPC-CENPA-DAPI-5_R3D_D3D-1-mitosis-CENP-A(mask)0017.tif,567.1723210591642,225.0425
17_6,5.0,1950.0,4231.0,3005.2,Expt2023_011_set5_RPE-1-p21-GFP-PCNA-mRuby_200k_6days-GFP-CENPC-CENPA-DAPI-5_R3D_D3D-1-mitosis-CENP-C(particle)0017.tif,1437.9749649509313,452.1475,481.0,1118.0,860.0,Expt2023_011_set5_RPE-1-p21-GFP-PCNA-mRuby_200k_6days-GFP-CENPC-CENPA-DAPI-5_R3D_D3D-1-mitosis-CENP-A(mask)0017.tif,567.1723210591642,225.0425
17_7,37.0,711.0,6038.0,2578.5405405405404,Expt2023_011_set5_RPE-1-p21-GFP-PCNA-mRuby_200k_6days-GFP-CENPC-CENPA-DAPI-5_R3D_D3D-1-mitosis-CENP-C(particle)0017.tif,1437.9749649509313,452.1475,333.0,1678.0,989.8648648648649,Expt2023_011_set5_RPE-1-p21-GFP-PCNA-mRuby_200k_6days-GFP-CENPC-CENPA-DAPI-5_R3D_D3D-1-mitosis-CENP-A(mask)0017.tif,567.1723210591642,225.0425
18_1,8.0,1245.0,2803.0,1991.625,Expt2023_011_set5_RPE-1-p21-GFP-PCNA-mRuby_200k_6days-GFP-CENPC-CENPA-DAPI-5_R3D_D3D-1-mitosis-CENP-C(particle)0018.tif,1323.6992840095465,484.6325,291.0,961.0,600.625,Expt2023_011_set5_RPE-1-p21-GFP-PCNA-mRuby_200k_6days-GFP-CENPC-CENPA-DAPI-5_R3D_D3D-1-mitosis-CENP-A(mask)0018.tif,562.3185117967332,246.365
18_2,31.0,1481.0,4811.0,2762.967741935484,Expt2023_011_set5_RPE-1-p21-GFP-PCNA-mRuby_200k_6days-GFP-CENPC-CENPA-DAPI-5_R3D_D3D-1-mitosis-CENP-C(particle)0018.tif,1323.6992840095465,484.6325,371.0,1579.0,931.1612903225806,Expt2023_011_set5_RPE-1-p21-GFP-PCNA-mRuby_200k_6days-GFP-CENPC-CENPA-DAPI-5_R3D_D3D-1-mitosis-CENP-A(mask)0018.tif,562.3185117967332,246.365
18_3,5.0,1118.0,2347.0,1731.8,Expt2023_011_set5_RPE-1-p21-GFP-PCNA-mRuby_200k_6days-GFP-CENPC-CENPA-DAPI-5_R3D_D3D-1-mitosis-CENP-C(particle)0018.tif,1323.6992840095465,484.6325,702.0,1162.0,936.0,Expt2023_011_set5_RPE-1-p21-GFP-PCNA-mRuby_200k_6days-GFP-CENPC-CENPA-DAPI-5_R3D_D3D-1-mitosis-CENP-A(mask)0018.tif,562.3185117967332,246.365
18_4,5.0,1279.0,2066.0,1629.2,Expt2023_011_set5_RPE-1-p21-GFP-PCNA-mRuby_200k_6days-GFP-CENPC-CENPA-DAPI-5_R3D_D3D-1-mitosis-CENP-C(particle)0018.tif,1323.6992840095465,484.6325,560.0,1285.0,962.4,Expt2023_011_set5_RPE-1-p21-GFP-PCNA-mRuby_200k_6days-GFP-CENPC-CENPA-DAPI-5_R3D_D3D-1-mitosis-CENP-A(mask)0018.tif,562.3185117967332,246.365
18_5,8.0,1679.0,4151.0,2968.0,Expt2023_011_set5_RPE-1-p21-GFP-PCNA-mRuby_200k_6days-GFP-CENPC-CENPA-DAPI-5_R3D_D3D-1-mitosis-CENP-C(particle)0018.tif,1323.6992840095465,484.6325,638.0,1198.0,926.375,Expt2023_011_set5_RPE-1-p21-GFP-PCNA-mRuby_200k_6days-GFP-CENPC-CENPA-DAPI-5_R3D_D3D-1-mitosis-CENP-A(mask)0018.tif,562.3185117967332,246.365
