,label,area,mean_intensity_GFP_ska,fname_GFP_ska,GFP_ska_cyto,GFP_ska_bg,mean_intensity_CENP_B_ds_red,fname_CENP_B_ds_red,CENP_B_ds_red_cyto,CENP_B_ds_red_bg
0,0_1,12.0,23698.833333333332,SKA3WT-CENPB-SET3\Particle_Channel\SKA3WT-CENPB-Set3_Z00_C1_T0.tif,16333.082707936384,4477.1675,25031.583333333332,SKA3WT-CENPB-SET3\Mask_Channel\SKA3WT-CENPB-Set3_Z00_C0_T0.tif,20467.29877518481,15280.205
3,0_4,36.0,29890.583333333332,SKA3WT-CENPB-SET3\Particle_Channel\SKA3WT-CENPB-Set3_Z00_C1_T0.tif,16333.082707936384,4477.1675,25190.083333333332,SKA3WT-CENPB-SET3\Mask_Channel\SKA3WT-CENPB-Set3_Z00_C0_T0.tif,20467.29877518481,15280.205
4,0_5,21.0,23407.0,SKA3WT-CENPB-SET3\Particle_Channel\SKA3WT-CENPB-Set3_Z00_C1_T0.tif,16333.082707936384,4477.1675,25053.47619047619,SKA3WT-CENPB-SET3\Mask_Channel\SKA3WT-CENPB-Set3_Z00_C0_T0.tif,20467.29877518481,15280.205
5,0_6,28.0,33717.71428571428,SKA3WT-CENPB-SET3\Particle_Channel\SKA3WT-CENPB-Set3_Z00_C1_T0.tif,16333.082707936384,4477.1675,27311.178571428572,SKA3WT-CENPB-SET3\Mask_Channel\SKA3WT-CENPB-Set3_Z00_C0_T0.tif,20467.29877518481,15280.205
7,0_8,20.0,34814.8,SKA3WT-CENPB-SET3\Particle_Channel\SKA3WT-CENPB-Set3_Z00_C1_T0.tif,16333.082707936384,4477.1675,26733.6,SKA3WT-CENPB-SET3\Mask_Channel\SKA3WT-CENPB-Set3_Z00_C0_T0.tif,20467.29877518481,15280.205
11,1_1,37.0,22710.405405405407,SKA3WT-CENPB-SET3\Particle_Channel\SKA3WT-CENPB-Set3_Z01_C1_T0.tif,16701.862805724028,4576.9575,23151.756756756757,SKA3WT-CENPB-SET3\Mask_Channel\SKA3WT-CENPB-Set3_Z01_C0_T0.tif,19107.743308770187,12584.97
12,1_2,5.0,17837.8,SKA3WT-CENPB-SET3\Particle_Channel\SKA3WT-CENPB-Set3_Z01_C1_T0.tif,16701.862805724028,4576.9575,21262.0,SKA3WT-CENPB-SET3\Mask_Channel\SKA3WT-CENPB-Set3_Z01_C0_T0.tif,19107.743308770187,12584.97
13,1_3,35.0,22289.114285714284,SKA3WT-CENPB-SET3\Particle_Channel\SKA3WT-CENPB-Set3_Z01_C1_T0.tif,16701.862805724028,4576.9575,22650.742857142857,SKA3WT-CENPB-SET3\Mask_Channel\SKA3WT-CENPB-Set3_Z01_C0_T0.tif,19107.743308770187,12584.97
14,1_4,22.0,26130.363636363636,SKA3WT-CENPB-SET3\Particle_Channel\SKA3WT-CENPB-Set3_Z01_C1_T0.tif,16701.862805724028,4576.9575,23583.454545454544,SKA3WT-CENPB-SET3\Mask_Channel\SKA3WT-CENPB-Set3_Z01_C0_T0.tif,19107.743308770187,12584.97
16,1_6,40.0,31279.675,SKA3WT-CENPB-SET3\Particle_Channel\SKA3WT-CENPB-Set3_Z01_C1_T0.tif,16701.862805724028,4576.9575,23203.075,SKA3WT-CENPB-SET3\Mask_Channel\SKA3WT-CENPB-Set3_Z01_C0_T0.tif,19107.743308770187,12584.97
17,1_7,22.0,27322.727272727272,SKA3WT-CENPB-SET3\Particle_Channel\SKA3WT-CENPB-Set3_Z01_C1_T0.tif,16701.862805724028,4576.9575,24134.636363636364,SKA3WT-CENPB-SET3\Mask_Channel\SKA3WT-CENPB-Set3_Z01_C0_T0.tif,19107.743308770187,12584.97
18,1_8,5.0,25506.4,SKA3WT-CENPB-SET3\Particle_Channel\SKA3WT-CENPB-Set3_Z01_C1_T0.tif,16701.862805724028,4576.9575,24888.4,SKA3WT-CENPB-SET3\Mask_Channel\SKA3WT-CENPB-Set3_Z01_C0_T0.tif,19107.743308770187,12584.97
19,1_9,8.0,29169.375,SKA3WT-CENPB-SET3\Particle_Channel\SKA3WT-CENPB-Set3_Z01_C1_T0.tif,16701.862805724028,4576.9575,25298.125,SKA3WT-CENPB-SET3\Mask_Channel\SKA3WT-CENPB-Set3_Z01_C0_T0.tif,19107.743308770187,12584.97
20,1_10,5.0,34413.4,SKA3WT-CENPB-SET3\Particle_Channel\SKA3WT-CENPB-Set3_Z01_C1_T0.tif,16701.862805724028,4576.9575,25222.6,SKA3WT-CENPB-SET3\Mask_Channel\SKA3WT-CENPB-Set3_Z01_C0_T0.tif,19107.743308770187,12584.97
21,1_11,36.0,32699.722222222223,SKA3WT-CENPB-SET3\Particle_Channel\SKA3WT-CENPB-Set3_Z01_C1_T0.tif,16701.862805724028,4576.9575,25494.416666666668,SKA3WT-CENPB-SET3\Mask_Channel\SKA3WT-CENPB-Set3_Z01_C0_T0.tif,19107.743308770187,12584.97
23,1_13,14.0,34019.07142857143,SKA3WT-CENPB-SET3\Particle_Channel\SKA3WT-CENPB-Set3_Z01_C1_T0.tif,16701.862805724028,4576.9575,24285.214285714286,SKA3WT-CENPB-SET3\Mask_Channel\SKA3WT-CENPB-Set3_Z01_C0_T0.tif,19107.743308770187,12584.97
25,1_15,5.0,40859.6,SKA3WT-CENPB-SET3\Particle_Channel\SKA3WT-CENPB-Set3_Z01_C1_T0.tif,16701.862805724028,4576.9575,23562.6,SKA3WT-CENPB-SET3\Mask_Channel\SKA3WT-CENPB-Set3_Z01_C0_T0.tif,19107.743308770187,12584.97
34,1_24,5.0,14848.0,SKA3WT-CENPB-SET3\Particle_Channel\SKA3WT-CENPB-Set3_Z01_C1_T0.tif,16701.862805724028,4576.9575,21285.6,SKA3WT-CENPB-SET3\Mask_Channel\SKA3WT-CENPB-Set3_Z01_C0_T0.tif,19107.743308770187,12584.97
36,2_1,33.0,24525.272727272728,SKA3WT-CENPB-SET3\Particle_Channel\SKA3WT-CENPB-Set3_Z02_C1_T0.tif,16939.893441965003,4747.6025,20741.81818181818,SKA3WT-CENPB-SET3\Mask_Channel\SKA3WT-CENPB-Set3_Z02_C0_T0.tif,17215.29231692677,10272.1875
37,2_2,5.0,24710.0,SKA3WT-CENPB-SET3\Particle_Channel\SKA3WT-CENPB-Set3_Z02_C1_T0.tif,16939.893441965003,4747.6025,22024.6,SKA3WT-CENPB-SET3\Mask_Channel\SKA3WT-CENPB-Set3_Z02_C0_T0.tif,17215.29231692677,10272.1875
38,2_3,47.0,23863.978723404256,SKA3WT-CENPB-SET3\Particle_Channel\SKA3WT-CENPB-Set3_Z02_C1_T0.tif,16939.893441965003,4747.6025,21912.702127659573,SKA3WT-CENPB-SET3\Mask_Channel\SKA3WT-CENPB-Set3_Z02_C0_T0.tif,17215.29231692677,10272.1875
39,2_4,16.0,28384.8125,SKA3WT-CENPB-SET3\Particle_Channel\SKA3WT-CENPB-Set3_Z02_C1_T0.tif,16939.893441965003,4747.6025,22404.6875,SKA3WT-CENPB-SET3\Mask_Channel\SKA3WT-CENPB-Set3_Z02_C0_T0.tif,17215.29231692677,10272.1875
40,2_5,40.0,29015.5,SKA3WT-CENPB-SET3\Particle_Channel\SKA3WT-CENPB-Set3_Z02_C1_T0.tif,16939.893441965003,4747.6025,21138.825,SKA3WT-CENPB-SET3\Mask_Channel\SKA3WT-CENPB-Set3_Z02_C0_T0.tif,17215.29231692677,10272.1875
41,2_6,24.0,29019.958333333332,SKA3WT-CENPB-SET3\Particle_Channel\SKA3WT-CENPB-Set3_Z02_C1_T0.tif,16939.893441965003,4747.6025,23247.875,SKA3WT-CENPB-SET3\Mask_Channel\SKA3WT-CENPB-Set3_Z02_C0_T0.tif,17215.29231692677,10272.1875
42,2_7,32.0,27029.09375,SKA3WT-CENPB-SET3\Particle_Channel\SKA3WT-CENPB-Set3_Z02_C1_T0.tif,16939.893441965003,4747.6025,22893.90625,SKA3WT-CENPB-SET3\Mask_Channel\SKA3WT-CENPB-Set3_Z02_C0_T0.tif,17215.29231692677,10272.1875
43,2_8,23.0,29262.478260869564,SKA3WT-CENPB-SET3\Particle_Channel\SKA3WT-CENPB-Set3_Z02_C1_T0.tif,16939.893441965003,4747.6025,22172.652173913044,SKA3WT-CENPB-SET3\Mask_Channel\SKA3WT-CENPB-Set3_Z02_C0_T0.tif,17215.29231692677,10272.1875
44,2_9,32.0,34080.625,SKA3WT-CENPB-SET3\Particle_Channel\SKA3WT-CENPB-Set3_Z02_C1_T0.tif,16939.893441965003,4747.6025,24402.21875,SKA3WT-CENPB-SET3\Mask_Channel\SKA3WT-CENPB-Set3_Z02_C0_T0.tif,17215.29231692677,10272.1875
45,2_10,46.0,32289.391304347828,SKA3WT-CENPB-SET3\Particle_Channel\SKA3WT-CENPB-Set3_Z02_C1_T0.tif,16939.893441965003,4747.6025,23866.956521739132,SKA3WT-CENPB-SET3\Mask_Channel\SKA3WT-CENPB-Set3_Z02_C0_T0.tif,17215.29231692677,10272.1875
47,2_12,31.0,39393.6129032258,SKA3WT-CENPB-SET3\Particle_Channel\SKA3WT-CENPB-Set3_Z02_C1_T0.tif,16939.893441965003,4747.6025,22746.322580645163,SKA3WT-CENPB-SET3\Mask_Channel\SKA3WT-CENPB-Set3_Z02_C0_T0.tif,17215.29231692677,10272.1875
48,2_13,11.0,28910.545454545456,SKA3WT-CENPB-SET3\Particle_Channel\SKA3WT-CENPB-Set3_Z02_C1_T0.tif,16939.893441965003,4747.6025,21046.81818181818,SKA3WT-CENPB-SET3\Mask_Channel\SKA3WT-CENPB-Set3_Z02_C0_T0.tif,17215.29231692677,10272.1875
49,2_14,41.0,25852.80487804878,SKA3WT-CENPB-SET3\Particle_Channel\SKA3WT-CENPB-Set3_Z02_C1_T0.tif,16939.893441965003,4747.6025,22238.48780487805,SKA3WT-CENPB-SET3\Mask_Channel\SKA3WT-CENPB-Set3_Z02_C0_T0.tif,17215.29231692677,10272.1875
50,2_15,11.0,32631.727272727272,SKA3WT-CENPB-SET3\Particle_Channel\SKA3WT-CENPB-Set3_Z02_C1_T0.tif,16939.893441965003,4747.6025,21325.909090909092,SKA3WT-CENPB-SET3\Mask_Channel\SKA3WT-CENPB-Set3_Z02_C0_T0.tif,17215.29231692677,10272.1875
51,2_16,27.0,29671.962962962964,SKA3WT-CENPB-SET3\Particle_Channel\SKA3WT-CENPB-Set3_Z02_C1_T0.tif,16939.893441965003,4747.6025,22889.14814814815,SKA3WT-CENPB-SET3\Mask_Channel\SKA3WT-CENPB-Set3_Z02_C0_T0.tif,17215.29231692677,10272.1875
52,2_17,8.0,14906.125,SKA3WT-CENPB-SET3\Particle_Channel\SKA3WT-CENPB-Set3_Z02_C1_T0.tif,16939.893441965003,4747.6025,18758.125,SKA3WT-CENPB-SET3\Mask_Channel\SKA3WT-CENPB-Set3_Z02_C0_T0.tif,17215.29231692677,10272.1875
53,2_18,5.0,19243.0,SKA3WT-CENPB-SET3\Particle_Channel\SKA3WT-CENPB-Set3_Z02_C1_T0.tif,16939.893441965003,4747.6025,20483.4,SKA3WT-CENPB-SET3\Mask_Channel\SKA3WT-CENPB-Set3_Z02_C0_T0.tif,17215.29231692677,10272.1875
54,2_19,27.0,30415.37037037037,SKA3WT-CENPB-SET3\Particle_Channel\SKA3WT-CENPB-Set3_Z02_C1_T0.tif,16939.893441965003,4747.6025,23283.444444444445,SKA3WT-CENPB-SET3\Mask_Channel\SKA3WT-CENPB-Set3_Z02_C0_T0.tif,17215.29231692677,10272.1875
55,2_20,5.0,16267.4,SKA3WT-CENPB-SET3\Particle_Channel\SKA3WT-CENPB-Set3_Z02_C1_T0.tif,16939.893441965003,4747.6025,18650.0,SKA3WT-CENPB-SET3\Mask_Channel\SKA3WT-CENPB-Set3_Z02_C0_T0.tif,17215.29231692677,10272.1875
56,2_21,10.0,27347.9,SKA3WT-CENPB-SET3\Particle_Channel\SKA3WT-CENPB-Set3_Z02_C1_T0.tif,16939.893441965003,4747.6025,22376.4,SKA3WT-CENPB-SET3\Mask_Channel\SKA3WT-CENPB-Set3_Z02_C0_T0.tif,17215.29231692677,10272.1875
57,2_22,34.0,28144.264705882353,SKA3WT-CENPB-SET3\Particle_Channel\SKA3WT-CENPB-Set3_Z02_C1_T0.tif,16939.893441965003,4747.6025,22191.91176470588,SKA3WT-CENPB-SET3\Mask_Channel\SKA3WT-CENPB-Set3_Z02_C0_T0.tif,17215.29231692677,10272.1875
60,2_25,5.0,17676.0,SKA3WT-CENPB-SET3\Particle_Channel\SKA3WT-CENPB-Set3_Z02_C1_T0.tif,16939.893441965003,4747.6025,20205.4,SKA3WT-CENPB-SET3\Mask_Channel\SKA3WT-CENPB-Set3_Z02_C0_T0.tif,17215.29231692677,10272.1875
61,3_1,8.0,14842.25,SKA3WT-CENPB-SET3\Particle_Channel\SKA3WT-CENPB-Set3_Z03_C1_T0.tif,17052.436831856296,4782.9025,16790.125,SKA3WT-CENPB-SET3\Mask_Channel\SKA3WT-CENPB-Set3_Z03_C0_T0.tif,15916.454317548747,9127.825
62,3_2,24.0,23243.708333333332,SKA3WT-CENPB-SET3\Particle_Channel\SKA3WT-CENPB-Set3_Z03_C1_T0.tif,17052.436831856296,4782.9025,19076.833333333332,SKA3WT-CENPB-SET3\Mask_Channel\SKA3WT-CENPB-Set3_Z03_C0_T0.tif,15916.454317548747,9127.825
63,3_3,5.0,19679.0,SKA3WT-CENPB-SET3\Particle_Channel\SKA3WT-CENPB-Set3_Z03_C1_T0.tif,17052.436831856296,4782.9025,18421.6,SKA3WT-CENPB-SET3\Mask_Channel\SKA3WT-CENPB-Set3_Z03_C0_T0.tif,15916.454317548747,9127.825
86,3_26,5.0,40516.4,SKA3WT-CENPB-SET3\Particle_Channel\SKA3WT-CENPB-Set3_Z03_C1_T0.tif,17052.436831856296,4782.9025,19359.6,SKA3WT-CENPB-SET3\Mask_Channel\SKA3WT-CENPB-Set3_Z03_C0_T0.tif,15916.454317548747,9127.825
94,4_1,5.0,22994.2,SKA3WT-CENPB-SET3\Particle_Channel\SKA3WT-CENPB-Set3_Z04_C1_T0.tif,17131.699492303975,4796.21,18659.8,SKA3WT-CENPB-SET3\Mask_Channel\SKA3WT-CENPB-Set3_Z04_C0_T0.tif,15242.812336708033,8811.53
95,4_2,35.0,20227.628571428573,SKA3WT-CENPB-SET3\Particle_Channel\SKA3WT-CENPB-Set3_Z04_C1_T0.tif,17131.699492303975,4796.21,19034.17142857143,SKA3WT-CENPB-SET3\Mask_Channel\SKA3WT-CENPB-Set3_Z04_C0_T0.tif,15242.812336708033,8811.53
96,4_3,39.0,30945.76923076923,SKA3WT-CENPB-SET3\Particle_Channel\SKA3WT-CENPB-Set3_Z04_C1_T0.tif,17131.699492303975,4796.21,19195.69230769231,SKA3WT-CENPB-SET3\Mask_Channel\SKA3WT-CENPB-Set3_Z04_C0_T0.tif,15242.812336708033,8811.53
97,4_4,5.0,27168.4,SKA3WT-CENPB-SET3\Particle_Channel\SKA3WT-CENPB-Set3_Z04_C1_T0.tif,17131.699492303975,4796.21,15922.6,SKA3WT-CENPB-SET3\Mask_Channel\SKA3WT-CENPB-Set3_Z04_C0_T0.tif,15242.812336708033,8811.53
98,4_5,46.0,28225.347826086956,SKA3WT-CENPB-SET3\Particle_Channel\SKA3WT-CENPB-Set3_Z04_C1_T0.tif,17131.699492303975,4796.21,21343.739130434784,SKA3WT-CENPB-SET3\Mask_Channel\SKA3WT-CENPB-Set3_Z04_C0_T0.tif,15242.812336708033,8811.53
99,4_6,34.0,24841.382352941175,SKA3WT-CENPB-SET3\Particle_Channel\SKA3WT-CENPB-Set3_Z04_C1_T0.tif,17131.699492303975,4796.21,20475.970588235294,SKA3WT-CENPB-SET3\Mask_Channel\SKA3WT-CENPB-Set3_Z04_C0_T0.tif,15242.812336708033,8811.53
100,4_7,31.0,31756.709677419356,SKA3WT-CENPB-SET3\Particle_Channel\SKA3WT-CENPB-Set3_Z04_C1_T0.tif,17131.699492303975,4796.21,19469.58064516129,SKA3WT-CENPB-SET3\Mask_Channel\SKA3WT-CENPB-Set3_Z04_C0_T0.tif,15242.812336708033,8811.53
101,4_8,33.0,31362.121212121212,SKA3WT-CENPB-SET3\Particle_Channel\SKA3WT-CENPB-Set3_Z04_C1_T0.tif,17131.699492303975,4796.21,20091.363636363636,SKA3WT-CENPB-SET3\Mask_Channel\SKA3WT-CENPB-Set3_Z04_C0_T0.tif,15242.812336708033,8811.53
102,4_9,11.0,23276.272727272728,SKA3WT-CENPB-SET3\Particle_Channel\SKA3WT-CENPB-Set3_Z04_C1_T0.tif,17131.699492303975,4796.21,20076.363636363636,SKA3WT-CENPB-SET3\Mask_Channel\SKA3WT-CENPB-Set3_Z04_C0_T0.tif,15242.812336708033,8811.53
103,4_10,32.0,34213.40625,SKA3WT-CENPB-SET3\Particle_Channel\SKA3WT-CENPB-Set3_Z04_C1_T0.tif,17131.699492303975,4796.21,20799.9375,SKA3WT-CENPB-SET3\Mask_Channel\SKA3WT-CENPB-Set3_Z04_C0_T0.tif,15242.812336708033,8811.53
104,4_11,5.0,31045.2,SKA3WT-CENPB-SET3\Particle_Channel\SKA3WT-CENPB-Set3_Z04_C1_T0.tif,17131.699492303975,4796.21,18755.8,SKA3WT-CENPB-SET3\Mask_Channel\SKA3WT-CENPB-Set3_Z04_C0_T0.tif,15242.812336708033,8811.53
105,4_12,5.0,33939.4,SKA3WT-CENPB-SET3\Particle_Channel\SKA3WT-CENPB-Set3_Z04_C1_T0.tif,17131.699492303975,4796.21,18738.8,SKA3WT-CENPB-SET3\Mask_Channel\SKA3WT-CENPB-Set3_Z04_C0_T0.tif,15242.812336708033,8811.53
106,4_13,8.0,25013.375,SKA3WT-CENPB-SET3\Particle_Channel\SKA3WT-CENPB-Set3_Z04_C1_T0.tif,17131.699492303975,4796.21,19170.125,SKA3WT-CENPB-SET3\Mask_Channel\SKA3WT-CENPB-Set3_Z04_C0_T0.tif,15242.812336708033,8811.53
107,4_14,8.0,37782.625,SKA3WT-CENPB-SET3\Particle_Channel\SKA3WT-CENPB-Set3_Z04_C1_T0.tif,17131.699492303975,4796.21,19231.625,SKA3WT-CENPB-SET3\Mask_Channel\SKA3WT-CENPB-Set3_Z04_C0_T0.tif,15242.812336708033,8811.53
108,4_15,8.0,29871.0,SKA3WT-CENPB-SET3\Particle_Channel\SKA3WT-CENPB-Set3_Z04_C1_T0.tif,17131.699492303975,4796.21,19116.125,SKA3WT-CENPB-SET3\Mask_Channel\SKA3WT-CENPB-Set3_Z04_C0_T0.tif,15242.812336708033,8811.53
110,4_17,5.0,40021.2,SKA3WT-CENPB-SET3\Particle_Channel\SKA3WT-CENPB-Set3_Z04_C1_T0.tif,17131.699492303975,4796.21,20325.2,SKA3WT-CENPB-SET3\Mask_Channel\SKA3WT-CENPB-Set3_Z04_C0_T0.tif,15242.812336708033,8811.53
111,4_18,10.0,36274.7,SKA3WT-CENPB-SET3\Particle_Channel\SKA3WT-CENPB-Set3_Z04_C1_T0.tif,17131.699492303975,4796.21,19921.9,SKA3WT-CENPB-SET3\Mask_Channel\SKA3WT-CENPB-Set3_Z04_C0_T0.tif,15242.812336708033,8811.53
112,4_19,73.0,30933.72602739726,SKA3WT-CENPB-SET3\Particle_Channel\SKA3WT-CENPB-Set3_Z04_C1_T0.tif,17131.699492303975,4796.21,20205.986301369863,SKA3WT-CENPB-SET3\Mask_Channel\SKA3WT-CENPB-Set3_Z04_C0_T0.tif,15242.812336708033,8811.53
114,4_21,24.0,32025.541666666668,SKA3WT-CENPB-SET3\Particle_Channel\SKA3WT-CENPB-Set3_Z04_C1_T0.tif,17131.699492303975,4796.21,19781.5,SKA3WT-CENPB-SET3\Mask_Channel\SKA3WT-CENPB-Set3_Z04_C0_T0.tif,15242.812336708033,8811.53
115,4_22,5.0,13842.0,SKA3WT-CENPB-SET3\Particle_Channel\SKA3WT-CENPB-Set3_Z04_C1_T0.tif,17131.699492303975,4796.21,16025.6,SKA3WT-CENPB-SET3\Mask_Channel\SKA3WT-CENPB-Set3_Z04_C0_T0.tif,15242.812336708033,8811.53
116,4_23,5.0,15116.8,SKA3WT-CENPB-SET3\Particle_Channel\SKA3WT-CENPB-Set3_Z04_C1_T0.tif,17131.699492303975,4796.21,15799.2,SKA3WT-CENPB-SET3\Mask_Channel\SKA3WT-CENPB-Set3_Z04_C0_T0.tif,15242.812336708033,8811.53
117,4_24,8.0,26982.875,SKA3WT-CENPB-SET3\Particle_Channel\SKA3WT-CENPB-Set3_Z04_C1_T0.tif,17131.699492303975,4796.21,18518.25,SKA3WT-CENPB-SET3\Mask_Channel\SKA3WT-CENPB-Set3_Z04_C0_T0.tif,15242.812336708033,8811.53
118,4_25,26.0,31501.0,SKA3WT-CENPB-SET3\Particle_Channel\SKA3WT-CENPB-Set3_Z04_C1_T0.tif,17131.699492303975,4796.21,18865.19230769231,SKA3WT-CENPB-SET3\Mask_Channel\SKA3WT-CENPB-Set3_Z04_C0_T0.tif,15242.812336708033,8811.53
119,4_26,5.0,34296.0,SKA3WT-CENPB-SET3\Particle_Channel\SKA3WT-CENPB-Set3_Z04_C1_T0.tif,17131.699492303975,4796.21,18744.8,SKA3WT-CENPB-SET3\Mask_Channel\SKA3WT-CENPB-Set3_Z04_C0_T0.tif,15242.812336708033,8811.53
120,4_27,5.0,15648.8,SKA3WT-CENPB-SET3\Particle_Channel\SKA3WT-CENPB-Set3_Z04_C1_T0.tif,17131.699492303975,4796.21,16804.4,SKA3WT-CENPB-SET3\Mask_Channel\SKA3WT-CENPB-Set3_Z04_C0_T0.tif,15242.812336708033,8811.53
121,4_28,34.0,27193.20588235294,SKA3WT-CENPB-SET3\Particle_Channel\SKA3WT-CENPB-Set3_Z04_C1_T0.tif,17131.699492303975,4796.21,20453.147058823528,SKA3WT-CENPB-SET3\Mask_Channel\SKA3WT-CENPB-Set3_Z04_C0_T0.tif,15242.812336708033,8811.53
122,4_29,20.0,31514.35,SKA3WT-CENPB-SET3\Particle_Channel\SKA3WT-CENPB-Set3_Z04_C1_T0.tif,17131.699492303975,4796.21,18820.8,SKA3WT-CENPB-SET3\Mask_Channel\SKA3WT-CENPB-Set3_Z04_C0_T0.tif,15242.812336708033,8811.53
123,4_30,52.0,27135.23076923077,SKA3WT-CENPB-SET3\Particle_Channel\SKA3WT-CENPB-Set3_Z04_C1_T0.tif,17131.699492303975,4796.21,21096.403846153848,SKA3WT-CENPB-SET3\Mask_Channel\SKA3WT-CENPB-Set3_Z04_C0_T0.tif,15242.812336708033,8811.53
124,4_31,32.0,30059.4375,SKA3WT-CENPB-SET3\Particle_Channel\SKA3WT-CENPB-Set3_Z04_C1_T0.tif,17131.699492303975,4796.21,19680.71875,SKA3WT-CENPB-SET3\Mask_Channel\SKA3WT-CENPB-Set3_Z04_C0_T0.tif,15242.812336708033,8811.53
125,4_32,22.0,24587.727272727272,SKA3WT-CENPB-SET3\Particle_Channel\SKA3WT-CENPB-Set3_Z04_C1_T0.tif,17131.699492303975,4796.21,17959.090909090908,SKA3WT-CENPB-SET3\Mask_Channel\SKA3WT-CENPB-Set3_Z04_C0_T0.tif,15242.812336708033,8811.53
127,4_34,8.0,21700.875,SKA3WT-CENPB-SET3\Particle_Channel\SKA3WT-CENPB-Set3_Z04_C1_T0.tif,17131.699492303975,4796.21,16756.125,SKA3WT-CENPB-SET3\Mask_Channel\SKA3WT-CENPB-Set3_Z04_C0_T0.tif,15242.812336708033,8811.53
128,5_1,27.0,22017.62962962963,SKA3WT-CENPB-SET3\Particle_Channel\SKA3WT-CENPB-Set3_Z05_C1_T0.tif,17235.144273898193,4672.1675,19263.074074074073,SKA3WT-CENPB-SET3\Mask_Channel\SKA3WT-CENPB-Set3_Z05_C0_T0.tif,14851.447300165055,9104.9825
129,5_2,51.0,28672.352941176472,SKA3WT-CENPB-SET3\Particle_Channel\SKA3WT-CENPB-Set3_Z05_C1_T0.tif,17235.144273898193,4672.1675,19271.352941176472,SKA3WT-CENPB-SET3\Mask_Channel\SKA3WT-CENPB-Set3_Z05_C0_T0.tif,14851.447300165055,9104.9825
130,5_3,46.0,26370.021739130436,SKA3WT-CENPB-SET3\Particle_Channel\SKA3WT-CENPB-Set3_Z05_C1_T0.tif,17235.144273898193,4672.1675,20649.869565217392,SKA3WT-CENPB-SET3\Mask_Channel\SKA3WT-CENPB-Set3_Z05_C0_T0.tif,14851.447300165055,9104.9825
131,5_4,35.0,32922.6,SKA3WT-CENPB-SET3\Particle_Channel\SKA3WT-CENPB-Set3_Z05_C1_T0.tif,17235.144273898193,4672.1675,19844.314285714285,SKA3WT-CENPB-SET3\Mask_Channel\SKA3WT-CENPB-Set3_Z05_C0_T0.tif,14851.447300165055,9104.9825
132,5_5,9.0,25646.88888888889,SKA3WT-CENPB-SET3\Particle_Channel\SKA3WT-CENPB-Set3_Z05_C1_T0.tif,17235.144273898193,4672.1675,19585.222222222223,SKA3WT-CENPB-SET3\Mask_Channel\SKA3WT-CENPB-Set3_Z05_C0_T0.tif,14851.447300165055,9104.9825
133,5_6,28.0,32407.928571428572,SKA3WT-CENPB-SET3\Particle_Channel\SKA3WT-CENPB-Set3_Z05_C1_T0.tif,17235.144273898193,4672.1675,19438.464285714286,SKA3WT-CENPB-SET3\Mask_Channel\SKA3WT-CENPB-Set3_Z05_C0_T0.tif,14851.447300165055,9104.9825
134,5_7,46.0,33807.52173913043,SKA3WT-CENPB-SET3\Particle_Channel\SKA3WT-CENPB-Set3_Z05_C1_T0.tif,17235.144273898193,4672.1675,20135.217391304348,SKA3WT-CENPB-SET3\Mask_Channel\SKA3WT-CENPB-Set3_Z05_C0_T0.tif,14851.447300165055,9104.9825
135,5_8,40.0,34138.325,SKA3WT-CENPB-SET3\Particle_Channel\SKA3WT-CENPB-Set3_Z05_C1_T0.tif,17235.144273898193,4672.1675,19678.475,SKA3WT-CENPB-SET3\Mask_Channel\SKA3WT-CENPB-Set3_Z05_C0_T0.tif,14851.447300165055,9104.9825
136,5_9,20.0,34407.7,SKA3WT-CENPB-SET3\Particle_Channel\SKA3WT-CENPB-Set3_Z05_C1_T0.tif,17235.144273898193,4672.1675,20616.3,SKA3WT-CENPB-SET3\Mask_Channel\SKA3WT-CENPB-Set3_Z05_C0_T0.tif,14851.447300165055,9104.9825
138,5_11,15.0,34338.666666666664,SKA3WT-CENPB-SET3\Particle_Channel\SKA3WT-CENPB-Set3_Z05_C1_T0.tif,17235.144273898193,4672.1675,19914.6,SKA3WT-CENPB-SET3\Mask_Channel\SKA3WT-CENPB-Set3_Z05_C0_T0.tif,14851.447300165055,9104.9825
139,5_12,5.0,16174.0,SKA3WT-CENPB-SET3\Particle_Channel\SKA3WT-CENPB-Set3_Z05_C1_T0.tif,17235.144273898193,4672.1675,16775.4,SKA3WT-CENPB-SET3\Mask_Channel\SKA3WT-CENPB-Set3_Z05_C0_T0.tif,14851.447300165055,9104.9825
140,5_13,18.0,35538.333333333336,SKA3WT-CENPB-SET3\Particle_Channel\SKA3WT-CENPB-Set3_Z05_C1_T0.tif,17235.144273898193,4672.1675,20640.166666666668,SKA3WT-CENPB-SET3\Mask_Channel\SKA3WT-CENPB-Set3_Z05_C0_T0.tif,14851.447300165055,9104.9825
145,5_18,5.0,30477.8,SKA3WT-CENPB-SET3\Particle_Channel\SKA3WT-CENPB-Set3_Z05_C1_T0.tif,17235.144273898193,4672.1675,18874.2,SKA3WT-CENPB-SET3\Mask_Channel\SKA3WT-CENPB-Set3_Z05_C0_T0.tif,14851.447300165055,9104.9825
146,5_19,5.0,20218.4,SKA3WT-CENPB-SET3\Particle_Channel\SKA3WT-CENPB-Set3_Z05_C1_T0.tif,17235.144273898193,4672.1675,17871.4,SKA3WT-CENPB-SET3\Mask_Channel\SKA3WT-CENPB-Set3_Z05_C0_T0.tif,14851.447300165055,9104.9825
147,5_20,5.0,39582.4,SKA3WT-CENPB-SET3\Particle_Channel\SKA3WT-CENPB-Set3_Z05_C1_T0.tif,17235.144273898193,4672.1675,18353.4,SKA3WT-CENPB-SET3\Mask_Channel\SKA3WT-CENPB-Set3_Z05_C0_T0.tif,14851.447300165055,9104.9825
176,6_19,5.0,34477.8,SKA3WT-CENPB-SET3\Particle_Channel\SKA3WT-CENPB-Set3_Z06_C1_T0.tif,17267.576534220927,4654.865,18923.6,SKA3WT-CENPB-SET3\Mask_Channel\SKA3WT-CENPB-Set3_Z06_C0_T0.tif,14896.29756480754,9396.39
177,6_20,17.0,15963.117647058823,SKA3WT-CENPB-SET3\Particle_Channel\SKA3WT-CENPB-Set3_Z06_C1_T0.tif,17267.576534220927,4654.865,18255.529411764706,SKA3WT-CENPB-SET3\Mask_Channel\SKA3WT-CENPB-Set3_Z06_C0_T0.tif,14896.29756480754,9396.39
179,6_22,5.0,33316.6,SKA3WT-CENPB-SET3\Particle_Channel\SKA3WT-CENPB-Set3_Z06_C1_T0.tif,17267.576534220927,4654.865,17592.2,SKA3WT-CENPB-SET3\Mask_Channel\SKA3WT-CENPB-Set3_Z06_C0_T0.tif,14896.29756480754,9396.39
188,6_31,5.0,37111.8,SKA3WT-CENPB-SET3\Particle_Channel\SKA3WT-CENPB-Set3_Z06_C1_T0.tif,17267.576534220927,4654.865,16927.2,SKA3WT-CENPB-SET3\Mask_Channel\SKA3WT-CENPB-Set3_Z06_C0_T0.tif,14896.29756480754,9396.39
207,7_15,8.0,16707.75,SKA3WT-CENPB-SET3\Particle_Channel\SKA3WT-CENPB-Set3_Z07_C1_T0.tif,17162.3038475662,4726.78,20543.75,SKA3WT-CENPB-SET3\Mask_Channel\SKA3WT-CENPB-Set3_Z07_C0_T0.tif,15109.18984838497,9697.35
212,7_20,5.0,36437.0,SKA3WT-CENPB-SET3\Particle_Channel\SKA3WT-CENPB-Set3_Z07_C1_T0.tif,17162.3038475662,4726.78,15124.6,SKA3WT-CENPB-SET3\Mask_Channel\SKA3WT-CENPB-Set3_Z07_C0_T0.tif,15109.18984838497,9697.35
214,7_22,5.0,35756.0,SKA3WT-CENPB-SET3\Particle_Channel\SKA3WT-CENPB-Set3_Z07_C1_T0.tif,17162.3038475662,4726.78,19503.4,SKA3WT-CENPB-SET3\Mask_Channel\SKA3WT-CENPB-Set3_Z07_C0_T0.tif,15109.18984838497,9697.35
222,7_30,17.0,31405.235294117647,SKA3WT-CENPB-SET3\Particle_Channel\SKA3WT-CENPB-Set3_Z07_C1_T0.tif,17162.3038475662,4726.78,18859.352941176472,SKA3WT-CENPB-SET3\Mask_Channel\SKA3WT-CENPB-Set3_Z07_C0_T0.tif,15109.18984838497,9697.35
225,8_1,28.0,31991.0,SKA3WT-CENPB-SET3\Particle_Channel\SKA3WT-CENPB-Set3_Z08_C1_T0.tif,17356.52050564111,4698.3275,19698.25,SKA3WT-CENPB-SET3\Mask_Channel\SKA3WT-CENPB-Set3_Z08_C0_T0.tif,15453.41083114542,9993.95
226,8_2,10.0,18261.0,SKA3WT-CENPB-SET3\Particle_Channel\SKA3WT-CENPB-Set3_Z08_C1_T0.tif,17356.52050564111,4698.3275,18633.0,SKA3WT-CENPB-SET3\Mask_Channel\SKA3WT-CENPB-Set3_Z08_C0_T0.tif,15453.41083114542,9993.95
227,8_3,37.0,39221.89189189189,SKA3WT-CENPB-SET3\Particle_Channel\SKA3WT-CENPB-Set3_Z08_C1_T0.tif,17356.52050564111,4698.3275,20807.72972972973,SKA3WT-CENPB-SET3\Mask_Channel\SKA3WT-CENPB-Set3_Z08_C0_T0.tif,15453.41083114542,9993.95
228,8_4,51.0,38466.470588235294,SKA3WT-CENPB-SET3\Particle_Channel\SKA3WT-CENPB-Set3_Z08_C1_T0.tif,17356.52050564111,4698.3275,21007.156862745098,SKA3WT-CENPB-SET3\Mask_Channel\SKA3WT-CENPB-Set3_Z08_C0_T0.tif,15453.41083114542,9993.95
230,8_6,31.0,40594.41935483871,SKA3WT-CENPB-SET3\Particle_Channel\SKA3WT-CENPB-Set3_Z08_C1_T0.tif,17356.52050564111,4698.3275,19952.354838709678,SKA3WT-CENPB-SET3\Mask_Channel\SKA3WT-CENPB-Set3_Z08_C0_T0.tif,15453.41083114542,9993.95
249,9_1,5.0,26466.0,SKA3WT-CENPB-SET3\Particle_Channel\SKA3WT-CENPB-Set3_Z09_C1_T0.tif,17497.54471408179,4612.025,19767.8,SKA3WT-CENPB-SET3\Mask_Channel\SKA3WT-CENPB-Set3_Z09_C0_T0.tif,15790.33797963978,10293.6575
250,9_2,60.0,36211.6,SKA3WT-CENPB-SET3\Particle_Channel\SKA3WT-CENPB-Set3_Z09_C1_T0.tif,17497.54471408179,4612.025,20484.583333333332,SKA3WT-CENPB-SET3\Mask_Channel\SKA3WT-CENPB-Set3_Z09_C0_T0.tif,15790.33797963978,10293.6575
251,9_3,46.0,37610.17391304348,SKA3WT-CENPB-SET3\Particle_Channel\SKA3WT-CENPB-Set3_Z09_C1_T0.tif,17497.54471408179,4612.025,21757.41304347826,SKA3WT-CENPB-SET3\Mask_Channel\SKA3WT-CENPB-Set3_Z09_C0_T0.tif,15790.33797963978,10293.6575
268,10_1,5.0,24576.0,SKA3WT-CENPB-SET3\Particle_Channel\SKA3WT-CENPB-Set3_Z10_C1_T0.tif,17368.019156272614,4656.155,20381.6,SKA3WT-CENPB-SET3\Mask_Channel\SKA3WT-CENPB-Set3_Z10_C0_T0.tif,15996.647163192065,10386.2425
269,10_2,5.0,28964.4,SKA3WT-CENPB-SET3\Particle_Channel\SKA3WT-CENPB-Set3_Z10_C1_T0.tif,17368.019156272614,4656.155,16416.8,SKA3WT-CENPB-SET3\Mask_Channel\SKA3WT-CENPB-Set3_Z10_C0_T0.tif,15996.647163192065,10386.2425
296,11_12,26.0,34338.46153846154,SKA3WT-CENPB-SET3\Particle_Channel\SKA3WT-CENPB-Set3_Z11_C1_T0.tif,17273.214387226217,4692.3225,22144.884615384617,SKA3WT-CENPB-SET3\Mask_Channel\SKA3WT-CENPB-Set3_Z11_C0_T0.tif,16114.725820379965,10414.6125
322,13_1,14.0,22311.85714285714,SKA3WT-CENPB-SET3\Particle_Channel\SKA3WT-CENPB-Set3_Z13_C1_T0.tif,17562.40737515782,4484.07,19982.64285714286,SKA3WT-CENPB-SET3\Mask_Channel\SKA3WT-CENPB-Set3_Z13_C0_T0.tif,16464.260881608105,10683.625
323,13_2,41.0,37940.48780487805,SKA3WT-CENPB-SET3\Particle_Channel\SKA3WT-CENPB-Set3_Z13_C1_T0.tif,17562.40737515782,4484.07,21338.09756097561,SKA3WT-CENPB-SET3\Mask_Channel\SKA3WT-CENPB-Set3_Z13_C0_T0.tif,16464.260881608105,10683.625
324,13_3,26.0,38274.46153846154,SKA3WT-CENPB-SET3\Particle_Channel\SKA3WT-CENPB-Set3_Z13_C1_T0.tif,17562.40737515782,4484.07,21051.03846153846,SKA3WT-CENPB-SET3\Mask_Channel\SKA3WT-CENPB-Set3_Z13_C0_T0.tif,16464.260881608105,10683.625
325,13_4,17.0,43143.64705882353,SKA3WT-CENPB-SET3\Particle_Channel\SKA3WT-CENPB-Set3_Z13_C1_T0.tif,17562.40737515782,4484.07,22697.352941176472,SKA3WT-CENPB-SET3\Mask_Channel\SKA3WT-CENPB-Set3_Z13_C0_T0.tif,16464.260881608105,10683.625
326,13_5,5.0,28687.0,SKA3WT-CENPB-SET3\Particle_Channel\SKA3WT-CENPB-Set3_Z13_C1_T0.tif,17562.40737515782,4484.07,19231.6,SKA3WT-CENPB-SET3\Mask_Channel\SKA3WT-CENPB-Set3_Z13_C0_T0.tif,16464.260881608105,10683.625
327,13_6,35.0,43211.08571428571,SKA3WT-CENPB-SET3\Particle_Channel\SKA3WT-CENPB-Set3_Z13_C1_T0.tif,17562.40737515782,4484.07,22669.257142857143,SKA3WT-CENPB-SET3\Mask_Channel\SKA3WT-CENPB-Set3_Z13_C0_T0.tif,16464.260881608105,10683.625
328,13_7,11.0,29238.454545454544,SKA3WT-CENPB-SET3\Particle_Channel\SKA3WT-CENPB-Set3_Z13_C1_T0.tif,17562.40737515782,4484.07,19348.0,SKA3WT-CENPB-SET3\Mask_Channel\SKA3WT-CENPB-Set3_Z13_C0_T0.tif,16464.260881608105,10683.625
329,13_8,57.0,35800.0,SKA3WT-CENPB-SET3\Particle_Channel\SKA3WT-CENPB-Set3_Z13_C1_T0.tif,17562.40737515782,4484.07,22642.43859649123,SKA3WT-CENPB-SET3\Mask_Channel\SKA3WT-CENPB-Set3_Z13_C0_T0.tif,16464.260881608105,10683.625
330,13_9,5.0,32701.2,SKA3WT-CENPB-SET3\Particle_Channel\SKA3WT-CENPB-Set3_Z13_C1_T0.tif,17562.40737515782,4484.07,22655.6,SKA3WT-CENPB-SET3\Mask_Channel\SKA3WT-CENPB-Set3_Z13_C0_T0.tif,16464.260881608105,10683.625
331,13_10,37.0,35610.13513513513,SKA3WT-CENPB-SET3\Particle_Channel\SKA3WT-CENPB-Set3_Z13_C1_T0.tif,17562.40737515782,4484.07,21926.054054054053,SKA3WT-CENPB-SET3\Mask_Channel\SKA3WT-CENPB-Set3_Z13_C0_T0.tif,16464.260881608105,10683.625
332,13_11,8.0,30716.625,SKA3WT-CENPB-SET3\Particle_Channel\SKA3WT-CENPB-Set3_Z13_C1_T0.tif,17562.40737515782,4484.07,22017.125,SKA3WT-CENPB-SET3\Mask_Channel\SKA3WT-CENPB-Set3_Z13_C0_T0.tif,16464.260881608105,10683.625
343,14_3,5.0,21428.6,SKA3WT-CENPB-SET3\Particle_Channel\SKA3WT-CENPB-Set3_Z14_C1_T0.tif,17533.381718544497,4483.9475,19538.2,SKA3WT-CENPB-SET3\Mask_Channel\SKA3WT-CENPB-Set3_Z14_C0_T0.tif,16586.474375873775,10663.46
375,15_13,5.0,26941.2,SKA3WT-CENPB-SET3\Particle_Channel\SKA3WT-CENPB-Set3_Z15_C1_T0.tif,17486.361745906663,4414.35,21032.6,SKA3WT-CENPB-SET3\Mask_Channel\SKA3WT-CENPB-Set3_Z15_C0_T0.tif,16660.982328602917,10694.52
379,15_17,5.0,29621.6,SKA3WT-CENPB-SET3\Particle_Channel\SKA3WT-CENPB-Set3_Z15_C1_T0.tif,17486.361745906663,4414.35,21267.8,SKA3WT-CENPB-SET3\Mask_Channel\SKA3WT-CENPB-Set3_Z15_C0_T0.tif,16660.982328602917,10694.52
385,15_23,8.0,34114.875,SKA3WT-CENPB-SET3\Particle_Channel\SKA3WT-CENPB-Set3_Z15_C1_T0.tif,17486.361745906663,4414.35,21310.0,SKA3WT-CENPB-SET3\Mask_Channel\SKA3WT-CENPB-Set3_Z15_C0_T0.tif,16660.982328602917,10694.52
390,15_28,27.0,36840.0,SKA3WT-CENPB-SET3\Particle_Channel\SKA3WT-CENPB-Set3_Z15_C1_T0.tif,17486.361745906663,4414.35,20395.074074074073,SKA3WT-CENPB-SET3\Mask_Channel\SKA3WT-CENPB-Set3_Z15_C0_T0.tif,16660.982328602917,10694.52
400,16_7,31.0,35154.0,SKA3WT-CENPB-SET3\Particle_Channel\SKA3WT-CENPB-Set3_Z16_C1_T0.tif,17366.401418626036,4440.365,21230.41935483871,SKA3WT-CENPB-SET3\Mask_Channel\SKA3WT-CENPB-Set3_Z16_C0_T0.tif,16826.264869924726,10791.1325
432,17_11,5.0,39741.6,SKA3WT-CENPB-SET3\Particle_Channel\SKA3WT-CENPB-Set3_Z17_C1_T0.tif,17384.736130434783,4465.675,20262.2,SKA3WT-CENPB-SET3\Mask_Channel\SKA3WT-CENPB-Set3_Z17_C0_T0.tif,16997.12293469709,10933.225
437,17_16,5.0,27473.0,SKA3WT-CENPB-SET3\Particle_Channel\SKA3WT-CENPB-Set3_Z17_C1_T0.tif,17384.736130434783,4465.675,19793.0,SKA3WT-CENPB-SET3\Mask_Channel\SKA3WT-CENPB-Set3_Z17_C0_T0.tif,16997.12293469709,10933.225
447,17_26,5.0,32494.2,SKA3WT-CENPB-SET3\Particle_Channel\SKA3WT-CENPB-Set3_Z17_C1_T0.tif,17384.736130434783,4465.675,20472.8,SKA3WT-CENPB-SET3\Mask_Channel\SKA3WT-CENPB-Set3_Z17_C0_T0.tif,16997.12293469709,10933.225
468,18_19,5.0,21114.0,SKA3WT-CENPB-SET3\Particle_Channel\SKA3WT-CENPB-Set3_Z18_C1_T0.tif,17417.084742829953,4568.315,20394.0,SKA3WT-CENPB-SET3\Mask_Channel\SKA3WT-CENPB-Set3_Z18_C0_T0.tif,17010.55365420272,11016.36
472,19_2,5.0,19029.8,SKA3WT-CENPB-SET3\Particle_Channel\SKA3WT-CENPB-Set3_Z19_C1_T0.tif,17460.404413662567,4565.5975,18308.4,SKA3WT-CENPB-SET3\Mask_Channel\SKA3WT-CENPB-Set3_Z19_C0_T0.tif,17132.829611574147,11097.615
484,19_14,5.0,35702.2,SKA3WT-CENPB-SET3\Particle_Channel\SKA3WT-CENPB-Set3_Z19_C1_T0.tif,17460.404413662567,4565.5975,21712.6,SKA3WT-CENPB-SET3\Mask_Channel\SKA3WT-CENPB-Set3_Z19_C0_T0.tif,17132.829611574147,11097.615
501,20_8,5.0,33214.0,SKA3WT-CENPB-SET3\Particle_Channel\SKA3WT-CENPB-Set3_Z20_C1_T0.tif,17529.63027923211,4604.5825,23450.4,SKA3WT-CENPB-SET3\Mask_Channel\SKA3WT-CENPB-Set3_Z20_C0_T0.tif,17216.703340878932,11196.515
502,20_9,5.0,30781.0,SKA3WT-CENPB-SET3\Particle_Channel\SKA3WT-CENPB-Set3_Z20_C1_T0.tif,17529.63027923211,4604.5825,22574.8,SKA3WT-CENPB-SET3\Mask_Channel\SKA3WT-CENPB-Set3_Z20_C0_T0.tif,17216.703340878932,11196.515
503,20_10,5.0,40937.2,SKA3WT-CENPB-SET3\Particle_Channel\SKA3WT-CENPB-Set3_Z20_C1_T0.tif,17529.63027923211,4604.5825,21807.4,SKA3WT-CENPB-SET3\Mask_Channel\SKA3WT-CENPB-Set3_Z20_C0_T0.tif,17216.703340878932,11196.515
506,20_13,5.0,35152.2,SKA3WT-CENPB-SET3\Particle_Channel\SKA3WT-CENPB-Set3_Z20_C1_T0.tif,17529.63027923211,4604.5825,17824.6,SKA3WT-CENPB-SET3\Mask_Channel\SKA3WT-CENPB-Set3_Z20_C0_T0.tif,17216.703340878932,11196.515
511,20_18,26.0,31824.576923076922,SKA3WT-CENPB-SET3\Particle_Channel\SKA3WT-CENPB-Set3_Z20_C1_T0.tif,17529.63027923211,4604.5825,21570.30769230769,SKA3WT-CENPB-SET3\Mask_Channel\SKA3WT-CENPB-Set3_Z20_C0_T0.tif,17216.703340878932,11196.515
515,20_22,5.0,30414.2,SKA3WT-CENPB-SET3\Particle_Channel\SKA3WT-CENPB-Set3_Z20_C1_T0.tif,17529.63027923211,4604.5825,20578.2,SKA3WT-CENPB-SET3\Mask_Channel\SKA3WT-CENPB-Set3_Z20_C0_T0.tif,17216.703340878932,11196.515
523,21_6,5.0,28790.6,SKA3WT-CENPB-SET3\Particle_Channel\SKA3WT-CENPB-Set3_Z21_C1_T0.tif,17435.503210791707,4585.9925,23696.0,SKA3WT-CENPB-SET3\Mask_Channel\SKA3WT-CENPB-Set3_Z21_C0_T0.tif,17289.88478576189,11050.1675
529,21_12,5.0,25087.4,SKA3WT-CENPB-SET3\Particle_Channel\SKA3WT-CENPB-Set3_Z21_C1_T0.tif,17435.503210791707,4585.9925,20743.0,SKA3WT-CENPB-SET3\Mask_Channel\SKA3WT-CENPB-Set3_Z21_C0_T0.tif,17289.88478576189,11050.1675
532,21_15,5.0,34861.4,SKA3WT-CENPB-SET3\Particle_Channel\SKA3WT-CENPB-Set3_Z21_C1_T0.tif,17435.503210791707,4585.9925,20090.0,SKA3WT-CENPB-SET3\Mask_Channel\SKA3WT-CENPB-Set3_Z21_C0_T0.tif,17289.88478576189,11050.1675
535,21_18,5.0,36099.6,SKA3WT-CENPB-SET3\Particle_Channel\SKA3WT-CENPB-Set3_Z21_C1_T0.tif,17435.503210791707,4585.9925,21338.4,SKA3WT-CENPB-SET3\Mask_Channel\SKA3WT-CENPB-Set3_Z21_C0_T0.tif,17289.88478576189,11050.1675
554,22_14,5.0,29517.4,SKA3WT-CENPB-SET3\Particle_Channel\SKA3WT-CENPB-Set3_Z22_C1_T0.tif,17389.373172718308,4525.8825,22221.0,SKA3WT-CENPB-SET3\Mask_Channel\SKA3WT-CENPB-Set3_Z22_C0_T0.tif,17269.138550403546,11107.0225
557,22_17,5.0,39553.2,SKA3WT-CENPB-SET3\Particle_Channel\SKA3WT-CENPB-Set3_Z22_C1_T0.tif,17389.373172718308,4525.8825,19500.2,SKA3WT-CENPB-SET3\Mask_Channel\SKA3WT-CENPB-Set3_Z22_C0_T0.tif,17269.138550403546,11107.0225
570,23_2,5.0,45551.8,SKA3WT-CENPB-SET3\Particle_Channel\SKA3WT-CENPB-Set3_Z23_C1_T0.tif,17258.7963018448,4500.33,18073.2,SKA3WT-CENPB-SET3\Mask_Channel\SKA3WT-CENPB-Set3_Z23_C0_T0.tif,17216.823596477432,11173.315
574,23_6,5.0,31081.4,SKA3WT-CENPB-SET3\Particle_Channel\SKA3WT-CENPB-Set3_Z23_C1_T0.tif,17258.7963018448,4500.33,17656.2,SKA3WT-CENPB-SET3\Mask_Channel\SKA3WT-CENPB-Set3_Z23_C0_T0.tif,17216.823596477432,11173.315
582,23_14,5.0,19174.0,SKA3WT-CENPB-SET3\Particle_Channel\SKA3WT-CENPB-Set3_Z23_C1_T0.tif,17258.7963018448,4500.33,15072.4,SKA3WT-CENPB-SET3\Mask_Channel\SKA3WT-CENPB-Set3_Z23_C0_T0.tif,17216.823596477432,11173.315
584,23_16,5.0,25908.8,SKA3WT-CENPB-SET3\Particle_Channel\SKA3WT-CENPB-Set3_Z23_C1_T0.tif,17258.7963018448,4500.33,20568.0,SKA3WT-CENPB-SET3\Mask_Channel\SKA3WT-CENPB-Set3_Z23_C0_T0.tif,17216.823596477432,11173.315
620,24_20,5.0,37180.6,SKA3WT-CENPB-SET3\Particle_Channel\SKA3WT-CENPB-Set3_Z24_C1_T0.tif,17394.63156289486,4520.595,22734.6,SKA3WT-CENPB-SET3\Mask_Channel\SKA3WT-CENPB-Set3_Z24_C0_T0.tif,17135.40425695701,11032.4625
622,24_22,5.0,27654.6,SKA3WT-CENPB-SET3\Particle_Channel\SKA3WT-CENPB-Set3_Z24_C1_T0.tif,17394.63156289486,4520.595,23117.0,SKA3WT-CENPB-SET3\Mask_Channel\SKA3WT-CENPB-Set3_Z24_C0_T0.tif,17135.40425695701,11032.4625
631,25_1,8.0,17636.75,SKA3WT-CENPB-SET3\Particle_Channel\SKA3WT-CENPB-Set3_Z25_C1_T0.tif,17481.305532653503,4573.17,18852.5,SKA3WT-CENPB-SET3\Mask_Channel\SKA3WT-CENPB-Set3_Z25_C0_T0.tif,17155.53945564911,11001.7925
632,25_2,20.0,36981.05,SKA3WT-CENPB-SET3\Particle_Channel\SKA3WT-CENPB-Set3_Z25_C1_T0.tif,17481.305532653503,4573.17,21287.2,SKA3WT-CENPB-SET3\Mask_Channel\SKA3WT-CENPB-Set3_Z25_C0_T0.tif,17155.53945564911,11001.7925
633,25_3,5.0,54131.6,SKA3WT-CENPB-SET3\Particle_Channel\SKA3WT-CENPB-Set3_Z25_C1_T0.tif,17481.305532653503,4573.17,22633.6,SKA3WT-CENPB-SET3\Mask_Channel\SKA3WT-CENPB-Set3_Z25_C0_T0.tif,17155.53945564911,11001.7925
634,25_4,15.0,38228.86666666667,SKA3WT-CENPB-SET3\Particle_Channel\SKA3WT-CENPB-Set3_Z25_C1_T0.tif,17481.305532653503,4573.17,20456.066666666666,SKA3WT-CENPB-SET3\Mask_Channel\SKA3WT-CENPB-Set3_Z25_C0_T0.tif,17155.53945564911,11001.7925
635,25_5,37.0,37407.81081081081,SKA3WT-CENPB-SET3\Particle_Channel\SKA3WT-CENPB-Set3_Z25_C1_T0.tif,17481.305532653503,4573.17,22897.37837837838,SKA3WT-CENPB-SET3\Mask_Channel\SKA3WT-CENPB-Set3_Z25_C0_T0.tif,17155.53945564911,11001.7925
636,25_6,5.0,20165.4,SKA3WT-CENPB-SET3\Particle_Channel\SKA3WT-CENPB-Set3_Z25_C1_T0.tif,17481.305532653503,4573.17,21389.2,SKA3WT-CENPB-SET3\Mask_Channel\SKA3WT-CENPB-Set3_Z25_C0_T0.tif,17155.53945564911,11001.7925
637,25_7,24.0,33949.583333333336,SKA3WT-CENPB-SET3\Particle_Channel\SKA3WT-CENPB-Set3_Z25_C1_T0.tif,17481.305532653503,4573.17,22648.958333333332,SKA3WT-CENPB-SET3\Mask_Channel\SKA3WT-CENPB-Set3_Z25_C0_T0.tif,17155.53945564911,11001.7925
638,25_8,5.0,38566.0,SKA3WT-CENPB-SET3\Particle_Channel\SKA3WT-CENPB-Set3_Z25_C1_T0.tif,17481.305532653503,4573.17,21027.0,SKA3WT-CENPB-SET3\Mask_Channel\SKA3WT-CENPB-Set3_Z25_C0_T0.tif,17155.53945564911,11001.7925
639,25_9,20.0,39685.85,SKA3WT-CENPB-SET3\Particle_Channel\SKA3WT-CENPB-Set3_Z25_C1_T0.tif,17481.305532653503,4573.17,22695.1,SKA3WT-CENPB-SET3\Mask_Channel\SKA3WT-CENPB-Set3_Z25_C0_T0.tif,17155.53945564911,11001.7925
640,25_10,8.0,28454.75,SKA3WT-CENPB-SET3\Particle_Channel\SKA3WT-CENPB-Set3_Z25_C1_T0.tif,17481.305532653503,4573.17,22175.875,SKA3WT-CENPB-SET3\Mask_Channel\SKA3WT-CENPB-Set3_Z25_C0_T0.tif,17155.53945564911,11001.7925
642,25_12,5.0,40082.6,SKA3WT-CENPB-SET3\Particle_Channel\SKA3WT-CENPB-Set3_Z25_C1_T0.tif,17481.305532653503,4573.17,22710.6,SKA3WT-CENPB-SET3\Mask_Channel\SKA3WT-CENPB-Set3_Z25_C0_T0.tif,17155.53945564911,11001.7925
643,25_13,22.0,29900.0,SKA3WT-CENPB-SET3\Particle_Channel\SKA3WT-CENPB-Set3_Z25_C1_T0.tif,17481.305532653503,4573.17,24033.18181818182,SKA3WT-CENPB-SET3\Mask_Channel\SKA3WT-CENPB-Set3_Z25_C0_T0.tif,17155.53945564911,11001.7925
644,25_14,33.0,33582.181818181816,SKA3WT-CENPB-SET3\Particle_Channel\SKA3WT-CENPB-Set3_Z25_C1_T0.tif,17481.305532653503,4573.17,23245.60606060606,SKA3WT-CENPB-SET3\Mask_Channel\SKA3WT-CENPB-Set3_Z25_C0_T0.tif,17155.53945564911,11001.7925
645,25_15,33.0,33795.666666666664,SKA3WT-CENPB-SET3\Particle_Channel\SKA3WT-CENPB-Set3_Z25_C1_T0.tif,17481.305532653503,4573.17,22878.121212121212,SKA3WT-CENPB-SET3\Mask_Channel\SKA3WT-CENPB-Set3_Z25_C0_T0.tif,17155.53945564911,11001.7925
646,25_16,8.0,28806.0,SKA3WT-CENPB-SET3\Particle_Channel\SKA3WT-CENPB-Set3_Z25_C1_T0.tif,17481.305532653503,4573.17,21079.625,SKA3WT-CENPB-SET3\Mask_Channel\SKA3WT-CENPB-Set3_Z25_C0_T0.tif,17155.53945564911,11001.7925
647,25_17,8.0,32660.875,SKA3WT-CENPB-SET3\Particle_Channel\SKA3WT-CENPB-Set3_Z25_C1_T0.tif,17481.305532653503,4573.17,21972.375,SKA3WT-CENPB-SET3\Mask_Channel\SKA3WT-CENPB-Set3_Z25_C0_T0.tif,17155.53945564911,11001.7925
648,25_18,32.0,26408.40625,SKA3WT-CENPB-SET3\Particle_Channel\SKA3WT-CENPB-Set3_Z25_C1_T0.tif,17481.305532653503,4573.17,23078.96875,SKA3WT-CENPB-SET3\Mask_Channel\SKA3WT-CENPB-Set3_Z25_C0_T0.tif,17155.53945564911,11001.7925
649,25_19,5.0,40369.8,SKA3WT-CENPB-SET3\Particle_Channel\SKA3WT-CENPB-Set3_Z25_C1_T0.tif,17481.305532653503,4573.17,24068.8,SKA3WT-CENPB-SET3\Mask_Channel\SKA3WT-CENPB-Set3_Z25_C0_T0.tif,17155.53945564911,11001.7925
650,25_20,5.0,36998.0,SKA3WT-CENPB-SET3\Particle_Channel\SKA3WT-CENPB-Set3_Z25_C1_T0.tif,17481.305532653503,4573.17,22521.2,SKA3WT-CENPB-SET3\Mask_Channel\SKA3WT-CENPB-Set3_Z25_C0_T0.tif,17155.53945564911,11001.7925
651,25_21,38.0,33894.97368421053,SKA3WT-CENPB-SET3\Particle_Channel\SKA3WT-CENPB-Set3_Z25_C1_T0.tif,17481.305532653503,4573.17,23114.105263157893,SKA3WT-CENPB-SET3\Mask_Channel\SKA3WT-CENPB-Set3_Z25_C0_T0.tif,17155.53945564911,11001.7925
652,25_22,8.0,24236.875,SKA3WT-CENPB-SET3\Particle_Channel\SKA3WT-CENPB-Set3_Z25_C1_T0.tif,17481.305532653503,4573.17,21390.125,SKA3WT-CENPB-SET3\Mask_Channel\SKA3WT-CENPB-Set3_Z25_C0_T0.tif,17155.53945564911,11001.7925
653,25_23,5.0,27453.0,SKA3WT-CENPB-SET3\Particle_Channel\SKA3WT-CENPB-Set3_Z25_C1_T0.tif,17481.305532653503,4573.17,20878.4,SKA3WT-CENPB-SET3\Mask_Channel\SKA3WT-CENPB-Set3_Z25_C0_T0.tif,17155.53945564911,11001.7925
655,25_25,17.0,26731.176470588234,SKA3WT-CENPB-SET3\Particle_Channel\SKA3WT-CENPB-Set3_Z25_C1_T0.tif,17481.305532653503,4573.17,20493.29411764706,SKA3WT-CENPB-SET3\Mask_Channel\SKA3WT-CENPB-Set3_Z25_C0_T0.tif,17155.53945564911,11001.7925
656,26_1,5.0,21226.2,SKA3WT-CENPB-SET3\Particle_Channel\SKA3WT-CENPB-Set3_Z26_C1_T0.tif,17628.127650058144,4537.2425,19929.0,SKA3WT-CENPB-SET3\Mask_Channel\SKA3WT-CENPB-Set3_Z26_C0_T0.tif,17034.389957264957,11060.99
657,26_2,8.0,38595.5,SKA3WT-CENPB-SET3\Particle_Channel\SKA3WT-CENPB-Set3_Z26_C1_T0.tif,17628.127650058144,4537.2425,21755.125,SKA3WT-CENPB-SET3\Mask_Channel\SKA3WT-CENPB-Set3_Z26_C0_T0.tif,17034.389957264957,11060.99
658,26_3,31.0,42304.645161290326,SKA3WT-CENPB-SET3\Particle_Channel\SKA3WT-CENPB-Set3_Z26_C1_T0.tif,17628.127650058144,4537.2425,20674.8064516129,SKA3WT-CENPB-SET3\Mask_Channel\SKA3WT-CENPB-Set3_Z26_C0_T0.tif,17034.389957264957,11060.99
659,26_4,25.0,33303.52,SKA3WT-CENPB-SET3\Particle_Channel\SKA3WT-CENPB-Set3_Z26_C1_T0.tif,17628.127650058144,4537.2425,22867.56,SKA3WT-CENPB-SET3\Mask_Channel\SKA3WT-CENPB-Set3_Z26_C0_T0.tif,17034.389957264957,11060.99
660,26_5,14.0,39203.142857142855,SKA3WT-CENPB-SET3\Particle_Channel\SKA3WT-CENPB-Set3_Z26_C1_T0.tif,17628.127650058144,4537.2425,22547.85714285714,SKA3WT-CENPB-SET3\Mask_Channel\SKA3WT-CENPB-Set3_Z26_C0_T0.tif,17034.389957264957,11060.99
661,26_6,5.0,35046.4,SKA3WT-CENPB-SET3\Particle_Channel\SKA3WT-CENPB-Set3_Z26_C1_T0.tif,17628.127650058144,4537.2425,23837.6,SKA3WT-CENPB-SET3\Mask_Channel\SKA3WT-CENPB-Set3_Z26_C0_T0.tif,17034.389957264957,11060.99
662,26_7,13.0,35250.692307692305,SKA3WT-CENPB-SET3\Particle_Channel\SKA3WT-CENPB-Set3_Z26_C1_T0.tif,17628.127650058144,4537.2425,23315.53846153846,SKA3WT-CENPB-SET3\Mask_Channel\SKA3WT-CENPB-Set3_Z26_C0_T0.tif,17034.389957264957,11060.99
663,26_8,5.0,44113.2,SKA3WT-CENPB-SET3\Particle_Channel\SKA3WT-CENPB-Set3_Z26_C1_T0.tif,17628.127650058144,4537.2425,22161.4,SKA3WT-CENPB-SET3\Mask_Channel\SKA3WT-CENPB-Set3_Z26_C0_T0.tif,17034.389957264957,11060.99
664,26_9,5.0,23895.2,SKA3WT-CENPB-SET3\Particle_Channel\SKA3WT-CENPB-Set3_Z26_C1_T0.tif,17628.127650058144,4537.2425,21973.6,SKA3WT-CENPB-SET3\Mask_Channel\SKA3WT-CENPB-Set3_Z26_C0_T0.tif,17034.389957264957,11060.99
665,26_10,24.0,28762.291666666668,SKA3WT-CENPB-SET3\Particle_Channel\SKA3WT-CENPB-Set3_Z26_C1_T0.tif,17628.127650058144,4537.2425,23947.166666666668,SKA3WT-CENPB-SET3\Mask_Channel\SKA3WT-CENPB-Set3_Z26_C0_T0.tif,17034.389957264957,11060.99
666,26_11,8.0,25925.625,SKA3WT-CENPB-SET3\Particle_Channel\SKA3WT-CENPB-Set3_Z26_C1_T0.tif,17628.127650058144,4537.2425,22254.625,SKA3WT-CENPB-SET3\Mask_Channel\SKA3WT-CENPB-Set3_Z26_C0_T0.tif,17034.389957264957,11060.99
667,26_12,26.0,34302.230769230766,SKA3WT-CENPB-SET3\Particle_Channel\SKA3WT-CENPB-Set3_Z26_C1_T0.tif,17628.127650058144,4537.2425,23197.69230769231,SKA3WT-CENPB-SET3\Mask_Channel\SKA3WT-CENPB-Set3_Z26_C0_T0.tif,17034.389957264957,11060.99
668,26_13,45.0,34495.955555555556,SKA3WT-CENPB-SET3\Particle_Channel\SKA3WT-CENPB-Set3_Z26_C1_T0.tif,17628.127650058144,4537.2425,22993.933333333334,SKA3WT-CENPB-SET3\Mask_Channel\SKA3WT-CENPB-Set3_Z26_C0_T0.tif,17034.389957264957,11060.99
671,26_16,5.0,34169.4,SKA3WT-CENPB-SET3\Particle_Channel\SKA3WT-CENPB-Set3_Z26_C1_T0.tif,17628.127650058144,4537.2425,22950.8,SKA3WT-CENPB-SET3\Mask_Channel\SKA3WT-CENPB-Set3_Z26_C0_T0.tif,17034.389957264957,11060.99
677,26_22,5.0,24882.8,SKA3WT-CENPB-SET3\Particle_Channel\SKA3WT-CENPB-Set3_Z26_C1_T0.tif,17628.127650058144,4537.2425,18874.2,SKA3WT-CENPB-SET3\Mask_Channel\SKA3WT-CENPB-Set3_Z26_C0_T0.tif,17034.389957264957,11060.99
680,26_25,5.0,30990.2,SKA3WT-CENPB-SET3\Particle_Channel\SKA3WT-CENPB-Set3_Z26_C1_T0.tif,17628.127650058144,4537.2425,17915.6,SKA3WT-CENPB-SET3\Mask_Channel\SKA3WT-CENPB-Set3_Z26_C0_T0.tif,17034.389957264957,11060.99
683,27_1,5.0,21725.0,SKA3WT-CENPB-SET3\Particle_Channel\SKA3WT-CENPB-Set3_Z27_C1_T0.tif,17582.379412414404,4533.1625,17884.0,SKA3WT-CENPB-SET3\Mask_Channel\SKA3WT-CENPB-Set3_Z27_C0_T0.tif,16880.085348901863,11042.38
684,27_2,25.0,33296.28,SKA3WT-CENPB-SET3\Particle_Channel\SKA3WT-CENPB-Set3_Z27_C1_T0.tif,17582.379412414404,4533.1625,21765.88,SKA3WT-CENPB-SET3\Mask_Channel\SKA3WT-CENPB-Set3_Z27_C0_T0.tif,16880.085348901863,11042.38
685,27_3,22.0,40964.22727272727,SKA3WT-CENPB-SET3\Particle_Channel\SKA3WT-CENPB-Set3_Z27_C1_T0.tif,17582.379412414404,4533.1625,22231.772727272728,SKA3WT-CENPB-SET3\Mask_Channel\SKA3WT-CENPB-Set3_Z27_C0_T0.tif,16880.085348901863,11042.38
686,27_4,19.0,32964.10526315789,SKA3WT-CENPB-SET3\Particle_Channel\SKA3WT-CENPB-Set3_Z27_C1_T0.tif,17582.379412414404,4533.1625,22458.105263157893,SKA3WT-CENPB-SET3\Mask_Channel\SKA3WT-CENPB-Set3_Z27_C0_T0.tif,16880.085348901863,11042.38
687,27_5,24.0,35269.958333333336,SKA3WT-CENPB-SET3\Particle_Channel\SKA3WT-CENPB-Set3_Z27_C1_T0.tif,17582.379412414404,4533.1625,23122.875,SKA3WT-CENPB-SET3\Mask_Channel\SKA3WT-CENPB-Set3_Z27_C0_T0.tif,16880.085348901863,11042.38
688,27_6,5.0,30770.6,SKA3WT-CENPB-SET3\Particle_Channel\SKA3WT-CENPB-Set3_Z27_C1_T0.tif,17582.379412414404,4533.1625,22976.8,SKA3WT-CENPB-SET3\Mask_Channel\SKA3WT-CENPB-Set3_Z27_C0_T0.tif,16880.085348901863,11042.38
689,27_7,15.0,31573.466666666667,SKA3WT-CENPB-SET3\Particle_Channel\SKA3WT-CENPB-Set3_Z27_C1_T0.tif,17582.379412414404,4533.1625,22091.2,SKA3WT-CENPB-SET3\Mask_Channel\SKA3WT-CENPB-Set3_Z27_C0_T0.tif,16880.085348901863,11042.38
690,27_8,8.0,32492.625,SKA3WT-CENPB-SET3\Particle_Channel\SKA3WT-CENPB-Set3_Z27_C1_T0.tif,17582.379412414404,4533.1625,23229.75,SKA3WT-CENPB-SET3\Mask_Channel\SKA3WT-CENPB-Set3_Z27_C0_T0.tif,16880.085348901863,11042.38
691,27_9,8.0,35551.125,SKA3WT-CENPB-SET3\Particle_Channel\SKA3WT-CENPB-Set3_Z27_C1_T0.tif,17582.379412414404,4533.1625,21116.375,SKA3WT-CENPB-SET3\Mask_Channel\SKA3WT-CENPB-Set3_Z27_C0_T0.tif,16880.085348901863,11042.38
692,27_10,38.0,34896.97368421053,SKA3WT-CENPB-SET3\Particle_Channel\SKA3WT-CENPB-Set3_Z27_C1_T0.tif,17582.379412414404,4533.1625,23474.657894736843,SKA3WT-CENPB-SET3\Mask_Channel\SKA3WT-CENPB-Set3_Z27_C0_T0.tif,16880.085348901863,11042.38
693,27_11,5.0,19115.6,SKA3WT-CENPB-SET3\Particle_Channel\SKA3WT-CENPB-Set3_Z27_C1_T0.tif,17582.379412414404,4533.1625,19715.0,SKA3WT-CENPB-SET3\Mask_Channel\SKA3WT-CENPB-Set3_Z27_C0_T0.tif,16880.085348901863,11042.38
694,27_12,5.0,33478.0,SKA3WT-CENPB-SET3\Particle_Channel\SKA3WT-CENPB-Set3_Z27_C1_T0.tif,17582.379412414404,4533.1625,20792.4,SKA3WT-CENPB-SET3\Mask_Channel\SKA3WT-CENPB-Set3_Z27_C0_T0.tif,16880.085348901863,11042.38
695,27_13,5.0,22096.8,SKA3WT-CENPB-SET3\Particle_Channel\SKA3WT-CENPB-Set3_Z27_C1_T0.tif,17582.379412414404,4533.1625,18986.8,SKA3WT-CENPB-SET3\Mask_Channel\SKA3WT-CENPB-Set3_Z27_C0_T0.tif,16880.085348901863,11042.38
696,27_14,32.0,40055.8125,SKA3WT-CENPB-SET3\Particle_Channel\SKA3WT-CENPB-Set3_Z27_C1_T0.tif,17582.379412414404,4533.1625,24315.875,SKA3WT-CENPB-SET3\Mask_Channel\SKA3WT-CENPB-Set3_Z27_C0_T0.tif,16880.085348901863,11042.38
697,27_15,23.0,31994.434782608696,SKA3WT-CENPB-SET3\Particle_Channel\SKA3WT-CENPB-Set3_Z27_C1_T0.tif,17582.379412414404,4533.1625,21975.17391304348,SKA3WT-CENPB-SET3\Mask_Channel\SKA3WT-CENPB-Set3_Z27_C0_T0.tif,16880.085348901863,11042.38
699,27_17,30.0,25337.4,SKA3WT-CENPB-SET3\Particle_Channel\SKA3WT-CENPB-Set3_Z27_C1_T0.tif,17582.379412414404,4533.1625,19066.766666666666,SKA3WT-CENPB-SET3\Mask_Channel\SKA3WT-CENPB-Set3_Z27_C0_T0.tif,16880.085348901863,11042.38
700,27_18,28.0,26741.14285714286,SKA3WT-CENPB-SET3\Particle_Channel\SKA3WT-CENPB-Set3_Z27_C1_T0.tif,17582.379412414404,4533.1625,19222.75,SKA3WT-CENPB-SET3\Mask_Channel\SKA3WT-CENPB-Set3_Z27_C0_T0.tif,16880.085348901863,11042.38
701,28_1,56.0,35495.28571428572,SKA3WT-CENPB-SET3\Particle_Channel\SKA3WT-CENPB-Set3_Z28_C1_T0.tif,17521.825436078605,4652.425,21262.803571428572,SKA3WT-CENPB-SET3\Mask_Channel\SKA3WT-CENPB-Set3_Z28_C0_T0.tif,16620.328839390386,10923.31
702,28_2,18.0,29148.444444444445,SKA3WT-CENPB-SET3\Particle_Channel\SKA3WT-CENPB-Set3_Z28_C1_T0.tif,17521.825436078605,4652.425,21034.277777777777,SKA3WT-CENPB-SET3\Mask_Channel\SKA3WT-CENPB-Set3_Z28_C0_T0.tif,16620.328839390386,10923.31
703,28_3,5.0,28130.0,SKA3WT-CENPB-SET3\Particle_Channel\SKA3WT-CENPB-Set3_Z28_C1_T0.tif,17521.825436078605,4652.425,23111.8,SKA3WT-CENPB-SET3\Mask_Channel\SKA3WT-CENPB-Set3_Z28_C0_T0.tif,16620.328839390386,10923.31
704,28_4,5.0,37638.2,SKA3WT-CENPB-SET3\Particle_Channel\SKA3WT-CENPB-Set3_Z28_C1_T0.tif,17521.825436078605,4652.425,21191.6,SKA3WT-CENPB-SET3\Mask_Channel\SKA3WT-CENPB-Set3_Z28_C0_T0.tif,16620.328839390386,10923.31
705,28_5,8.0,27683.625,SKA3WT-CENPB-SET3\Particle_Channel\SKA3WT-CENPB-Set3_Z28_C1_T0.tif,17521.825436078605,4652.425,20348.875,SKA3WT-CENPB-SET3\Mask_Channel\SKA3WT-CENPB-Set3_Z28_C0_T0.tif,16620.328839390386,10923.31
706,28_6,5.0,26816.0,SKA3WT-CENPB-SET3\Particle_Channel\SKA3WT-CENPB-Set3_Z28_C1_T0.tif,17521.825436078605,4652.425,20261.2,SKA3WT-CENPB-SET3\Mask_Channel\SKA3WT-CENPB-Set3_Z28_C0_T0.tif,16620.328839390386,10923.31
707,28_7,9.0,40254.555555555555,SKA3WT-CENPB-SET3\Particle_Channel\SKA3WT-CENPB-Set3_Z28_C1_T0.tif,17521.825436078605,4652.425,21732.11111111111,SKA3WT-CENPB-SET3\Mask_Channel\SKA3WT-CENPB-Set3_Z28_C0_T0.tif,16620.328839390386,10923.31
708,28_8,14.0,39584.5,SKA3WT-CENPB-SET3\Particle_Channel\SKA3WT-CENPB-Set3_Z28_C1_T0.tif,17521.825436078605,4652.425,21797.214285714286,SKA3WT-CENPB-SET3\Mask_Channel\SKA3WT-CENPB-Set3_Z28_C0_T0.tif,16620.328839390386,10923.31
709,28_9,40.0,34495.825,SKA3WT-CENPB-SET3\Particle_Channel\SKA3WT-CENPB-Set3_Z28_C1_T0.tif,17521.825436078605,4652.425,23655.625,SKA3WT-CENPB-SET3\Mask_Channel\SKA3WT-CENPB-Set3_Z28_C0_T0.tif,16620.328839390386,10923.31
710,28_10,5.0,34669.8,SKA3WT-CENPB-SET3\Particle_Channel\SKA3WT-CENPB-Set3_Z28_C1_T0.tif,17521.825436078605,4652.425,21829.4,SKA3WT-CENPB-SET3\Mask_Channel\SKA3WT-CENPB-Set3_Z28_C0_T0.tif,16620.328839390386,10923.31
711,28_11,5.0,36434.0,SKA3WT-CENPB-SET3\Particle_Channel\SKA3WT-CENPB-Set3_Z28_C1_T0.tif,17521.825436078605,4652.425,22035.0,SKA3WT-CENPB-SET3\Mask_Channel\SKA3WT-CENPB-Set3_Z28_C0_T0.tif,16620.328839390386,10923.31
712,28_12,45.0,38698.64444444444,SKA3WT-CENPB-SET3\Particle_Channel\SKA3WT-CENPB-Set3_Z28_C1_T0.tif,17521.825436078605,4652.425,23319.066666666666,SKA3WT-CENPB-SET3\Mask_Channel\SKA3WT-CENPB-Set3_Z28_C0_T0.tif,16620.328839390386,10923.31
713,28_13,18.0,32777.944444444445,SKA3WT-CENPB-SET3\Particle_Channel\SKA3WT-CENPB-Set3_Z28_C1_T0.tif,17521.825436078605,4652.425,21479.61111111111,SKA3WT-CENPB-SET3\Mask_Channel\SKA3WT-CENPB-Set3_Z28_C0_T0.tif,16620.328839390386,10923.31
714,28_14,5.0,31150.6,SKA3WT-CENPB-SET3\Particle_Channel\SKA3WT-CENPB-Set3_Z28_C1_T0.tif,17521.825436078605,4652.425,17444.2,SKA3WT-CENPB-SET3\Mask_Channel\SKA3WT-CENPB-Set3_Z28_C0_T0.tif,16620.328839390386,10923.31
720,28_20,8.0,26003.25,SKA3WT-CENPB-SET3\Particle_Channel\SKA3WT-CENPB-Set3_Z28_C1_T0.tif,17521.825436078605,4652.425,19598.75,SKA3WT-CENPB-SET3\Mask_Channel\SKA3WT-CENPB-Set3_Z28_C0_T0.tif,16620.328839390386,10923.31
721,29_1,35.0,32694.685714285715,SKA3WT-CENPB-SET3\Particle_Channel\SKA3WT-CENPB-Set3_Z29_C1_T0.tif,17439.96297272368,4640.865,20952.057142857142,SKA3WT-CENPB-SET3\Mask_Channel\SKA3WT-CENPB-Set3_Z29_C0_T0.tif,16400.502015347647,10693.105
722,29_2,21.0,29956.428571428572,SKA3WT-CENPB-SET3\Particle_Channel\SKA3WT-CENPB-Set3_Z29_C1_T0.tif,17439.96297272368,4640.865,19682.285714285714,SKA3WT-CENPB-SET3\Mask_Channel\SKA3WT-CENPB-Set3_Z29_C0_T0.tif,16400.502015347647,10693.105
723,29_3,19.0,37832.42105263158,SKA3WT-CENPB-SET3\Particle_Channel\SKA3WT-CENPB-Set3_Z29_C1_T0.tif,17439.96297272368,4640.865,21681.736842105263,SKA3WT-CENPB-SET3\Mask_Channel\SKA3WT-CENPB-Set3_Z29_C0_T0.tif,16400.502015347647,10693.105
724,29_4,19.0,38440.94736842105,SKA3WT-CENPB-SET3\Particle_Channel\SKA3WT-CENPB-Set3_Z29_C1_T0.tif,17439.96297272368,4640.865,21893.842105263157,SKA3WT-CENPB-SET3\Mask_Channel\SKA3WT-CENPB-Set3_Z29_C0_T0.tif,16400.502015347647,10693.105
725,29_5,5.0,28117.2,SKA3WT-CENPB-SET3\Particle_Channel\SKA3WT-CENPB-Set3_Z29_C1_T0.tif,17439.96297272368,4640.865,20832.0,SKA3WT-CENPB-SET3\Mask_Channel\SKA3WT-CENPB-Set3_Z29_C0_T0.tif,16400.502015347647,10693.105
726,29_6,23.0,35907.17391304348,SKA3WT-CENPB-SET3\Particle_Channel\SKA3WT-CENPB-Set3_Z29_C1_T0.tif,17439.96297272368,4640.865,22275.130434782608,SKA3WT-CENPB-SET3\Mask_Channel\SKA3WT-CENPB-Set3_Z29_C0_T0.tif,16400.502015347647,10693.105
727,29_7,5.0,29662.2,SKA3WT-CENPB-SET3\Particle_Channel\SKA3WT-CENPB-Set3_Z29_C1_T0.tif,17439.96297272368,4640.865,22057.6,SKA3WT-CENPB-SET3\Mask_Channel\SKA3WT-CENPB-Set3_Z29_C0_T0.tif,16400.502015347647,10693.105
728,29_8,5.0,31250.6,SKA3WT-CENPB-SET3\Particle_Channel\SKA3WT-CENPB-Set3_Z29_C1_T0.tif,17439.96297272368,4640.865,23936.2,SKA3WT-CENPB-SET3\Mask_Channel\SKA3WT-CENPB-Set3_Z29_C0_T0.tif,16400.502015347647,10693.105
729,29_9,24.0,37973.541666666664,SKA3WT-CENPB-SET3\Particle_Channel\SKA3WT-CENPB-Set3_Z29_C1_T0.tif,17439.96297272368,4640.865,23103.458333333332,SKA3WT-CENPB-SET3\Mask_Channel\SKA3WT-CENPB-Set3_Z29_C0_T0.tif,16400.502015347647,10693.105
730,29_10,5.0,39381.8,SKA3WT-CENPB-SET3\Particle_Channel\SKA3WT-CENPB-Set3_Z29_C1_T0.tif,17439.96297272368,4640.865,22494.4,SKA3WT-CENPB-SET3\Mask_Channel\SKA3WT-CENPB-Set3_Z29_C0_T0.tif,16400.502015347647,10693.105
731,29_11,36.0,35091.583333333336,SKA3WT-CENPB-SET3\Particle_Channel\SKA3WT-CENPB-Set3_Z29_C1_T0.tif,17439.96297272368,4640.865,23339.13888888889,SKA3WT-CENPB-SET3\Mask_Channel\SKA3WT-CENPB-Set3_Z29_C0_T0.tif,16400.502015347647,10693.105
732,29_12,9.0,38410.444444444445,SKA3WT-CENPB-SET3\Particle_Channel\SKA3WT-CENPB-Set3_Z29_C1_T0.tif,17439.96297272368,4640.865,20357.777777777777,SKA3WT-CENPB-SET3\Mask_Channel\SKA3WT-CENPB-Set3_Z29_C0_T0.tif,16400.502015347647,10693.105
733,29_13,5.0,38835.4,SKA3WT-CENPB-SET3\Particle_Channel\SKA3WT-CENPB-Set3_Z29_C1_T0.tif,17439.96297272368,4640.865,21410.6,SKA3WT-CENPB-SET3\Mask_Channel\SKA3WT-CENPB-Set3_Z29_C0_T0.tif,16400.502015347647,10693.105
734,29_14,8.0,32556.75,SKA3WT-CENPB-SET3\Particle_Channel\SKA3WT-CENPB-Set3_Z29_C1_T0.tif,17439.96297272368,4640.865,20155.0,SKA3WT-CENPB-SET3\Mask_Channel\SKA3WT-CENPB-Set3_Z29_C0_T0.tif,16400.502015347647,10693.105
735,29_15,28.0,37579.92857142857,SKA3WT-CENPB-SET3\Particle_Channel\SKA3WT-CENPB-Set3_Z29_C1_T0.tif,17439.96297272368,4640.865,23192.89285714286,SKA3WT-CENPB-SET3\Mask_Channel\SKA3WT-CENPB-Set3_Z29_C0_T0.tif,16400.502015347647,10693.105
736,29_16,8.0,30308.5,SKA3WT-CENPB-SET3\Particle_Channel\SKA3WT-CENPB-Set3_Z29_C1_T0.tif,17439.96297272368,4640.865,19370.375,SKA3WT-CENPB-SET3\Mask_Channel\SKA3WT-CENPB-Set3_Z29_C0_T0.tif,16400.502015347647,10693.105
737,29_17,23.0,32042.565217391304,SKA3WT-CENPB-SET3\Particle_Channel\SKA3WT-CENPB-Set3_Z29_C1_T0.tif,17439.96297272368,4640.865,21089.608695652172,SKA3WT-CENPB-SET3\Mask_Channel\SKA3WT-CENPB-Set3_Z29_C0_T0.tif,16400.502015347647,10693.105
738,29_18,26.0,29021.73076923077,SKA3WT-CENPB-SET3\Particle_Channel\SKA3WT-CENPB-Set3_Z29_C1_T0.tif,17439.96297272368,4640.865,20532.69230769231,SKA3WT-CENPB-SET3\Mask_Channel\SKA3WT-CENPB-Set3_Z29_C0_T0.tif,16400.502015347647,10693.105
739,29_19,5.0,29313.2,SKA3WT-CENPB-SET3\Particle_Channel\SKA3WT-CENPB-Set3_Z29_C1_T0.tif,17439.96297272368,4640.865,19648.2,SKA3WT-CENPB-SET3\Mask_Channel\SKA3WT-CENPB-Set3_Z29_C0_T0.tif,16400.502015347647,10693.105
740,29_20,5.0,28207.2,SKA3WT-CENPB-SET3\Particle_Channel\SKA3WT-CENPB-Set3_Z29_C1_T0.tif,17439.96297272368,4640.865,18965.0,SKA3WT-CENPB-SET3\Mask_Channel\SKA3WT-CENPB-Set3_Z29_C0_T0.tif,16400.502015347647,10693.105
741,29_21,14.0,21899.571428571428,SKA3WT-CENPB-SET3\Particle_Channel\SKA3WT-CENPB-Set3_Z29_C1_T0.tif,17439.96297272368,4640.865,19302.214285714286,SKA3WT-CENPB-SET3\Mask_Channel\SKA3WT-CENPB-Set3_Z29_C0_T0.tif,16400.502015347647,10693.105
742,29_22,27.0,28199.185185185186,SKA3WT-CENPB-SET3\Particle_Channel\SKA3WT-CENPB-Set3_Z29_C1_T0.tif,17439.96297272368,4640.865,19098.37037037037,SKA3WT-CENPB-SET3\Mask_Channel\SKA3WT-CENPB-Set3_Z29_C0_T0.tif,16400.502015347647,10693.105
743,29_23,5.0,24507.6,SKA3WT-CENPB-SET3\Particle_Channel\SKA3WT-CENPB-Set3_Z29_C1_T0.tif,17439.96297272368,4640.865,17039.8,SKA3WT-CENPB-SET3\Mask_Channel\SKA3WT-CENPB-Set3_Z29_C0_T0.tif,16400.502015347647,10693.105
744,30_1,16.0,37449.4375,SKA3WT-CENPB-SET3\Particle_Channel\SKA3WT-CENPB-Set3_Z30_C1_T0.tif,17318.08964168827,4655.22,20046.0,SKA3WT-CENPB-SET3\Mask_Channel\SKA3WT-CENPB-Set3_Z30_C0_T0.tif,16523.72772737846,10775.045
746,30_3,13.0,30443.76923076923,SKA3WT-CENPB-SET3\Particle_Channel\SKA3WT-CENPB-Set3_Z30_C1_T0.tif,17318.08964168827,4655.22,19301.76923076923,SKA3WT-CENPB-SET3\Mask_Channel\SKA3WT-CENPB-Set3_Z30_C0_T0.tif,16523.72772737846,10775.045
747,30_4,9.0,39370.88888888889,SKA3WT-CENPB-SET3\Particle_Channel\SKA3WT-CENPB-Set3_Z30_C1_T0.tif,17318.08964168827,4655.22,20434.777777777777,SKA3WT-CENPB-SET3\Mask_Channel\SKA3WT-CENPB-Set3_Z30_C0_T0.tif,16523.72772737846,10775.045
748,30_5,9.0,36821.77777777778,SKA3WT-CENPB-SET3\Particle_Channel\SKA3WT-CENPB-Set3_Z30_C1_T0.tif,17318.08964168827,4655.22,21924.777777777777,SKA3WT-CENPB-SET3\Mask_Channel\SKA3WT-CENPB-Set3_Z30_C0_T0.tif,16523.72772737846,10775.045
749,30_6,23.0,36549.217391304344,SKA3WT-CENPB-SET3\Particle_Channel\SKA3WT-CENPB-Set3_Z30_C1_T0.tif,17318.08964168827,4655.22,22910.565217391304,SKA3WT-CENPB-SET3\Mask_Channel\SKA3WT-CENPB-Set3_Z30_C0_T0.tif,16523.72772737846,10775.045
750,30_7,41.0,37366.9756097561,SKA3WT-CENPB-SET3\Particle_Channel\SKA3WT-CENPB-Set3_Z30_C1_T0.tif,17318.08964168827,4655.22,23433.365853658535,SKA3WT-CENPB-SET3\Mask_Channel\SKA3WT-CENPB-Set3_Z30_C0_T0.tif,16523.72772737846,10775.045
751,30_8,14.0,36361.57142857143,SKA3WT-CENPB-SET3\Particle_Channel\SKA3WT-CENPB-Set3_Z30_C1_T0.tif,17318.08964168827,4655.22,23298.85714285714,SKA3WT-CENPB-SET3\Mask_Channel\SKA3WT-CENPB-Set3_Z30_C0_T0.tif,16523.72772737846,10775.045
752,30_9,14.0,38168.42857142857,SKA3WT-CENPB-SET3\Particle_Channel\SKA3WT-CENPB-Set3_Z30_C1_T0.tif,17318.08964168827,4655.22,23720.785714285714,SKA3WT-CENPB-SET3\Mask_Channel\SKA3WT-CENPB-Set3_Z30_C0_T0.tif,16523.72772737846,10775.045
753,30_10,9.0,38009.555555555555,SKA3WT-CENPB-SET3\Particle_Channel\SKA3WT-CENPB-Set3_Z30_C1_T0.tif,17318.08964168827,4655.22,22940.666666666668,SKA3WT-CENPB-SET3\Mask_Channel\SKA3WT-CENPB-Set3_Z30_C0_T0.tif,16523.72772737846,10775.045
754,30_11,15.0,37808.6,SKA3WT-CENPB-SET3\Particle_Channel\SKA3WT-CENPB-Set3_Z30_C1_T0.tif,17318.08964168827,4655.22,23535.933333333334,SKA3WT-CENPB-SET3\Mask_Channel\SKA3WT-CENPB-Set3_Z30_C0_T0.tif,16523.72772737846,10775.045
755,30_12,5.0,28616.0,SKA3WT-CENPB-SET3\Particle_Channel\SKA3WT-CENPB-Set3_Z30_C1_T0.tif,17318.08964168827,4655.22,21575.0,SKA3WT-CENPB-SET3\Mask_Channel\SKA3WT-CENPB-Set3_Z30_C0_T0.tif,16523.72772737846,10775.045
756,30_13,8.0,34401.625,SKA3WT-CENPB-SET3\Particle_Channel\SKA3WT-CENPB-Set3_Z30_C1_T0.tif,17318.08964168827,4655.22,21961.0,SKA3WT-CENPB-SET3\Mask_Channel\SKA3WT-CENPB-Set3_Z30_C0_T0.tif,16523.72772737846,10775.045
757,30_14,20.0,31302.85,SKA3WT-CENPB-SET3\Particle_Channel\SKA3WT-CENPB-Set3_Z30_C1_T0.tif,17318.08964168827,4655.22,21803.05,SKA3WT-CENPB-SET3\Mask_Channel\SKA3WT-CENPB-Set3_Z30_C0_T0.tif,16523.72772737846,10775.045
758,30_15,20.0,29846.7,SKA3WT-CENPB-SET3\Particle_Channel\SKA3WT-CENPB-Set3_Z30_C1_T0.tif,17318.08964168827,4655.22,20232.55,SKA3WT-CENPB-SET3\Mask_Channel\SKA3WT-CENPB-Set3_Z30_C0_T0.tif,16523.72772737846,10775.045
759,31_1,5.0,33156.6,SKA3WT-CENPB-SET3\Particle_Channel\SKA3WT-CENPB-Set3_Z31_C1_T0.tif,17208.3194092827,4678.3325,17755.8,SKA3WT-CENPB-SET3\Mask_Channel\SKA3WT-CENPB-Set3_Z31_C0_T0.tif,16903.433802162035,11136.02
760,31_2,5.0,34137.8,SKA3WT-CENPB-SET3\Particle_Channel\SKA3WT-CENPB-Set3_Z31_C1_T0.tif,17208.3194092827,4678.3325,21262.8,SKA3WT-CENPB-SET3\Mask_Channel\SKA3WT-CENPB-Set3_Z31_C0_T0.tif,16903.433802162035,11136.02
761,31_3,10.0,37112.6,SKA3WT-CENPB-SET3\Particle_Channel\SKA3WT-CENPB-Set3_Z31_C1_T0.tif,17208.3194092827,4678.3325,22423.7,SKA3WT-CENPB-SET3\Mask_Channel\SKA3WT-CENPB-Set3_Z31_C0_T0.tif,16903.433802162035,11136.02
762,31_4,9.0,29519.88888888889,SKA3WT-CENPB-SET3\Particle_Channel\SKA3WT-CENPB-Set3_Z31_C1_T0.tif,17208.3194092827,4678.3325,22751.0,SKA3WT-CENPB-SET3\Mask_Channel\SKA3WT-CENPB-Set3_Z31_C0_T0.tif,16903.433802162035,11136.02
763,31_5,30.0,37750.4,SKA3WT-CENPB-SET3\Particle_Channel\SKA3WT-CENPB-Set3_Z31_C1_T0.tif,17208.3194092827,4678.3325,22997.8,SKA3WT-CENPB-SET3\Mask_Channel\SKA3WT-CENPB-Set3_Z31_C0_T0.tif,16903.433802162035,11136.02
764,31_6,8.0,29132.25,SKA3WT-CENPB-SET3\Particle_Channel\SKA3WT-CENPB-Set3_Z31_C1_T0.tif,17208.3194092827,4678.3325,20963.625,SKA3WT-CENPB-SET3\Mask_Channel\SKA3WT-CENPB-Set3_Z31_C0_T0.tif,16903.433802162035,11136.02
765,31_7,5.0,24764.8,SKA3WT-CENPB-SET3\Particle_Channel\SKA3WT-CENPB-Set3_Z31_C1_T0.tif,17208.3194092827,4678.3325,20201.6,SKA3WT-CENPB-SET3\Mask_Channel\SKA3WT-CENPB-Set3_Z31_C0_T0.tif,16903.433802162035,11136.02
766,31_8,5.0,32549.4,SKA3WT-CENPB-SET3\Particle_Channel\SKA3WT-CENPB-Set3_Z31_C1_T0.tif,17208.3194092827,4678.3325,23490.4,SKA3WT-CENPB-SET3\Mask_Channel\SKA3WT-CENPB-Set3_Z31_C0_T0.tif,16903.433802162035,11136.02
767,31_9,23.0,36955.17391304348,SKA3WT-CENPB-SET3\Particle_Channel\SKA3WT-CENPB-Set3_Z31_C1_T0.tif,17208.3194092827,4678.3325,24498.82608695652,SKA3WT-CENPB-SET3\Mask_Channel\SKA3WT-CENPB-Set3_Z31_C0_T0.tif,16903.433802162035,11136.02
768,31_10,5.0,40218.8,SKA3WT-CENPB-SET3\Particle_Channel\SKA3WT-CENPB-Set3_Z31_C1_T0.tif,17208.3194092827,4678.3325,25556.4,SKA3WT-CENPB-SET3\Mask_Channel\SKA3WT-CENPB-Set3_Z31_C0_T0.tif,16903.433802162035,11136.02
769,31_11,9.0,34140.333333333336,SKA3WT-CENPB-SET3\Particle_Channel\SKA3WT-CENPB-Set3_Z31_C1_T0.tif,17208.3194092827,4678.3325,22295.222222222223,SKA3WT-CENPB-SET3\Mask_Channel\SKA3WT-CENPB-Set3_Z31_C0_T0.tif,16903.433802162035,11136.02
770,31_12,5.0,29752.6,SKA3WT-CENPB-SET3\Particle_Channel\SKA3WT-CENPB-Set3_Z31_C1_T0.tif,17208.3194092827,4678.3325,22423.0,SKA3WT-CENPB-SET3\Mask_Channel\SKA3WT-CENPB-Set3_Z31_C0_T0.tif,16903.433802162035,11136.02
771,31_13,5.0,29317.6,SKA3WT-CENPB-SET3\Particle_Channel\SKA3WT-CENPB-Set3_Z31_C1_T0.tif,17208.3194092827,4678.3325,23844.2,SKA3WT-CENPB-SET3\Mask_Channel\SKA3WT-CENPB-Set3_Z31_C0_T0.tif,16903.433802162035,11136.02
772,31_14,5.0,34923.2,SKA3WT-CENPB-SET3\Particle_Channel\SKA3WT-CENPB-Set3_Z31_C1_T0.tif,17208.3194092827,4678.3325,22709.8,SKA3WT-CENPB-SET3\Mask_Channel\SKA3WT-CENPB-Set3_Z31_C0_T0.tif,16903.433802162035,11136.02
773,31_15,8.0,26595.375,SKA3WT-CENPB-SET3\Particle_Channel\SKA3WT-CENPB-Set3_Z31_C1_T0.tif,17208.3194092827,4678.3325,22614.0,SKA3WT-CENPB-SET3\Mask_Channel\SKA3WT-CENPB-Set3_Z31_C0_T0.tif,16903.433802162035,11136.02
774,31_16,5.0,28816.8,SKA3WT-CENPB-SET3\Particle_Channel\SKA3WT-CENPB-Set3_Z31_C1_T0.tif,17208.3194092827,4678.3325,21408.0,SKA3WT-CENPB-SET3\Mask_Channel\SKA3WT-CENPB-Set3_Z31_C0_T0.tif,16903.433802162035,11136.02
775,31_17,5.0,29755.2,SKA3WT-CENPB-SET3\Particle_Channel\SKA3WT-CENPB-Set3_Z31_C1_T0.tif,17208.3194092827,4678.3325,18886.4,SKA3WT-CENPB-SET3\Mask_Channel\SKA3WT-CENPB-Set3_Z31_C0_T0.tif,16903.433802162035,11136.02
776,32_1,5.0,33915.6,SKA3WT-CENPB-SET3\Particle_Channel\SKA3WT-CENPB-Set3_Z32_C1_T0.tif,16973.042588042586,4635.225,20610.6,SKA3WT-CENPB-SET3\Mask_Channel\SKA3WT-CENPB-Set3_Z32_C0_T0.tif,17581.37780656304,11551.07
777,32_2,8.0,25092.75,SKA3WT-CENPB-SET3\Particle_Channel\SKA3WT-CENPB-Set3_Z32_C1_T0.tif,16973.042588042586,4635.225,20641.375,SKA3WT-CENPB-SET3\Mask_Channel\SKA3WT-CENPB-Set3_Z32_C0_T0.tif,17581.37780656304,11551.07
778,32_3,5.0,35623.6,SKA3WT-CENPB-SET3\Particle_Channel\SKA3WT-CENPB-Set3_Z32_C1_T0.tif,16973.042588042586,4635.225,20355.4,SKA3WT-CENPB-SET3\Mask_Channel\SKA3WT-CENPB-Set3_Z32_C0_T0.tif,17581.37780656304,11551.07
779,32_4,32.0,34411.34375,SKA3WT-CENPB-SET3\Particle_Channel\SKA3WT-CENPB-Set3_Z32_C1_T0.tif,16973.042588042586,4635.225,23666.25,SKA3WT-CENPB-SET3\Mask_Channel\SKA3WT-CENPB-Set3_Z32_C0_T0.tif,17581.37780656304,11551.07
780,32_5,8.0,34516.0,SKA3WT-CENPB-SET3\Particle_Channel\SKA3WT-CENPB-Set3_Z32_C1_T0.tif,16973.042588042586,4635.225,23891.5,SKA3WT-CENPB-SET3\Mask_Channel\SKA3WT-CENPB-Set3_Z32_C0_T0.tif,17581.37780656304,11551.07
781,32_6,5.0,26243.0,SKA3WT-CENPB-SET3\Particle_Channel\SKA3WT-CENPB-Set3_Z32_C1_T0.tif,16973.042588042586,4635.225,24811.8,SKA3WT-CENPB-SET3\Mask_Channel\SKA3WT-CENPB-Set3_Z32_C0_T0.tif,17581.37780656304,11551.07
782,32_7,12.0,33984.0,SKA3WT-CENPB-SET3\Particle_Channel\SKA3WT-CENPB-Set3_Z32_C1_T0.tif,16973.042588042586,4635.225,23374.75,SKA3WT-CENPB-SET3\Mask_Channel\SKA3WT-CENPB-Set3_Z32_C0_T0.tif,17581.37780656304,11551.07
783,32_8,5.0,32972.6,SKA3WT-CENPB-SET3\Particle_Channel\SKA3WT-CENPB-Set3_Z32_C1_T0.tif,16973.042588042586,4635.225,21532.6,SKA3WT-CENPB-SET3\Mask_Channel\SKA3WT-CENPB-Set3_Z32_C0_T0.tif,17581.37780656304,11551.07
784,32_9,9.0,34142.22222222222,SKA3WT-CENPB-SET3\Particle_Channel\SKA3WT-CENPB-Set3_Z32_C1_T0.tif,16973.042588042586,4635.225,23861.0,SKA3WT-CENPB-SET3\Mask_Channel\SKA3WT-CENPB-Set3_Z32_C0_T0.tif,17581.37780656304,11551.07
785,32_10,5.0,27392.4,SKA3WT-CENPB-SET3\Particle_Channel\SKA3WT-CENPB-Set3_Z32_C1_T0.tif,16973.042588042586,4635.225,22821.4,SKA3WT-CENPB-SET3\Mask_Channel\SKA3WT-CENPB-Set3_Z32_C0_T0.tif,17581.37780656304,11551.07
786,32_11,20.0,31840.45,SKA3WT-CENPB-SET3\Particle_Channel\SKA3WT-CENPB-Set3_Z32_C1_T0.tif,16973.042588042586,4635.225,23441.9,SKA3WT-CENPB-SET3\Mask_Channel\SKA3WT-CENPB-Set3_Z32_C0_T0.tif,17581.37780656304,11551.07
787,32_12,5.0,29596.6,SKA3WT-CENPB-SET3\Particle_Channel\SKA3WT-CENPB-Set3_Z32_C1_T0.tif,16973.042588042586,4635.225,21963.4,SKA3WT-CENPB-SET3\Mask_Channel\SKA3WT-CENPB-Set3_Z32_C0_T0.tif,17581.37780656304,11551.07
788,32_13,42.0,32775.04761904762,SKA3WT-CENPB-SET3\Particle_Channel\SKA3WT-CENPB-Set3_Z32_C1_T0.tif,16973.042588042586,4635.225,24449.166666666668,SKA3WT-CENPB-SET3\Mask_Channel\SKA3WT-CENPB-Set3_Z32_C0_T0.tif,17581.37780656304,11551.07
789,32_14,5.0,34721.8,SKA3WT-CENPB-SET3\Particle_Channel\SKA3WT-CENPB-Set3_Z32_C1_T0.tif,16973.042588042586,4635.225,21772.4,SKA3WT-CENPB-SET3\Mask_Channel\SKA3WT-CENPB-Set3_Z32_C0_T0.tif,17581.37780656304,11551.07
790,32_15,5.0,21244.2,SKA3WT-CENPB-SET3\Particle_Channel\SKA3WT-CENPB-Set3_Z32_C1_T0.tif,16973.042588042586,4635.225,20683.4,SKA3WT-CENPB-SET3\Mask_Channel\SKA3WT-CENPB-Set3_Z32_C0_T0.tif,17581.37780656304,11551.07
791,32_16,8.0,30137.875,SKA3WT-CENPB-SET3\Particle_Channel\SKA3WT-CENPB-Set3_Z32_C1_T0.tif,16973.042588042586,4635.225,21863.125,SKA3WT-CENPB-SET3\Mask_Channel\SKA3WT-CENPB-Set3_Z32_C0_T0.tif,17581.37780656304,11551.07
792,32_17,5.0,25944.4,SKA3WT-CENPB-SET3\Particle_Channel\SKA3WT-CENPB-Set3_Z32_C1_T0.tif,16973.042588042586,4635.225,20810.4,SKA3WT-CENPB-SET3\Mask_Channel\SKA3WT-CENPB-Set3_Z32_C0_T0.tif,17581.37780656304,11551.07
793,32_18,5.0,20251.4,SKA3WT-CENPB-SET3\Particle_Channel\SKA3WT-CENPB-Set3_Z32_C1_T0.tif,16973.042588042586,4635.225,19489.6,SKA3WT-CENPB-SET3\Mask_Channel\SKA3WT-CENPB-Set3_Z32_C0_T0.tif,17581.37780656304,11551.07
794,32_19,5.0,32374.4,SKA3WT-CENPB-SET3\Particle_Channel\SKA3WT-CENPB-Set3_Z32_C1_T0.tif,16973.042588042586,4635.225,19805.0,SKA3WT-CENPB-SET3\Mask_Channel\SKA3WT-CENPB-Set3_Z32_C0_T0.tif,17581.37780656304,11551.07
795,32_20,19.0,25951.894736842107,SKA3WT-CENPB-SET3\Particle_Channel\SKA3WT-CENPB-Set3_Z32_C1_T0.tif,16973.042588042586,4635.225,22150.105263157893,SKA3WT-CENPB-SET3\Mask_Channel\SKA3WT-CENPB-Set3_Z32_C0_T0.tif,17581.37780656304,11551.07
796,32_21,5.0,26220.0,SKA3WT-CENPB-SET3\Particle_Channel\SKA3WT-CENPB-Set3_Z32_C1_T0.tif,16973.042588042586,4635.225,21013.8,SKA3WT-CENPB-SET3\Mask_Channel\SKA3WT-CENPB-Set3_Z32_C0_T0.tif,17581.37780656304,11551.07
797,32_22,5.0,22439.4,SKA3WT-CENPB-SET3\Particle_Channel\SKA3WT-CENPB-Set3_Z32_C1_T0.tif,16973.042588042586,4635.225,18539.2,SKA3WT-CENPB-SET3\Mask_Channel\SKA3WT-CENPB-Set3_Z32_C0_T0.tif,17581.37780656304,11551.07
798,33_1,5.0,32817.8,SKA3WT-CENPB-SET3\Particle_Channel\SKA3WT-CENPB-Set3_Z33_C1_T0.tif,16713.197753187193,4663.4425,21488.8,SKA3WT-CENPB-SET3\Mask_Channel\SKA3WT-CENPB-Set3_Z33_C0_T0.tif,18491.649330691147,12125.5225
799,33_2,63.0,31327.492063492064,SKA3WT-CENPB-SET3\Particle_Channel\SKA3WT-CENPB-Set3_Z33_C1_T0.tif,16713.197753187193,4663.4425,23658.634920634922,SKA3WT-CENPB-SET3\Mask_Channel\SKA3WT-CENPB-Set3_Z33_C0_T0.tif,18491.649330691147,12125.5225
800,33_3,5.0,32335.4,SKA3WT-CENPB-SET3\Particle_Channel\SKA3WT-CENPB-Set3_Z33_C1_T0.tif,16713.197753187193,4663.4425,24096.0,SKA3WT-CENPB-SET3\Mask_Channel\SKA3WT-CENPB-Set3_Z33_C0_T0.tif,18491.649330691147,12125.5225
801,33_4,5.0,35769.2,SKA3WT-CENPB-SET3\Particle_Channel\SKA3WT-CENPB-Set3_Z33_C1_T0.tif,16713.197753187193,4663.4425,23298.2,SKA3WT-CENPB-SET3\Mask_Channel\SKA3WT-CENPB-Set3_Z33_C0_T0.tif,18491.649330691147,12125.5225
802,33_5,16.0,26590.0,SKA3WT-CENPB-SET3\Particle_Channel\SKA3WT-CENPB-Set3_Z33_C1_T0.tif,16713.197753187193,4663.4425,24340.5,SKA3WT-CENPB-SET3\Mask_Channel\SKA3WT-CENPB-Set3_Z33_C0_T0.tif,18491.649330691147,12125.5225
803,33_6,5.0,22290.2,SKA3WT-CENPB-SET3\Particle_Channel\SKA3WT-CENPB-Set3_Z33_C1_T0.tif,16713.197753187193,4663.4425,21160.2,SKA3WT-CENPB-SET3\Mask_Channel\SKA3WT-CENPB-Set3_Z33_C0_T0.tif,18491.649330691147,12125.5225
804,33_7,29.0,32480.03448275862,SKA3WT-CENPB-SET3\Particle_Channel\SKA3WT-CENPB-Set3_Z33_C1_T0.tif,16713.197753187193,4663.4425,25527.48275862069,SKA3WT-CENPB-SET3\Mask_Channel\SKA3WT-CENPB-Set3_Z33_C0_T0.tif,18491.649330691147,12125.5225
805,33_8,5.0,28017.2,SKA3WT-CENPB-SET3\Particle_Channel\SKA3WT-CENPB-Set3_Z33_C1_T0.tif,16713.197753187193,4663.4425,22724.6,SKA3WT-CENPB-SET3\Mask_Channel\SKA3WT-CENPB-Set3_Z33_C0_T0.tif,18491.649330691147,12125.5225
806,33_9,5.0,29527.2,SKA3WT-CENPB-SET3\Particle_Channel\SKA3WT-CENPB-Set3_Z33_C1_T0.tif,16713.197753187193,4663.4425,22246.4,SKA3WT-CENPB-SET3\Mask_Channel\SKA3WT-CENPB-Set3_Z33_C0_T0.tif,18491.649330691147,12125.5225
807,33_10,8.0,22704.375,SKA3WT-CENPB-SET3\Particle_Channel\SKA3WT-CENPB-Set3_Z33_C1_T0.tif,16713.197753187193,4663.4425,21837.875,SKA3WT-CENPB-SET3\Mask_Channel\SKA3WT-CENPB-Set3_Z33_C0_T0.tif,18491.649330691147,12125.5225
808,33_11,5.0,26091.4,SKA3WT-CENPB-SET3\Particle_Channel\SKA3WT-CENPB-Set3_Z33_C1_T0.tif,16713.197753187193,4663.4425,23202.2,SKA3WT-CENPB-SET3\Mask_Channel\SKA3WT-CENPB-Set3_Z33_C0_T0.tif,18491.649330691147,12125.5225
809,33_12,9.0,17325.444444444445,SKA3WT-CENPB-SET3\Particle_Channel\SKA3WT-CENPB-Set3_Z33_C1_T0.tif,16713.197753187193,4663.4425,21599.555555555555,SKA3WT-CENPB-SET3\Mask_Channel\SKA3WT-CENPB-Set3_Z33_C0_T0.tif,18491.649330691147,12125.5225
810,33_13,8.0,21550.0,SKA3WT-CENPB-SET3\Particle_Channel\SKA3WT-CENPB-Set3_Z33_C1_T0.tif,16713.197753187193,4663.4425,21475.125,SKA3WT-CENPB-SET3\Mask_Channel\SKA3WT-CENPB-Set3_Z33_C0_T0.tif,18491.649330691147,12125.5225
811,33_14,27.0,25430.85185185185,SKA3WT-CENPB-SET3\Particle_Channel\SKA3WT-CENPB-Set3_Z33_C1_T0.tif,16713.197753187193,4663.4425,23186.222222222223,SKA3WT-CENPB-SET3\Mask_Channel\SKA3WT-CENPB-Set3_Z33_C0_T0.tif,18491.649330691147,12125.5225
812,33_15,5.0,24724.2,SKA3WT-CENPB-SET3\Particle_Channel\SKA3WT-CENPB-Set3_Z33_C1_T0.tif,16713.197753187193,4663.4425,20376.8,SKA3WT-CENPB-SET3\Mask_Channel\SKA3WT-CENPB-Set3_Z33_C0_T0.tif,18491.649330691147,12125.5225
813,33_16,5.0,20910.0,SKA3WT-CENPB-SET3\Particle_Channel\SKA3WT-CENPB-Set3_Z33_C1_T0.tif,16713.197753187193,4663.4425,23171.0,SKA3WT-CENPB-SET3\Mask_Channel\SKA3WT-CENPB-Set3_Z33_C0_T0.tif,18491.649330691147,12125.5225
