,Unnamed: 0,label,area,mean_intensity_nuf2_CFP,fname_nuf2_CFP,nuf2_CFP_cyto,nuf2_CFP_bg,mean_intensity_YFP_pp1,fname_YFP_pp1,YFP_pp1_cyto,YFP_pp1_bg,YFP_pp1@kt/YFP_pp1@cyto,nuf2_CFP@kt/nuf2_CFP@cyto,YFP_pp1@kt/YFP_pp1@cyto:nuf2_CFP@kt/nuf2_CFP@cyto,condition,cell,Experiment
0,0,0_1,10,5866.6,Expt2021_006_Set2_HeLaYFP-PP1_Nuf2-CFP_STLC_MG132_DMSO_well3_point7_10min01_R3D_D3D_Z00_C0_T0.tif,4586.9934771700955,4287.8325,5172.9,Expt2021_006_Set2_HeLaYFP-PP1_Nuf2-CFP_STLC_MG132_DMSO_well3_point7_10min01_R3D_D3D_Z00_C1_T0.tif,5460.00766328696,4105.7825,0.9474162526881656,1.2789641034369525,0.740768447012844,dmso,set2_pp1_dmso_cell_3,Expt2021_006_Set2_HeLaYFP-PP1_Nuf2-CFP_STLC_MG132_DMSO_well3_point7_10min01_R3D_D3D
1,1,0_2,5,5706.8,Expt2021_006_Set2_HeLaYFP-PP1_Nuf2-CFP_STLC_MG132_DMSO_well3_point7_10min01_R3D_D3D_Z00_C0_T0.tif,4586.9934771700955,4287.8325,6262.2,Expt2021_006_Set2_HeLaYFP-PP1_Nuf2-CFP_STLC_MG132_DMSO_well3_point7_10min01_R3D_D3D_Z00_C1_T0.tif,5460.00766328696,4105.7825,1.1469214671816257,1.2441264694190843,0.9218688737626117,dmso,set2_pp1_dmso_cell_3,Expt2021_006_Set2_HeLaYFP-PP1_Nuf2-CFP_STLC_MG132_DMSO_well3_point7_10min01_R3D_D3D
2,2,0_3,11,5794.727272727273,Expt2021_006_Set2_HeLaYFP-PP1_Nuf2-CFP_STLC_MG132_DMSO_well3_point7_10min01_R3D_D3D_Z00_C0_T0.tif,4586.9934771700955,4287.8325,6350.363636363636,Expt2021_006_Set2_HeLaYFP-PP1_Nuf2-CFP_STLC_MG132_DMSO_well3_point7_10min01_R3D_D3D_Z00_C1_T0.tif,5460.00766328696,4105.7825,1.1630686306657445,1.2632952938712871,0.9206625215088038,dmso,set2_pp1_dmso_cell_3,Expt2021_006_Set2_HeLaYFP-PP1_Nuf2-CFP_STLC_MG132_DMSO_well3_point7_10min01_R3D_D3D
3,3,0_4,10,5817.6,Expt2021_006_Set2_HeLaYFP-PP1_Nuf2-CFP_STLC_MG132_DMSO_well3_point7_10min01_R3D_D3D_Z00_C0_T0.tif,4586.9934771700955,4287.8325,5557.3,Expt2021_006_Set2_HeLaYFP-PP1_Nuf2-CFP_STLC_MG132_DMSO_well3_point7_10min01_R3D_D3D_Z00_C1_T0.tif,5460.00766328696,4105.7825,1.0178190842784403,1.2682817250459917,0.8025181347161106,dmso,set2_pp1_dmso_cell_3,Expt2021_006_Set2_HeLaYFP-PP1_Nuf2-CFP_STLC_MG132_DMSO_well3_point7_10min01_R3D_D3D
4,4,0_5,22,6056.954545454545,Expt2021_006_Set2_HeLaYFP-PP1_Nuf2-CFP_STLC_MG132_DMSO_well3_point7_10min01_R3D_D3D_Z00_C0_T0.tif,4586.9934771700955,4287.8325,5748.318181818182,Expt2021_006_Set2_HeLaYFP-PP1_Nuf2-CFP_STLC_MG132_DMSO_well3_point7_10min01_R3D_D3D_Z00_C1_T0.tif,5460.00766328696,4105.7825,1.0528040501609217,1.3204628643141931,0.7972992490839301,dmso,set2_pp1_dmso_cell_3,Expt2021_006_Set2_HeLaYFP-PP1_Nuf2-CFP_STLC_MG132_DMSO_well3_point7_10min01_R3D_D3D
5,5,0_6,16,6083.9375,Expt2021_006_Set2_HeLaYFP-PP1_Nuf2-CFP_STLC_MG132_DMSO_well3_point7_10min01_R3D_D3D_Z00_C0_T0.tif,4586.9934771700955,4287.8325,6212.5,Expt2021_006_Set2_HeLaYFP-PP1_Nuf2-CFP_STLC_MG132_DMSO_well3_point7_10min01_R3D_D3D_Z00_C1_T0.tif,5460.00766328696,4105.7825,1.1378189158547873,1.3263453567746146,0.8578602172074679,dmso,set2_pp1_dmso_cell_3,Expt2021_006_Set2_HeLaYFP-PP1_Nuf2-CFP_STLC_MG132_DMSO_well3_point7_10min01_R3D_D3D
6,6,0_7,8,5582.75,Expt2021_006_Set2_HeLaYFP-PP1_Nuf2-CFP_STLC_MG132_DMSO_well3_point7_10min01_R3D_D3D_Z00_C0_T0.tif,4586.9934771700955,4287.8325,5758.75,Expt2021_006_Set2_HeLaYFP-PP1_Nuf2-CFP_STLC_MG132_DMSO_well3_point7_10min01_R3D_D3D_Z00_C1_T0.tif,5460.00766328696,4105.7825,1.0547146368899407,1.2170826114721722,0.8665924785616379,dmso,set2_pp1_dmso_cell_3,Expt2021_006_Set2_HeLaYFP-PP1_Nuf2-CFP_STLC_MG132_DMSO_well3_point7_10min01_R3D_D3D
7,7,1_1,11,5971.909090909091,Expt2021_006_Set2_HeLaYFP-PP1_Nuf2-CFP_STLC_MG132_DMSO_well3_point7_10min01_R3D_D3D_Z01_C0_T0.tif,4626.126355643971,4299.5625,5535.636363636364,Expt2021_006_Set2_HeLaYFP-PP1_Nuf2-CFP_STLC_MG132_DMSO_well3_point7_10min01_R3D_D3D_Z01_C1_T0.tif,5494.239221931521,4097.695,1.007534644931294,1.2909092039008483,0.7804845157868132,dmso,set2_pp1_dmso_cell_3,Expt2021_006_Set2_HeLaYFP-PP1_Nuf2-CFP_STLC_MG132_DMSO_well3_point7_10min01_R3D_D3D
8,8,1_2,8,6013.375,Expt2021_006_Set2_HeLaYFP-PP1_Nuf2-CFP_STLC_MG132_DMSO_well3_point7_10min01_R3D_D3D_Z01_C0_T0.tif,4626.126355643971,4299.5625,5825.875,Expt2021_006_Set2_HeLaYFP-PP1_Nuf2-CFP_STLC_MG132_DMSO_well3_point7_10min01_R3D_D3D_Z01_C1_T0.tif,5494.239221931521,4097.695,1.0603606367820095,1.299872622948043,0.8157419566058458,dmso,set2_pp1_dmso_cell_3,Expt2021_006_Set2_HeLaYFP-PP1_Nuf2-CFP_STLC_MG132_DMSO_well3_point7_10min01_R3D_D3D
9,9,1_3,10,6087.9,Expt2021_006_Set2_HeLaYFP-PP1_Nuf2-CFP_STLC_MG132_DMSO_well3_point7_10min01_R3D_D3D_Z01_C0_T0.tif,4626.126355643971,4299.5625,5909.7,Expt2021_006_Set2_HeLaYFP-PP1_Nuf2-CFP_STLC_MG132_DMSO_well3_point7_10min01_R3D_D3D_Z01_C1_T0.tif,5494.239221931521,4097.695,1.0756175261554086,1.315982213190661,0.817349592854696,dmso,set2_pp1_dmso_cell_3,Expt2021_006_Set2_HeLaYFP-PP1_Nuf2-CFP_STLC_MG132_DMSO_well3_point7_10min01_R3D_D3D
10,10,1_4,14,6157.714285714284,Expt2021_006_Set2_HeLaYFP-PP1_Nuf2-CFP_STLC_MG132_DMSO_well3_point7_10min01_R3D_D3D_Z01_C0_T0.tif,4626.126355643971,4299.5625,5719.571428571428,Expt2021_006_Set2_HeLaYFP-PP1_Nuf2-CFP_STLC_MG132_DMSO_well3_point7_10min01_R3D_D3D_Z01_C1_T0.tif,5494.239221931521,4097.695,1.0410124491377155,1.331073518604122,0.7820848620213033,dmso,set2_pp1_dmso_cell_3,Expt2021_006_Set2_HeLaYFP-PP1_Nuf2-CFP_STLC_MG132_DMSO_well3_point7_10min01_R3D_D3D
11,11,1_5,30,5695.833333333332,Expt2021_006_Set2_HeLaYFP-PP1_Nuf2-CFP_STLC_MG132_DMSO_well3_point7_10min01_R3D_D3D_Z01_C0_T0.tif,4626.126355643971,4299.5625,6074.7,Expt2021_006_Set2_HeLaYFP-PP1_Nuf2-CFP_STLC_MG132_DMSO_well3_point7_10min01_R3D_D3D_Z01_C1_T0.tif,5494.239221931521,4097.695,1.1056489815280406,1.2312316818550137,0.8980023807235319,dmso,set2_pp1_dmso_cell_3,Expt2021_006_Set2_HeLaYFP-PP1_Nuf2-CFP_STLC_MG132_DMSO_well3_point7_10min01_R3D_D3D
12,12,1_6,5,5430.0,Expt2021_006_Set2_HeLaYFP-PP1_Nuf2-CFP_STLC_MG132_DMSO_well3_point7_10min01_R3D_D3D_Z01_C0_T0.tif,4626.126355643971,4299.5625,5787.2,Expt2021_006_Set2_HeLaYFP-PP1_Nuf2-CFP_STLC_MG132_DMSO_well3_point7_10min01_R3D_D3D_Z01_C1_T0.tif,5494.239221931521,4097.695,1.053321445651485,1.1737681988247655,0.8973845489306341,dmso,set2_pp1_dmso_cell_3,Expt2021_006_Set2_HeLaYFP-PP1_Nuf2-CFP_STLC_MG132_DMSO_well3_point7_10min01_R3D_D3D
13,13,1_7,5,5635.0,Expt2021_006_Set2_HeLaYFP-PP1_Nuf2-CFP_STLC_MG132_DMSO_well3_point7_10min01_R3D_D3D_Z01_C0_T0.tif,4626.126355643971,4299.5625,5369.2,Expt2021_006_Set2_HeLaYFP-PP1_Nuf2-CFP_STLC_MG132_DMSO_well3_point7_10min01_R3D_D3D_Z01_C1_T0.tif,5494.239221931521,4097.695,0.9772417587074844,1.2180817311929195,0.8022793000519184,dmso,set2_pp1_dmso_cell_3,Expt2021_006_Set2_HeLaYFP-PP1_Nuf2-CFP_STLC_MG132_DMSO_well3_point7_10min01_R3D_D3D
14,14,2_1,26,5646.384615384615,Expt2021_006_Set2_HeLaYFP-PP1_Nuf2-CFP_STLC_MG132_DMSO_well3_point7_10min01_R3D_D3D_Z02_C0_T0.tif,4685.993227859186,4319.85,5685.615384615385,Expt2021_006_Set2_HeLaYFP-PP1_Nuf2-CFP_STLC_MG132_DMSO_well3_point7_10min01_R3D_D3D_Z02_C1_T0.tif,5526.27791576972,4226.825,1.0288326919627009,1.204949375900867,0.8538389350950994,dmso,set2_pp1_dmso_cell_3,Expt2021_006_Set2_HeLaYFP-PP1_Nuf2-CFP_STLC_MG132_DMSO_well3_point7_10min01_R3D_D3D
15,15,2_2,18,5986.944444444444,Expt2021_006_Set2_HeLaYFP-PP1_Nuf2-CFP_STLC_MG132_DMSO_well3_point7_10min01_R3D_D3D_Z02_C0_T0.tif,4685.993227859186,4319.85,5777.5,Expt2021_006_Set2_HeLaYFP-PP1_Nuf2-CFP_STLC_MG132_DMSO_well3_point7_10min01_R3D_D3D_Z02_C1_T0.tif,5526.27791576972,4226.825,1.0454595458388722,1.2776255007904915,0.8182832490366123,dmso,set2_pp1_dmso_cell_3,Expt2021_006_Set2_HeLaYFP-PP1_Nuf2-CFP_STLC_MG132_DMSO_well3_point7_10min01_R3D_D3D
16,16,2_3,12,6048.083333333332,Expt2021_006_Set2_HeLaYFP-PP1_Nuf2-CFP_STLC_MG132_DMSO_well3_point7_10min01_R3D_D3D_Z02_C0_T0.tif,4685.993227859186,4319.85,6122.25,Expt2021_006_Set2_HeLaYFP-PP1_Nuf2-CFP_STLC_MG132_DMSO_well3_point7_10min01_R3D_D3D_Z02_C1_T0.tif,5526.27791576972,4226.825,1.1078433067091362,1.2906726576931957,0.8583456851787437,dmso,set2_pp1_dmso_cell_3,Expt2021_006_Set2_HeLaYFP-PP1_Nuf2-CFP_STLC_MG132_DMSO_well3_point7_10min01_R3D_D3D
17,17,2_4,20,5802.45,Expt2021_006_Set2_HeLaYFP-PP1_Nuf2-CFP_STLC_MG132_DMSO_well3_point7_10min01_R3D_D3D_Z02_C0_T0.tif,4685.993227859186,4319.85,5831.55,Expt2021_006_Set2_HeLaYFP-PP1_Nuf2-CFP_STLC_MG132_DMSO_well3_point7_10min01_R3D_D3D_Z02_C1_T0.tif,5526.27791576972,4226.825,1.0552400890587061,1.2382540302242118,0.852200003635468,dmso,set2_pp1_dmso_cell_3,Expt2021_006_Set2_HeLaYFP-PP1_Nuf2-CFP_STLC_MG132_DMSO_well3_point7_10min01_R3D_D3D
18,18,2_5,17,6070.176470588235,Expt2021_006_Set2_HeLaYFP-PP1_Nuf2-CFP_STLC_MG132_DMSO_well3_point7_10min01_R3D_D3D_Z02_C0_T0.tif,4685.993227859186,4319.85,5814.882352941177,Expt2021_006_Set2_HeLaYFP-PP1_Nuf2-CFP_STLC_MG132_DMSO_well3_point7_10min01_R3D_D3D_Z02_C1_T0.tif,5526.27791576972,4226.825,1.0522240179683868,1.295387375828842,0.8122852187710498,dmso,set2_pp1_dmso_cell_3,Expt2021_006_Set2_HeLaYFP-PP1_Nuf2-CFP_STLC_MG132_DMSO_well3_point7_10min01_R3D_D3D
19,19,2_6,14,6149.071428571428,Expt2021_006_Set2_HeLaYFP-PP1_Nuf2-CFP_STLC_MG132_DMSO_well3_point7_10min01_R3D_D3D_Z02_C0_T0.tif,4685.993227859186,4319.85,5875.214285714284,Expt2021_006_Set2_HeLaYFP-PP1_Nuf2-CFP_STLC_MG132_DMSO_well3_point7_10min01_R3D_D3D_Z02_C1_T0.tif,5526.27791576972,4226.825,1.0631412996709493,1.3122237121500613,0.8101829663853629,dmso,set2_pp1_dmso_cell_3,Expt2021_006_Set2_HeLaYFP-PP1_Nuf2-CFP_STLC_MG132_DMSO_well3_point7_10min01_R3D_D3D
20,20,2_7,5,5561.6,Expt2021_006_Set2_HeLaYFP-PP1_Nuf2-CFP_STLC_MG132_DMSO_well3_point7_10min01_R3D_D3D_Z02_C0_T0.tif,4685.993227859186,4319.85,5318.2,Expt2021_006_Set2_HeLaYFP-PP1_Nuf2-CFP_STLC_MG132_DMSO_well3_point7_10min01_R3D_D3D_Z02_C1_T0.tif,5526.27791576972,4226.825,0.9623475476729191,1.1868561753216273,0.8108375451744451,dmso,set2_pp1_dmso_cell_3,Expt2021_006_Set2_HeLaYFP-PP1_Nuf2-CFP_STLC_MG132_DMSO_well3_point7_10min01_R3D_D3D
22,22,3_2,25,5548.52,Expt2021_006_Set2_HeLaYFP-PP1_Nuf2-CFP_STLC_MG132_DMSO_well3_point7_10min01_R3D_D3D_Z03_C0_T0.tif,4718.673644205827,4342.1925,5541.24,Expt2021_006_Set2_HeLaYFP-PP1_Nuf2-CFP_STLC_MG132_DMSO_well3_point7_10min01_R3D_D3D_Z03_C1_T0.tif,5539.73323220284,4267.9425,1.00027199284406,1.1758643250976175,0.8506695640766376,dmso,set2_pp1_dmso_cell_3,Expt2021_006_Set2_HeLaYFP-PP1_Nuf2-CFP_STLC_MG132_DMSO_well3_point7_10min01_R3D_D3D
23,23,3_3,14,5797.071428571428,Expt2021_006_Set2_HeLaYFP-PP1_Nuf2-CFP_STLC_MG132_DMSO_well3_point7_10min01_R3D_D3D_Z03_C0_T0.tif,4718.673644205827,4342.1925,5652.857142857143,Expt2021_006_Set2_HeLaYFP-PP1_Nuf2-CFP_STLC_MG132_DMSO_well3_point7_10min01_R3D_D3D_Z03_C1_T0.tif,5539.73323220284,4267.9425,1.0204204617646038,1.2285383278603705,0.8305971727734159,dmso,set2_pp1_dmso_cell_3,Expt2021_006_Set2_HeLaYFP-PP1_Nuf2-CFP_STLC_MG132_DMSO_well3_point7_10min01_R3D_D3D
24,24,3_4,8,5812.25,Expt2021_006_Set2_HeLaYFP-PP1_Nuf2-CFP_STLC_MG132_DMSO_well3_point7_10min01_R3D_D3D_Z03_C0_T0.tif,4718.673644205827,4342.1925,5850.125,Expt2021_006_Set2_HeLaYFP-PP1_Nuf2-CFP_STLC_MG132_DMSO_well3_point7_10min01_R3D_D3D_Z03_C1_T0.tif,5539.73323220284,4267.9425,1.0560300929280912,1.2317550308097702,0.8573377550841783,dmso,set2_pp1_dmso_cell_3,Expt2021_006_Set2_HeLaYFP-PP1_Nuf2-CFP_STLC_MG132_DMSO_well3_point7_10min01_R3D_D3D
25,25,3_5,25,5853.16,Expt2021_006_Set2_HeLaYFP-PP1_Nuf2-CFP_STLC_MG132_DMSO_well3_point7_10min01_R3D_D3D_Z03_C0_T0.tif,4718.673644205827,4342.1925,6104.56,Expt2021_006_Set2_HeLaYFP-PP1_Nuf2-CFP_STLC_MG132_DMSO_well3_point7_10min01_R3D_D3D_Z03_C1_T0.tif,5539.73323220284,4267.9425,1.1019591998607055,1.2404248399732487,0.8883724062511281,dmso,set2_pp1_dmso_cell_3,Expt2021_006_Set2_HeLaYFP-PP1_Nuf2-CFP_STLC_MG132_DMSO_well3_point7_10min01_R3D_D3D
26,26,3_6,14,5632.357142857143,Expt2021_006_Set2_HeLaYFP-PP1_Nuf2-CFP_STLC_MG132_DMSO_well3_point7_10min01_R3D_D3D_Z03_C0_T0.tif,4718.673644205827,4342.1925,5743.0,Expt2021_006_Set2_HeLaYFP-PP1_Nuf2-CFP_STLC_MG132_DMSO_well3_point7_10min01_R3D_D3D_Z03_C1_T0.tif,5539.73323220284,4267.9425,1.0366925191660055,1.1936314243247677,0.8685197943347195,dmso,set2_pp1_dmso_cell_3,Expt2021_006_Set2_HeLaYFP-PP1_Nuf2-CFP_STLC_MG132_DMSO_well3_point7_10min01_R3D_D3D
27,27,3_7,21,5894.7619047619055,Expt2021_006_Set2_HeLaYFP-PP1_Nuf2-CFP_STLC_MG132_DMSO_well3_point7_10min01_R3D_D3D_Z03_C0_T0.tif,4718.673644205827,4342.1925,5817.857142857143,Expt2021_006_Set2_HeLaYFP-PP1_Nuf2-CFP_STLC_MG132_DMSO_well3_point7_10min01_R3D_D3D_Z03_C1_T0.tif,5539.73323220284,4267.9425,1.050205289496171,1.2492412803331345,0.8406745006185782,dmso,set2_pp1_dmso_cell_3,Expt2021_006_Set2_HeLaYFP-PP1_Nuf2-CFP_STLC_MG132_DMSO_well3_point7_10min01_R3D_D3D
28,28,3_8,16,5691.625,Expt2021_006_Set2_HeLaYFP-PP1_Nuf2-CFP_STLC_MG132_DMSO_well3_point7_10min01_R3D_D3D_Z03_C0_T0.tif,4718.673644205827,4342.1925,6030.3125,Expt2021_006_Set2_HeLaYFP-PP1_Nuf2-CFP_STLC_MG132_DMSO_well3_point7_10min01_R3D_D3D_Z03_C1_T0.tif,5539.73323220284,4267.9425,1.0885564786667687,1.2061917032530705,0.9024738569590205,dmso,set2_pp1_dmso_cell_3,Expt2021_006_Set2_HeLaYFP-PP1_Nuf2-CFP_STLC_MG132_DMSO_well3_point7_10min01_R3D_D3D
29,29,3_9,8,5729.125,Expt2021_006_Set2_HeLaYFP-PP1_Nuf2-CFP_STLC_MG132_DMSO_well3_point7_10min01_R3D_D3D_Z03_C0_T0.tif,4718.673644205827,4342.1925,5738.625,Expt2021_006_Set2_HeLaYFP-PP1_Nuf2-CFP_STLC_MG132_DMSO_well3_point7_10min01_R3D_D3D_Z03_C1_T0.tif,5539.73323220284,4267.9425,1.0359027699458503,1.2141388517162932,0.8531995895539539,dmso,set2_pp1_dmso_cell_3,Expt2021_006_Set2_HeLaYFP-PP1_Nuf2-CFP_STLC_MG132_DMSO_well3_point7_10min01_R3D_D3D
30,30,3_10,5,5822.2,Expt2021_006_Set2_HeLaYFP-PP1_Nuf2-CFP_STLC_MG132_DMSO_well3_point7_10min01_R3D_D3D_Z03_C0_T0.tif,4718.673644205827,4342.1925,5811.0,Expt2021_006_Set2_HeLaYFP-PP1_Nuf2-CFP_STLC_MG132_DMSO_well3_point7_10min01_R3D_D3D_Z03_C1_T0.tif,5539.73323220284,4267.9425,1.0489674784735605,1.2338636742020122,0.8501486026419968,dmso,set2_pp1_dmso_cell_3,Expt2021_006_Set2_HeLaYFP-PP1_Nuf2-CFP_STLC_MG132_DMSO_well3_point7_10min01_R3D_D3D
31,31,3_11,11,5856.181818181818,Expt2021_006_Set2_HeLaYFP-PP1_Nuf2-CFP_STLC_MG132_DMSO_well3_point7_10min01_R3D_D3D_Z03_C0_T0.tif,4718.673644205827,4342.1925,5511.727272727273,Expt2021_006_Set2_HeLaYFP-PP1_Nuf2-CFP_STLC_MG132_DMSO_well3_point7_10min01_R3D_D3D_Z03_C1_T0.tif,5539.73323220284,4267.9425,0.9949445292215939,1.241065235645776,0.8016859232253688,dmso,set2_pp1_dmso_cell_3,Expt2021_006_Set2_HeLaYFP-PP1_Nuf2-CFP_STLC_MG132_DMSO_well3_point7_10min01_R3D_D3D
33,33,4_2,11,5940.818181818182,Expt2021_006_Set2_HeLaYFP-PP1_Nuf2-CFP_STLC_MG132_DMSO_well3_point7_10min01_R3D_D3D_Z04_C0_T0.tif,4695.639489464708,4393.15,5504.0,Expt2021_006_Set2_HeLaYFP-PP1_Nuf2-CFP_STLC_MG132_DMSO_well3_point7_10min01_R3D_D3D_Z04_C1_T0.tif,5514.635303557101,4279.6975,0.9980714402727155,1.2651776600710505,0.7888784885884449,dmso,set2_pp1_dmso_cell_3,Expt2021_006_Set2_HeLaYFP-PP1_Nuf2-CFP_STLC_MG132_DMSO_well3_point7_10min01_R3D_D3D
34,34,4_3,8,5617.625,Expt2021_006_Set2_HeLaYFP-PP1_Nuf2-CFP_STLC_MG132_DMSO_well3_point7_10min01_R3D_D3D_Z04_C0_T0.tif,4695.639489464708,4393.15,5386.25,Expt2021_006_Set2_HeLaYFP-PP1_Nuf2-CFP_STLC_MG132_DMSO_well3_point7_10min01_R3D_D3D_Z04_C1_T0.tif,5514.635303557101,4279.6975,0.9767191670001661,1.196349296534346,0.8164163842696968,dmso,set2_pp1_dmso_cell_3,Expt2021_006_Set2_HeLaYFP-PP1_Nuf2-CFP_STLC_MG132_DMSO_well3_point7_10min01_R3D_D3D
35,35,4_4,12,6103.583333333332,Expt2021_006_Set2_HeLaYFP-PP1_Nuf2-CFP_STLC_MG132_DMSO_well3_point7_10min01_R3D_D3D_Z04_C0_T0.tif,4695.639489464708,4393.15,5704.916666666668,Expt2021_006_Set2_HeLaYFP-PP1_Nuf2-CFP_STLC_MG132_DMSO_well3_point7_10min01_R3D_D3D_Z04_C1_T0.tif,5514.635303557101,4279.6975,1.0345047954461883,1.299840702640723,0.7958704426969512,dmso,set2_pp1_dmso_cell_3,Expt2021_006_Set2_HeLaYFP-PP1_Nuf2-CFP_STLC_MG132_DMSO_well3_point7_10min01_R3D_D3D
36,36,4_5,12,6530.416666666668,Expt2021_006_Set2_HeLaYFP-PP1_Nuf2-CFP_STLC_MG132_DMSO_well3_point7_10min01_R3D_D3D_Z04_C0_T0.tif,4695.639489464708,4393.15,5704.0,Expt2021_006_Set2_HeLaYFP-PP1_Nuf2-CFP_STLC_MG132_DMSO_well3_point7_10min01_R3D_D3D_Z04_C1_T0.tif,5514.635303557101,4279.6975,1.034338571096579,1.3907406395483568,0.7437321824668045,dmso,set2_pp1_dmso_cell_3,Expt2021_006_Set2_HeLaYFP-PP1_Nuf2-CFP_STLC_MG132_DMSO_well3_point7_10min01_R3D_D3D
37,37,4_6,8,5701.25,Expt2021_006_Set2_HeLaYFP-PP1_Nuf2-CFP_STLC_MG132_DMSO_well3_point7_10min01_R3D_D3D_Z04_C0_T0.tif,4695.639489464708,4393.15,5682.375,Expt2021_006_Set2_HeLaYFP-PP1_Nuf2-CFP_STLC_MG132_DMSO_well3_point7_10min01_R3D_D3D_Z04_C1_T0.tif,5514.635303557101,4279.6975,1.0304171875762487,1.214158372420096,0.8486678599616219,dmso,set2_pp1_dmso_cell_3,Expt2021_006_Set2_HeLaYFP-PP1_Nuf2-CFP_STLC_MG132_DMSO_well3_point7_10min01_R3D_D3D
38,38,4_7,19,5805.315789473684,Expt2021_006_Set2_HeLaYFP-PP1_Nuf2-CFP_STLC_MG132_DMSO_well3_point7_10min01_R3D_D3D_Z04_C0_T0.tif,4695.639489464708,4393.15,5976.842105263158,Expt2021_006_Set2_HeLaYFP-PP1_Nuf2-CFP_STLC_MG132_DMSO_well3_point7_10min01_R3D_D3D_Z04_C1_T0.tif,5514.635303557101,4279.6975,1.0838145727257649,1.2363205911566852,0.876645249200098,dmso,set2_pp1_dmso_cell_3,Expt2021_006_Set2_HeLaYFP-PP1_Nuf2-CFP_STLC_MG132_DMSO_well3_point7_10min01_R3D_D3D
39,39,4_8,10,5771.6,Expt2021_006_Set2_HeLaYFP-PP1_Nuf2-CFP_STLC_MG132_DMSO_well3_point7_10min01_R3D_D3D_Z04_C0_T0.tif,4695.639489464708,4393.15,5760.0,Expt2021_006_Set2_HeLaYFP-PP1_Nuf2-CFP_STLC_MG132_DMSO_well3_point7_10min01_R3D_D3D_Z04_C1_T0.tif,5514.635303557101,4279.6975,1.0444933677272605,1.2291403573356414,0.8497755048832398,dmso,set2_pp1_dmso_cell_3,Expt2021_006_Set2_HeLaYFP-PP1_Nuf2-CFP_STLC_MG132_DMSO_well3_point7_10min01_R3D_D3D
40,40,4_9,16,6053.875,Expt2021_006_Set2_HeLaYFP-PP1_Nuf2-CFP_STLC_MG132_DMSO_well3_point7_10min01_R3D_D3D_Z04_C0_T0.tif,4695.639489464708,4393.15,5826.75,Expt2021_006_Set2_HeLaYFP-PP1_Nuf2-CFP_STLC_MG132_DMSO_well3_point7_10min01_R3D_D3D_Z04_C1_T0.tif,5514.635303557101,4279.6975,1.0565975226397248,1.2892546400937879,0.8195413766847965,dmso,set2_pp1_dmso_cell_3,Expt2021_006_Set2_HeLaYFP-PP1_Nuf2-CFP_STLC_MG132_DMSO_well3_point7_10min01_R3D_D3D
41,41,4_10,5,5574.4,Expt2021_006_Set2_HeLaYFP-PP1_Nuf2-CFP_STLC_MG132_DMSO_well3_point7_10min01_R3D_D3D_Z04_C0_T0.tif,4695.639489464708,4393.15,5724.8,Expt2021_006_Set2_HeLaYFP-PP1_Nuf2-CFP_STLC_MG132_DMSO_well3_point7_10min01_R3D_D3D_Z04_C1_T0.tif,5514.635303557101,4279.6975,1.0381103527022606,1.1871439475937,0.8744603843590111,dmso,set2_pp1_dmso_cell_3,Expt2021_006_Set2_HeLaYFP-PP1_Nuf2-CFP_STLC_MG132_DMSO_well3_point7_10min01_R3D_D3D
42,42,4_11,8,5658.625,Expt2021_006_Set2_HeLaYFP-PP1_Nuf2-CFP_STLC_MG132_DMSO_well3_point7_10min01_R3D_D3D_Z04_C0_T0.tif,4695.639489464708,4393.15,5830.875,Expt2021_006_Set2_HeLaYFP-PP1_Nuf2-CFP_STLC_MG132_DMSO_well3_point7_10min01_R3D_D3D_Z04_C1_T0.tif,5514.635303557101,4279.6975,1.057345532212967,1.2050808016023968,0.8774063372406347,dmso,set2_pp1_dmso_cell_3,Expt2021_006_Set2_HeLaYFP-PP1_Nuf2-CFP_STLC_MG132_DMSO_well3_point7_10min01_R3D_D3D
43,43,4_12,12,6079.833333333332,Expt2021_006_Set2_HeLaYFP-PP1_Nuf2-CFP_STLC_MG132_DMSO_well3_point7_10min01_R3D_D3D_Z04_C0_T0.tif,4695.639489464708,4393.15,5714.0,Expt2021_006_Set2_HeLaYFP-PP1_Nuf2-CFP_STLC_MG132_DMSO_well3_point7_10min01_R3D_D3D_Z04_C1_T0.tif,5514.635303557101,4279.6975,1.036151927637772,1.2947828186074009,0.8002515269334525,dmso,set2_pp1_dmso_cell_3,Expt2021_006_Set2_HeLaYFP-PP1_Nuf2-CFP_STLC_MG132_DMSO_well3_point7_10min01_R3D_D3D
44,44,4_13,5,5767.2,Expt2021_006_Set2_HeLaYFP-PP1_Nuf2-CFP_STLC_MG132_DMSO_well3_point7_10min01_R3D_D3D_Z04_C0_T0.tif,4695.639489464708,4393.15,5461.8,Expt2021_006_Set2_HeLaYFP-PP1_Nuf2-CFP_STLC_MG132_DMSO_well3_point7_10min01_R3D_D3D_Z04_C1_T0.tif,5514.635303557101,4279.6975,0.9904190756688805,1.2282033177673628,0.8063966782546002,dmso,set2_pp1_dmso_cell_3,Expt2021_006_Set2_HeLaYFP-PP1_Nuf2-CFP_STLC_MG132_DMSO_well3_point7_10min01_R3D_D3D
45,45,4_14,12,6093.916666666668,Expt2021_006_Set2_HeLaYFP-PP1_Nuf2-CFP_STLC_MG132_DMSO_well3_point7_10min01_R3D_D3D_Z04_C0_T0.tif,4695.639489464708,4393.15,5244.166666666667,Expt2021_006_Set2_HeLaYFP-PP1_Nuf2-CFP_STLC_MG132_DMSO_well3_point7_10min01_R3D_D3D_Z04_C1_T0.tif,5514.635303557101,4279.6975,0.9509543928107134,1.2977820551043537,0.7327535382928745,dmso,set2_pp1_dmso_cell_3,Expt2021_006_Set2_HeLaYFP-PP1_Nuf2-CFP_STLC_MG132_DMSO_well3_point7_10min01_R3D_D3D
46,46,4_15,5,5705.0,Expt2021_006_Set2_HeLaYFP-PP1_Nuf2-CFP_STLC_MG132_DMSO_well3_point7_10min01_R3D_D3D_Z04_C0_T0.tif,4695.639489464708,4393.15,5765.8,Expt2021_006_Set2_HeLaYFP-PP1_Nuf2-CFP_STLC_MG132_DMSO_well3_point7_10min01_R3D_D3D_Z04_C1_T0.tif,5514.635303557101,4279.6975,1.0455451145211525,1.2149569856885152,0.8605614246735187,dmso,set2_pp1_dmso_cell_3,Expt2021_006_Set2_HeLaYFP-PP1_Nuf2-CFP_STLC_MG132_DMSO_well3_point7_10min01_R3D_D3D
48,48,5_2,14,5916.142857142857,Expt2021_006_Set2_HeLaYFP-PP1_Nuf2-CFP_STLC_MG132_DMSO_well3_point7_10min01_R3D_D3D_Z05_C0_T0.tif,4671.605010808714,4394.1225,5501.428571428572,Expt2021_006_Set2_HeLaYFP-PP1_Nuf2-CFP_STLC_MG132_DMSO_well3_point7_10min01_R3D_D3D_Z05_C1_T0.tif,5469.2120236461515,4221.16,1.0058905282229198,1.2664047674096268,0.7942883303261903,dmso,set2_pp1_dmso_cell_3,Expt2021_006_Set2_HeLaYFP-PP1_Nuf2-CFP_STLC_MG132_DMSO_well3_point7_10min01_R3D_D3D
49,49,5_3,29,5506.689655172415,Expt2021_006_Set2_HeLaYFP-PP1_Nuf2-CFP_STLC_MG132_DMSO_well3_point7_10min01_R3D_D3D_Z05_C0_T0.tif,4671.605010808714,4394.1225,5497.379310344828,Expt2021_006_Set2_HeLaYFP-PP1_Nuf2-CFP_STLC_MG132_DMSO_well3_point7_10min01_R3D_D3D_Z05_C1_T0.tif,5469.2120236461515,4221.16,1.0051501544604406,1.1787575453043573,0.8527200173305437,dmso,set2_pp1_dmso_cell_3,Expt2021_006_Set2_HeLaYFP-PP1_Nuf2-CFP_STLC_MG132_DMSO_well3_point7_10min01_R3D_D3D
51,51,5_5,21,5639.571428571428,Expt2021_006_Set2_HeLaYFP-PP1_Nuf2-CFP_STLC_MG132_DMSO_well3_point7_10min01_R3D_D3D_Z05_C0_T0.tif,4671.605010808714,4394.1225,5479.666666666667,Expt2021_006_Set2_HeLaYFP-PP1_Nuf2-CFP_STLC_MG132_DMSO_well3_point7_10min01_R3D_D3D_Z05_C1_T0.tif,5469.2120236461515,4221.16,1.001911544656765,1.2072021105215716,0.8299451565934467,dmso,set2_pp1_dmso_cell_3,Expt2021_006_Set2_HeLaYFP-PP1_Nuf2-CFP_STLC_MG132_DMSO_well3_point7_10min01_R3D_D3D
52,52,5_6,12,6140.75,Expt2021_006_Set2_HeLaYFP-PP1_Nuf2-CFP_STLC_MG132_DMSO_well3_point7_10min01_R3D_D3D_Z05_C0_T0.tif,4671.605010808714,4394.1225,6026.25,Expt2021_006_Set2_HeLaYFP-PP1_Nuf2-CFP_STLC_MG132_DMSO_well3_point7_10min01_R3D_D3D_Z05_C1_T0.tif,5469.2120236461515,4221.16,1.1018497681101946,1.3144839912176047,0.8382374950717755,dmso,set2_pp1_dmso_cell_3,Expt2021_006_Set2_HeLaYFP-PP1_Nuf2-CFP_STLC_MG132_DMSO_well3_point7_10min01_R3D_D3D
53,53,5_7,12,6671.916666666668,Expt2021_006_Set2_HeLaYFP-PP1_Nuf2-CFP_STLC_MG132_DMSO_well3_point7_10min01_R3D_D3D_Z05_C0_T0.tif,4671.605010808714,4394.1225,5523.916666666668,Expt2021_006_Set2_HeLaYFP-PP1_Nuf2-CFP_STLC_MG132_DMSO_well3_point7_10min01_R3D_D3D_Z05_C1_T0.tif,5469.2120236461515,4221.16,1.0100022896870702,1.4281850993887162,0.7071928492457775,dmso,set2_pp1_dmso_cell_3,Expt2021_006_Set2_HeLaYFP-PP1_Nuf2-CFP_STLC_MG132_DMSO_well3_point7_10min01_R3D_D3D
54,54,5_8,10,6008.8,Expt2021_006_Set2_HeLaYFP-PP1_Nuf2-CFP_STLC_MG132_DMSO_well3_point7_10min01_R3D_D3D_Z05_C0_T0.tif,4671.605010808714,4394.1225,5612.8,Expt2021_006_Set2_HeLaYFP-PP1_Nuf2-CFP_STLC_MG132_DMSO_well3_point7_10min01_R3D_D3D_Z05_C1_T0.tif,5469.2120236461515,4221.16,1.026253869064327,1.2862388806625158,0.7978719073829617,dmso,set2_pp1_dmso_cell_3,Expt2021_006_Set2_HeLaYFP-PP1_Nuf2-CFP_STLC_MG132_DMSO_well3_point7_10min01_R3D_D3D
55,55,5_9,17,5608.764705882353,Expt2021_006_Set2_HeLaYFP-PP1_Nuf2-CFP_STLC_MG132_DMSO_well3_point7_10min01_R3D_D3D_Z05_C0_T0.tif,4671.605010808714,4394.1225,5922.588235294117,Expt2021_006_Set2_HeLaYFP-PP1_Nuf2-CFP_STLC_MG132_DMSO_well3_point7_10min01_R3D_D3D_Z05_C1_T0.tif,5469.2120236461515,4221.16,1.0828960752824708,1.2006076483147288,0.9019566690271484,dmso,set2_pp1_dmso_cell_3,Expt2021_006_Set2_HeLaYFP-PP1_Nuf2-CFP_STLC_MG132_DMSO_well3_point7_10min01_R3D_D3D
56,56,5_10,12,6131.166666666668,Expt2021_006_Set2_HeLaYFP-PP1_Nuf2-CFP_STLC_MG132_DMSO_well3_point7_10min01_R3D_D3D_Z05_C0_T0.tif,4671.605010808714,4394.1225,5234.833333333333,Expt2021_006_Set2_HeLaYFP-PP1_Nuf2-CFP_STLC_MG132_DMSO_well3_point7_10min01_R3D_D3D_Z05_C1_T0.tif,5469.2120236461515,4221.16,0.95714580285067,1.3124325906152081,0.7292914010936012,dmso,set2_pp1_dmso_cell_3,Expt2021_006_Set2_HeLaYFP-PP1_Nuf2-CFP_STLC_MG132_DMSO_well3_point7_10min01_R3D_D3D
57,57,5_11,5,5981.8,Expt2021_006_Set2_HeLaYFP-PP1_Nuf2-CFP_STLC_MG132_DMSO_well3_point7_10min01_R3D_D3D_Z05_C0_T0.tif,4671.605010808714,4394.1225,5797.2,Expt2021_006_Set2_HeLaYFP-PP1_Nuf2-CFP_STLC_MG132_DMSO_well3_point7_10min01_R3D_D3D_Z05_C1_T0.tif,5469.2120236461515,4221.16,1.0599698777329882,1.280459282443589,0.8278044388183703,dmso,set2_pp1_dmso_cell_3,Expt2021_006_Set2_HeLaYFP-PP1_Nuf2-CFP_STLC_MG132_DMSO_well3_point7_10min01_R3D_D3D
58,58,5_12,20,5896.85,Expt2021_006_Set2_HeLaYFP-PP1_Nuf2-CFP_STLC_MG132_DMSO_well3_point7_10min01_R3D_D3D_Z05_C0_T0.tif,4671.605010808714,4394.1225,5962.45,Expt2021_006_Set2_HeLaYFP-PP1_Nuf2-CFP_STLC_MG132_DMSO_well3_point7_10min01_R3D_D3D_Z05_C1_T0.tif,5469.2120236461515,4221.16,1.0901844679309072,1.2622749539732987,0.8636664020776952,dmso,set2_pp1_dmso_cell_3,Expt2021_006_Set2_HeLaYFP-PP1_Nuf2-CFP_STLC_MG132_DMSO_well3_point7_10min01_R3D_D3D
59,59,5_13,19,5536.210526315788,Expt2021_006_Set2_HeLaYFP-PP1_Nuf2-CFP_STLC_MG132_DMSO_well3_point7_10min01_R3D_D3D_Z05_C0_T0.tif,4671.605010808714,4394.1225,5848.578947368421,Expt2021_006_Set2_HeLaYFP-PP1_Nuf2-CFP_STLC_MG132_DMSO_well3_point7_10min01_R3D_D3D_Z05_C1_T0.tif,5469.2120236461515,4221.16,1.0693640915879794,1.1850767591666318,0.9023585040516501,dmso,set2_pp1_dmso_cell_3,Expt2021_006_Set2_HeLaYFP-PP1_Nuf2-CFP_STLC_MG132_DMSO_well3_point7_10min01_R3D_D3D
60,60,5_14,17,5803.411764705883,Expt2021_006_Set2_HeLaYFP-PP1_Nuf2-CFP_STLC_MG132_DMSO_well3_point7_10min01_R3D_D3D_Z05_C0_T0.tif,4671.605010808714,4394.1225,5816.764705882353,Expt2021_006_Set2_HeLaYFP-PP1_Nuf2-CFP_STLC_MG132_DMSO_well3_point7_10min01_R3D_D3D_Z05_C1_T0.tif,5469.2120236461515,4221.16,1.063547121730435,1.2422736407034634,0.8561295087354339,dmso,set2_pp1_dmso_cell_3,Expt2021_006_Set2_HeLaYFP-PP1_Nuf2-CFP_STLC_MG132_DMSO_well3_point7_10min01_R3D_D3D
61,61,5_15,12,5997.416666666668,Expt2021_006_Set2_HeLaYFP-PP1_Nuf2-CFP_STLC_MG132_DMSO_well3_point7_10min01_R3D_D3D_Z05_C0_T0.tif,4671.605010808714,4394.1225,5673.333333333332,Expt2021_006_Set2_HeLaYFP-PP1_Nuf2-CFP_STLC_MG132_DMSO_well3_point7_10min01_R3D_D3D_Z05_C1_T0.tif,5469.2120236461515,4221.16,1.0373218863713203,1.2838021735121907,0.8080075791844499,dmso,set2_pp1_dmso_cell_3,Expt2021_006_Set2_HeLaYFP-PP1_Nuf2-CFP_STLC_MG132_DMSO_well3_point7_10min01_R3D_D3D
62,62,5_16,8,5799.875,Expt2021_006_Set2_HeLaYFP-PP1_Nuf2-CFP_STLC_MG132_DMSO_well3_point7_10min01_R3D_D3D_Z05_C0_T0.tif,4671.605010808714,4394.1225,5569.5,Expt2021_006_Set2_HeLaYFP-PP1_Nuf2-CFP_STLC_MG132_DMSO_well3_point7_10min01_R3D_D3D_Z05_C1_T0.tif,5469.2120236461515,4221.16,1.018336823644842,1.2415165637036527,0.8202361961301362,dmso,set2_pp1_dmso_cell_3,Expt2021_006_Set2_HeLaYFP-PP1_Nuf2-CFP_STLC_MG132_DMSO_well3_point7_10min01_R3D_D3D
63,63,5_17,8,6156.5,Expt2021_006_Set2_HeLaYFP-PP1_Nuf2-CFP_STLC_MG132_DMSO_well3_point7_10min01_R3D_D3D_Z05_C0_T0.tif,4671.605010808714,4394.1225,5559.75,Expt2021_006_Set2_HeLaYFP-PP1_Nuf2-CFP_STLC_MG132_DMSO_well3_point7_10min01_R3D_D3D_Z05_C1_T0.tif,5469.2120236461515,4221.16,1.0165541171127408,1.3178554235119788,0.7713699841244389,dmso,set2_pp1_dmso_cell_3,Expt2021_006_Set2_HeLaYFP-PP1_Nuf2-CFP_STLC_MG132_DMSO_well3_point7_10min01_R3D_D3D
64,64,5_18,12,5935.916666666668,Expt2021_006_Set2_HeLaYFP-PP1_Nuf2-CFP_STLC_MG132_DMSO_well3_point7_10min01_R3D_D3D_Z05_C0_T0.tif,4671.605010808714,4394.1225,5495.833333333333,Expt2021_006_Set2_HeLaYFP-PP1_Nuf2-CFP_STLC_MG132_DMSO_well3_point7_10min01_R3D_D3D_Z05_C1_T0.tif,5469.2120236461515,4221.16,1.0048674854023,1.270637533124635,0.7908372444588682,dmso,set2_pp1_dmso_cell_3,Expt2021_006_Set2_HeLaYFP-PP1_Nuf2-CFP_STLC_MG132_DMSO_well3_point7_10min01_R3D_D3D
65,65,5_19,5,6023.4,Expt2021_006_Set2_HeLaYFP-PP1_Nuf2-CFP_STLC_MG132_DMSO_well3_point7_10min01_R3D_D3D_Z05_C0_T0.tif,4671.605010808714,4394.1225,5577.0,Expt2021_006_Set2_HeLaYFP-PP1_Nuf2-CFP_STLC_MG132_DMSO_well3_point7_10min01_R3D_D3D_Z05_C1_T0.tif,5469.2120236461515,4221.16,1.0197081363618428,1.289364144884602,0.7908612476990404,dmso,set2_pp1_dmso_cell_3,Expt2021_006_Set2_HeLaYFP-PP1_Nuf2-CFP_STLC_MG132_DMSO_well3_point7_10min01_R3D_D3D
67,67,6_2,45,6196.977777777778,Expt2021_006_Set2_HeLaYFP-PP1_Nuf2-CFP_STLC_MG132_DMSO_well3_point7_10min01_R3D_D3D_Z06_C0_T0.tif,4669.3972119181535,4366.3725,5477.955555555554,Expt2021_006_Set2_HeLaYFP-PP1_Nuf2-CFP_STLC_MG132_DMSO_well3_point7_10min01_R3D_D3D_Z06_C1_T0.tif,5409.771233661407,4234.545,1.0126039196389456,1.3271472733055636,0.7629928795444262,dmso,set2_pp1_dmso_cell_3,Expt2021_006_Set2_HeLaYFP-PP1_Nuf2-CFP_STLC_MG132_DMSO_well3_point7_10min01_R3D_D3D
68,68,6_3,8,6124.5,Expt2021_006_Set2_HeLaYFP-PP1_Nuf2-CFP_STLC_MG132_DMSO_well3_point7_10min01_R3D_D3D_Z06_C0_T0.tif,4669.3972119181535,4366.3725,5866.75,Expt2021_006_Set2_HeLaYFP-PP1_Nuf2-CFP_STLC_MG132_DMSO_well3_point7_10min01_R3D_D3D_Z06_C1_T0.tif,5409.771233661407,4234.545,1.084472844895015,1.3116254030322902,0.8268159814439923,dmso,set2_pp1_dmso_cell_3,Expt2021_006_Set2_HeLaYFP-PP1_Nuf2-CFP_STLC_MG132_DMSO_well3_point7_10min01_R3D_D3D
70,70,6_5,27,6063.444444444444,Expt2021_006_Set2_HeLaYFP-PP1_Nuf2-CFP_STLC_MG132_DMSO_well3_point7_10min01_R3D_D3D_Z06_C0_T0.tif,4669.3972119181535,4366.3725,5295.518518518518,Expt2021_006_Set2_HeLaYFP-PP1_Nuf2-CFP_STLC_MG132_DMSO_well3_point7_10min01_R3D_D3D_Z06_C1_T0.tif,5409.771233661407,4234.545,0.9788803056158881,1.2985497205009953,0.7538258182661076,dmso,set2_pp1_dmso_cell_3,Expt2021_006_Set2_HeLaYFP-PP1_Nuf2-CFP_STLC_MG132_DMSO_well3_point7_10min01_R3D_D3D
71,71,6_6,8,6227.5,Expt2021_006_Set2_HeLaYFP-PP1_Nuf2-CFP_STLC_MG132_DMSO_well3_point7_10min01_R3D_D3D_Z06_C0_T0.tif,4669.3972119181535,4366.3725,6100.5,Expt2021_006_Set2_HeLaYFP-PP1_Nuf2-CFP_STLC_MG132_DMSO_well3_point7_10min01_R3D_D3D_Z06_C1_T0.tif,5409.771233661407,4234.545,1.1276816960467104,1.3336839247911807,0.8455389429870164,dmso,set2_pp1_dmso_cell_3,Expt2021_006_Set2_HeLaYFP-PP1_Nuf2-CFP_STLC_MG132_DMSO_well3_point7_10min01_R3D_D3D
72,72,6_7,12,6175.583333333332,Expt2021_006_Set2_HeLaYFP-PP1_Nuf2-CFP_STLC_MG132_DMSO_well3_point7_10min01_R3D_D3D_Z06_C0_T0.tif,4669.3972119181535,4366.3725,5543.833333333332,Expt2021_006_Set2_HeLaYFP-PP1_Nuf2-CFP_STLC_MG132_DMSO_well3_point7_10min01_R3D_D3D_Z06_C1_T0.tif,5409.771233661407,4234.545,1.0247814729831357,1.3225654304094743,0.7748436859308028,dmso,set2_pp1_dmso_cell_3,Expt2021_006_Set2_HeLaYFP-PP1_Nuf2-CFP_STLC_MG132_DMSO_well3_point7_10min01_R3D_D3D
73,73,6_8,5,5731.6,Expt2021_006_Set2_HeLaYFP-PP1_Nuf2-CFP_STLC_MG132_DMSO_well3_point7_10min01_R3D_D3D_Z06_C0_T0.tif,4669.3972119181535,4366.3725,5569.2,Expt2021_006_Set2_HeLaYFP-PP1_Nuf2-CFP_STLC_MG132_DMSO_well3_point7_10min01_R3D_D3D_Z06_C1_T0.tif,5409.771233661407,4234.545,1.029470519076033,1.2274817797403665,0.8386849695592089,dmso,set2_pp1_dmso_cell_3,Expt2021_006_Set2_HeLaYFP-PP1_Nuf2-CFP_STLC_MG132_DMSO_well3_point7_10min01_R3D_D3D
74,74,6_9,5,6024.0,Expt2021_006_Set2_HeLaYFP-PP1_Nuf2-CFP_STLC_MG132_DMSO_well3_point7_10min01_R3D_D3D_Z06_C0_T0.tif,4669.3972119181535,4366.3725,5577.8,Expt2021_006_Set2_HeLaYFP-PP1_Nuf2-CFP_STLC_MG132_DMSO_well3_point7_10min01_R3D_D3D_Z06_C1_T0.tif,5409.771233661407,4234.545,1.0310602350970153,1.2901022822869648,0.7992081319856705,dmso,set2_pp1_dmso_cell_3,Expt2021_006_Set2_HeLaYFP-PP1_Nuf2-CFP_STLC_MG132_DMSO_well3_point7_10min01_R3D_D3D
75,75,6_10,8,5916.25,Expt2021_006_Set2_HeLaYFP-PP1_Nuf2-CFP_STLC_MG132_DMSO_well3_point7_10min01_R3D_D3D_Z06_C0_T0.tif,4669.3972119181535,4366.3725,5438.5,Expt2021_006_Set2_HeLaYFP-PP1_Nuf2-CFP_STLC_MG132_DMSO_well3_point7_10min01_R3D_D3D_Z06_C1_T0.tif,5409.771233661407,4234.545,1.0053105325711065,1.2670264986023,0.7934408109696984,dmso,set2_pp1_dmso_cell_3,Expt2021_006_Set2_HeLaYFP-PP1_Nuf2-CFP_STLC_MG132_DMSO_well3_point7_10min01_R3D_D3D
76,76,6_11,8,6426.75,Expt2021_006_Set2_HeLaYFP-PP1_Nuf2-CFP_STLC_MG132_DMSO_well3_point7_10min01_R3D_D3D_Z06_C0_T0.tif,4669.3972119181535,4366.3725,5598.5,Expt2021_006_Set2_HeLaYFP-PP1_Nuf2-CFP_STLC_MG132_DMSO_well3_point7_10min01_R3D_D3D_Z06_C1_T0.tif,5409.771233661407,4234.545,1.0348866445893792,1.3763553855723358,0.7519036547083643,dmso,set2_pp1_dmso_cell_3,Expt2021_006_Set2_HeLaYFP-PP1_Nuf2-CFP_STLC_MG132_DMSO_well3_point7_10min01_R3D_D3D
77,77,6_12,8,6039.25,Expt2021_006_Set2_HeLaYFP-PP1_Nuf2-CFP_STLC_MG132_DMSO_well3_point7_10min01_R3D_D3D_Z06_C0_T0.tif,4669.3972119181535,4366.3725,5761.375,Expt2021_006_Set2_HeLaYFP-PP1_Nuf2-CFP_STLC_MG132_DMSO_well3_point7_10min01_R3D_D3D_Z06_C1_T0.tif,5409.771233661407,4234.545,1.0649942023704804,1.2933682284697132,0.8234269088475752,dmso,set2_pp1_dmso_cell_3,Expt2021_006_Set2_HeLaYFP-PP1_Nuf2-CFP_STLC_MG132_DMSO_well3_point7_10min01_R3D_D3D
78,78,6_13,8,6157.375,Expt2021_006_Set2_HeLaYFP-PP1_Nuf2-CFP_STLC_MG132_DMSO_well3_point7_10min01_R3D_D3D_Z06_C0_T0.tif,4669.3972119181535,4366.3725,5633.625,Expt2021_006_Set2_HeLaYFP-PP1_Nuf2-CFP_STLC_MG132_DMSO_well3_point7_10min01_R3D_D3D_Z06_C1_T0.tif,5409.771233661407,4234.545,1.0413795254308906,1.318665926360674,0.7897220248231837,dmso,set2_pp1_dmso_cell_3,Expt2021_006_Set2_HeLaYFP-PP1_Nuf2-CFP_STLC_MG132_DMSO_well3_point7_10min01_R3D_D3D
79,79,6_14,8,6306.75,Expt2021_006_Set2_HeLaYFP-PP1_Nuf2-CFP_STLC_MG132_DMSO_well3_point7_10min01_R3D_D3D_Z06_C0_T0.tif,4669.3972119181535,4366.3725,5532.625,Expt2021_006_Set2_HeLaYFP-PP1_Nuf2-CFP_STLC_MG132_DMSO_well3_point7_10min01_R3D_D3D_Z06_C1_T0.tif,5409.771233661407,4234.545,1.022709604719356,1.3506561369212011,0.7571946528526543,dmso,set2_pp1_dmso_cell_3,Expt2021_006_Set2_HeLaYFP-PP1_Nuf2-CFP_STLC_MG132_DMSO_well3_point7_10min01_R3D_D3D
80,80,6_15,5,6269.0,Expt2021_006_Set2_HeLaYFP-PP1_Nuf2-CFP_STLC_MG132_DMSO_well3_point7_10min01_R3D_D3D_Z06_C0_T0.tif,4669.3972119181535,4366.3725,5040.6,Expt2021_006_Set2_HeLaYFP-PP1_Nuf2-CFP_STLC_MG132_DMSO_well3_point7_10min01_R3D_D3D_Z06_C1_T0.tif,5409.771233661407,4234.545,0.9317584389956641,1.3425715816163648,0.6940102499964214,dmso,set2_pp1_dmso_cell_3,Expt2021_006_Set2_HeLaYFP-PP1_Nuf2-CFP_STLC_MG132_DMSO_well3_point7_10min01_R3D_D3D
81,81,6_16,5,5951.4,Expt2021_006_Set2_HeLaYFP-PP1_Nuf2-CFP_STLC_MG132_DMSO_well3_point7_10min01_R3D_D3D_Z06_C0_T0.tif,4669.3972119181535,4366.3725,5331.2,Expt2021_006_Set2_HeLaYFP-PP1_Nuf2-CFP_STLC_MG132_DMSO_well3_point7_10min01_R3D_D3D_Z06_C1_T0.tif,5409.771233661407,4234.545,0.9854760524488521,1.2745542368530283,0.773192716288063,dmso,set2_pp1_dmso_cell_3,Expt2021_006_Set2_HeLaYFP-PP1_Nuf2-CFP_STLC_MG132_DMSO_well3_point7_10min01_R3D_D3D
83,83,7_2,46,6665.065217391304,Expt2021_006_Set2_HeLaYFP-PP1_Nuf2-CFP_STLC_MG132_DMSO_well3_point7_10min01_R3D_D3D_Z07_C0_T0.tif,4648.92215892054,4334.4775,5465.978260869565,Expt2021_006_Set2_HeLaYFP-PP1_Nuf2-CFP_STLC_MG132_DMSO_well3_point7_10min01_R3D_D3D_Z07_C1_T0.tif,5391.104003280537,4203.075,1.0138884832389556,1.4336796766110844,0.707193175560369,dmso,set2_pp1_dmso_cell_3,Expt2021_006_Set2_HeLaYFP-PP1_Nuf2-CFP_STLC_MG132_DMSO_well3_point7_10min01_R3D_D3D
84,84,7_3,14,6150.214285714284,Expt2021_006_Set2_HeLaYFP-PP1_Nuf2-CFP_STLC_MG132_DMSO_well3_point7_10min01_R3D_D3D_Z07_C0_T0.tif,4648.92215892054,4334.4775,5755.857142857143,Expt2021_006_Set2_HeLaYFP-PP1_Nuf2-CFP_STLC_MG132_DMSO_well3_point7_10min01_R3D_D3D_Z07_C1_T0.tif,5391.104003280537,4203.075,1.0676583385062968,1.3229333758391726,0.8070386294616326,dmso,set2_pp1_dmso_cell_3,Expt2021_006_Set2_HeLaYFP-PP1_Nuf2-CFP_STLC_MG132_DMSO_well3_point7_10min01_R3D_D3D
86,86,7_5,47,6078.382978723404,Expt2021_006_Set2_HeLaYFP-PP1_Nuf2-CFP_STLC_MG132_DMSO_well3_point7_10min01_R3D_D3D_Z07_C0_T0.tif,4648.92215892054,4334.4775,5449.340425531916,Expt2021_006_Set2_HeLaYFP-PP1_Nuf2-CFP_STLC_MG132_DMSO_well3_point7_10min01_R3D_D3D_Z07_C1_T0.tif,5391.104003280537,4203.075,1.0108023184520167,1.3074822014517833,0.7730906908940378,dmso,set2_pp1_dmso_cell_3,Expt2021_006_Set2_HeLaYFP-PP1_Nuf2-CFP_STLC_MG132_DMSO_well3_point7_10min01_R3D_D3D
87,87,7_6,5,5680.4,Expt2021_006_Set2_HeLaYFP-PP1_Nuf2-CFP_STLC_MG132_DMSO_well3_point7_10min01_R3D_D3D_Z07_C0_T0.tif,4648.92215892054,4334.4775,6130.6,Expt2021_006_Set2_HeLaYFP-PP1_Nuf2-CFP_STLC_MG132_DMSO_well3_point7_10min01_R3D_D3D_Z07_C1_T0.tif,5391.104003280537,4203.075,1.1371696773554125,1.2218746207871471,0.9306762396151852,dmso,set2_pp1_dmso_cell_3,Expt2021_006_Set2_HeLaYFP-PP1_Nuf2-CFP_STLC_MG132_DMSO_well3_point7_10min01_R3D_D3D
88,88,7_7,8,6049.625,Expt2021_006_Set2_HeLaYFP-PP1_Nuf2-CFP_STLC_MG132_DMSO_well3_point7_10min01_R3D_D3D_Z07_C0_T0.tif,4648.92215892054,4334.4775,5645.625,Expt2021_006_Set2_HeLaYFP-PP1_Nuf2-CFP_STLC_MG132_DMSO_well3_point7_10min01_R3D_D3D_Z07_C1_T0.tif,5391.104003280537,4203.075,1.0472112941179739,1.3012962560346886,0.8047447222426024,dmso,set2_pp1_dmso_cell_3,Expt2021_006_Set2_HeLaYFP-PP1_Nuf2-CFP_STLC_MG132_DMSO_well3_point7_10min01_R3D_D3D
89,89,7_8,10,5967.0,Expt2021_006_Set2_HeLaYFP-PP1_Nuf2-CFP_STLC_MG132_DMSO_well3_point7_10min01_R3D_D3D_Z07_C0_T0.tif,4648.92215892054,4334.4775,5668.4,Expt2021_006_Set2_HeLaYFP-PP1_Nuf2-CFP_STLC_MG132_DMSO_well3_point7_10min01_R3D_D3D_Z07_C1_T0.tif,5391.104003280537,4203.075,1.0514358462665023,1.2835233191741615,0.8191793873624456,dmso,set2_pp1_dmso_cell_3,Expt2021_006_Set2_HeLaYFP-PP1_Nuf2-CFP_STLC_MG132_DMSO_well3_point7_10min01_R3D_D3D
90,90,7_9,21,5923.142857142857,Expt2021_006_Set2_HeLaYFP-PP1_Nuf2-CFP_STLC_MG132_DMSO_well3_point7_10min01_R3D_D3D_Z07_C0_T0.tif,4648.92215892054,4334.4775,6010.428571428572,Expt2021_006_Set2_HeLaYFP-PP1_Nuf2-CFP_STLC_MG132_DMSO_well3_point7_10min01_R3D_D3D_Z07_C1_T0.tif,5391.104003280537,4203.075,1.114878987267018,1.2740894888457728,0.8750397809788171,dmso,set2_pp1_dmso_cell_3,Expt2021_006_Set2_HeLaYFP-PP1_Nuf2-CFP_STLC_MG132_DMSO_well3_point7_10min01_R3D_D3D
91,91,7_10,12,6154.083333333332,Expt2021_006_Set2_HeLaYFP-PP1_Nuf2-CFP_STLC_MG132_DMSO_well3_point7_10min01_R3D_D3D_Z07_C0_T0.tif,4648.92215892054,4334.4775,5242.083333333333,Expt2021_006_Set2_HeLaYFP-PP1_Nuf2-CFP_STLC_MG132_DMSO_well3_point7_10min01_R3D_D3D_Z07_C1_T0.tif,5391.104003280537,4203.075,0.9723580420899832,1.3237656220000646,0.734539427471199,dmso,set2_pp1_dmso_cell_3,Expt2021_006_Set2_HeLaYFP-PP1_Nuf2-CFP_STLC_MG132_DMSO_well3_point7_10min01_R3D_D3D
92,92,8_1,42,7071.476190476192,Expt2021_006_Set2_HeLaYFP-PP1_Nuf2-CFP_STLC_MG132_DMSO_well3_point7_10min01_R3D_D3D_Z08_C0_T0.tif,4660.734013867488,4352.4675,5392.428571428572,Expt2021_006_Set2_HeLaYFP-PP1_Nuf2-CFP_STLC_MG132_DMSO_well3_point7_10min01_R3D_D3D_Z08_C1_T0.tif,5398.373134328358,4181.365,0.9988988232654789,1.517245174136909,0.6583634868594698,dmso,set2_pp1_dmso_cell_3,Expt2021_006_Set2_HeLaYFP-PP1_Nuf2-CFP_STLC_MG132_DMSO_well3_point7_10min01_R3D_D3D
93,93,8_2,53,6658.773584905661,Expt2021_006_Set2_HeLaYFP-PP1_Nuf2-CFP_STLC_MG132_DMSO_well3_point7_10min01_R3D_D3D_Z08_C0_T0.tif,4660.734013867488,4352.4675,5080.320754716981,Expt2021_006_Set2_HeLaYFP-PP1_Nuf2-CFP_STLC_MG132_DMSO_well3_point7_10min01_R3D_D3D_Z08_C1_T0.tif,5398.373134328358,4181.365,0.9410836613740396,1.428696330898359,0.6587009716629494,dmso,set2_pp1_dmso_cell_3,Expt2021_006_Set2_HeLaYFP-PP1_Nuf2-CFP_STLC_MG132_DMSO_well3_point7_10min01_R3D_D3D
94,94,8_3,44,6401.522727272727,Expt2021_006_Set2_HeLaYFP-PP1_Nuf2-CFP_STLC_MG132_DMSO_well3_point7_10min01_R3D_D3D_Z08_C0_T0.tif,4660.734013867488,4352.4675,5472.75,Expt2021_006_Set2_HeLaYFP-PP1_Nuf2-CFP_STLC_MG132_DMSO_well3_point7_10min01_R3D_D3D_Z08_C1_T0.tif,5398.373134328358,4181.365,1.0137776444534148,1.3735009782205374,0.7380975045003839,dmso,set2_pp1_dmso_cell_3,Expt2021_006_Set2_HeLaYFP-PP1_Nuf2-CFP_STLC_MG132_DMSO_well3_point7_10min01_R3D_D3D
95,95,8_4,15,6273.666666666668,Expt2021_006_Set2_HeLaYFP-PP1_Nuf2-CFP_STLC_MG132_DMSO_well3_point7_10min01_R3D_D3D_Z08_C0_T0.tif,4660.734013867488,4352.4675,5580.9333333333325,Expt2021_006_Set2_HeLaYFP-PP1_Nuf2-CFP_STLC_MG132_DMSO_well3_point7_10min01_R3D_D3D_Z08_C1_T0.tif,5398.373134328358,4181.365,1.0338176325463815,1.3460683763544714,0.7680275762411476,dmso,set2_pp1_dmso_cell_3,Expt2021_006_Set2_HeLaYFP-PP1_Nuf2-CFP_STLC_MG132_DMSO_well3_point7_10min01_R3D_D3D
97,97,9_2,44,7155.159090909091,Expt2021_006_Set2_HeLaYFP-PP1_Nuf2-CFP_STLC_MG132_DMSO_well3_point7_10min01_R3D_D3D_Z09_C0_T0.tif,4665.127480417756,4324.375,5157.227272727273,Expt2021_006_Set2_HeLaYFP-PP1_Nuf2-CFP_STLC_MG132_DMSO_well3_point7_10min01_R3D_D3D_Z09_C1_T0.tif,5388.562161340963,4189.75,0.9570692734560342,1.533754248076487,0.6240043179383624,dmso,set2_pp1_dmso_cell_3,Expt2021_006_Set2_HeLaYFP-PP1_Nuf2-CFP_STLC_MG132_DMSO_well3_point7_10min01_R3D_D3D
98,98,9_3,55,6780.690909090909,Expt2021_006_Set2_HeLaYFP-PP1_Nuf2-CFP_STLC_MG132_DMSO_well3_point7_10min01_R3D_D3D_Z09_C0_T0.tif,4665.127480417756,4324.375,5010.709090909091,Expt2021_006_Set2_HeLaYFP-PP1_Nuf2-CFP_STLC_MG132_DMSO_well3_point7_10min01_R3D_D3D_Z09_C1_T0.tif,5388.562161340963,4189.75,0.9298786839386034,1.4534845912685987,0.6397581986933945,dmso,set2_pp1_dmso_cell_3,Expt2021_006_Set2_HeLaYFP-PP1_Nuf2-CFP_STLC_MG132_DMSO_well3_point7_10min01_R3D_D3D
99,99,9_4,40,6464.65,Expt2021_006_Set2_HeLaYFP-PP1_Nuf2-CFP_STLC_MG132_DMSO_well3_point7_10min01_R3D_D3D_Z09_C0_T0.tif,4665.127480417756,4324.375,5352.8,Expt2021_006_Set2_HeLaYFP-PP1_Nuf2-CFP_STLC_MG132_DMSO_well3_point7_10min01_R3D_D3D_Z09_C1_T0.tif,5388.562161340963,4189.75,0.9933633202568339,1.3857391951529479,0.7168472420578345,dmso,set2_pp1_dmso_cell_3,Expt2021_006_Set2_HeLaYFP-PP1_Nuf2-CFP_STLC_MG132_DMSO_well3_point7_10min01_R3D_D3D
100,100,9_5,5,6189.6,Expt2021_006_Set2_HeLaYFP-PP1_Nuf2-CFP_STLC_MG132_DMSO_well3_point7_10min01_R3D_D3D_Z09_C0_T0.tif,4665.127480417756,4324.375,5408.6,Expt2021_006_Set2_HeLaYFP-PP1_Nuf2-CFP_STLC_MG132_DMSO_well3_point7_10min01_R3D_D3D_Z09_C1_T0.tif,5388.562161340963,4189.75,1.0037185872704215,1.326780463338106,0.7565069090217995,dmso,set2_pp1_dmso_cell_3,Expt2021_006_Set2_HeLaYFP-PP1_Nuf2-CFP_STLC_MG132_DMSO_well3_point7_10min01_R3D_D3D
101,101,9_6,5,5992.2,Expt2021_006_Set2_HeLaYFP-PP1_Nuf2-CFP_STLC_MG132_DMSO_well3_point7_10min01_R3D_D3D_Z09_C0_T0.tif,4665.127480417756,4324.375,6301.2,Expt2021_006_Set2_HeLaYFP-PP1_Nuf2-CFP_STLC_MG132_DMSO_well3_point7_10min01_R3D_D3D_Z09_C1_T0.tif,5388.562161340963,4189.75,1.1693657438354434,1.2844665071110568,0.9103902183214642,dmso,set2_pp1_dmso_cell_3,Expt2021_006_Set2_HeLaYFP-PP1_Nuf2-CFP_STLC_MG132_DMSO_well3_point7_10min01_R3D_D3D
102,102,9_7,12,6405.0,Expt2021_006_Set2_HeLaYFP-PP1_Nuf2-CFP_STLC_MG132_DMSO_well3_point7_10min01_R3D_D3D_Z09_C0_T0.tif,4665.127480417756,4324.375,5733.083333333332,Expt2021_006_Set2_HeLaYFP-PP1_Nuf2-CFP_STLC_MG132_DMSO_well3_point7_10min01_R3D_D3D_Z09_C1_T0.tif,5388.562161340963,4189.75,1.0639356402834246,1.3729528350265878,0.77492511988791,dmso,set2_pp1_dmso_cell_3,Expt2021_006_Set2_HeLaYFP-PP1_Nuf2-CFP_STLC_MG132_DMSO_well3_point7_10min01_R3D_D3D
104,104,10_2,48,6538.583333333332,Expt2021_006_Set2_HeLaYFP-PP1_Nuf2-CFP_STLC_MG132_DMSO_well3_point7_10min01_R3D_D3D_Z10_C0_T0.tif,4652.791796728679,4330.975,5451.5625,Expt2021_006_Set2_HeLaYFP-PP1_Nuf2-CFP_STLC_MG132_DMSO_well3_point7_10min01_R3D_D3D_Z10_C1_T0.tif,5375.955091902633,4171.335,1.0140639954770545,1.4053032284682347,0.7215979974531,dmso,set2_pp1_dmso_cell_3,Expt2021_006_Set2_HeLaYFP-PP1_Nuf2-CFP_STLC_MG132_DMSO_well3_point7_10min01_R3D_D3D
105,105,10_3,78,6374.871794871794,Expt2021_006_Set2_HeLaYFP-PP1_Nuf2-CFP_STLC_MG132_DMSO_well3_point7_10min01_R3D_D3D_Z10_C0_T0.tif,4652.791796728679,4330.975,4942.474358974359,Expt2021_006_Set2_HeLaYFP-PP1_Nuf2-CFP_STLC_MG132_DMSO_well3_point7_10min01_R3D_D3D_Z10_C1_T0.tif,5375.955091902633,4171.335,0.9193667496253474,1.370117570993374,0.6710130350045657,dmso,set2_pp1_dmso_cell_3,Expt2021_006_Set2_HeLaYFP-PP1_Nuf2-CFP_STLC_MG132_DMSO_well3_point7_10min01_R3D_D3D
106,106,10_4,63,5972.793650793651,Expt2021_006_Set2_HeLaYFP-PP1_Nuf2-CFP_STLC_MG132_DMSO_well3_point7_10min01_R3D_D3D_Z10_C0_T0.tif,4652.791796728679,4330.975,5347.746031746032,Expt2021_006_Set2_HeLaYFP-PP1_Nuf2-CFP_STLC_MG132_DMSO_well3_point7_10min01_R3D_D3D_Z10_C1_T0.tif,5375.955091902633,4171.335,0.9947527351560115,1.2837010362236816,0.7749099728721247,dmso,set2_pp1_dmso_cell_3,Expt2021_006_Set2_HeLaYFP-PP1_Nuf2-CFP_STLC_MG132_DMSO_well3_point7_10min01_R3D_D3D
107,107,10_5,8,5958.875,Expt2021_006_Set2_HeLaYFP-PP1_Nuf2-CFP_STLC_MG132_DMSO_well3_point7_10min01_R3D_D3D_Z10_C0_T0.tif,4652.791796728679,4330.975,5597.875,Expt2021_006_Set2_HeLaYFP-PP1_Nuf2-CFP_STLC_MG132_DMSO_well3_point7_10min01_R3D_D3D_Z10_C1_T0.tif,5375.955091902633,4171.335,1.0412800896405603,1.2807095740216898,0.8130493522982951,dmso,set2_pp1_dmso_cell_3,Expt2021_006_Set2_HeLaYFP-PP1_Nuf2-CFP_STLC_MG132_DMSO_well3_point7_10min01_R3D_D3D
108,108,10_6,8,6061.625,Expt2021_006_Set2_HeLaYFP-PP1_Nuf2-CFP_STLC_MG132_DMSO_well3_point7_10min01_R3D_D3D_Z10_C0_T0.tif,4652.791796728679,4330.975,5508.0,Expt2021_006_Set2_HeLaYFP-PP1_Nuf2-CFP_STLC_MG132_DMSO_well3_point7_10min01_R3D_D3D_Z10_C1_T0.tif,5375.955091902633,4171.335,1.0245621300475993,1.3027930895729858,0.7864350358071198,dmso,set2_pp1_dmso_cell_3,Expt2021_006_Set2_HeLaYFP-PP1_Nuf2-CFP_STLC_MG132_DMSO_well3_point7_10min01_R3D_D3D
109,109,10_7,14,6012.714285714284,Expt2021_006_Set2_HeLaYFP-PP1_Nuf2-CFP_STLC_MG132_DMSO_well3_point7_10min01_R3D_D3D_Z10_C0_T0.tif,4652.791796728679,4330.975,5900.357142857143,Expt2021_006_Set2_HeLaYFP-PP1_Nuf2-CFP_STLC_MG132_DMSO_well3_point7_10min01_R3D_D3D_Z10_C1_T0.tif,5375.955091902633,4171.335,1.0975458392024842,1.292280967728182,0.8493089866764498,dmso,set2_pp1_dmso_cell_3,Expt2021_006_Set2_HeLaYFP-PP1_Nuf2-CFP_STLC_MG132_DMSO_well3_point7_10min01_R3D_D3D
110,110,10_8,20,5721.4,Expt2021_006_Set2_HeLaYFP-PP1_Nuf2-CFP_STLC_MG132_DMSO_well3_point7_10min01_R3D_D3D_Z10_C0_T0.tif,4652.791796728679,4330.975,5919.0,Expt2021_006_Set2_HeLaYFP-PP1_Nuf2-CFP_STLC_MG132_DMSO_well3_point7_10min01_R3D_D3D_Z10_C1_T0.tif,5375.955091902633,4171.335,1.1010136615380792,1.229670324819315,0.8953730437463876,dmso,set2_pp1_dmso_cell_3,Expt2021_006_Set2_HeLaYFP-PP1_Nuf2-CFP_STLC_MG132_DMSO_well3_point7_10min01_R3D_D3D
111,111,10_9,5,5435.8,Expt2021_006_Set2_HeLaYFP-PP1_Nuf2-CFP_STLC_MG132_DMSO_well3_point7_10min01_R3D_D3D_Z10_C0_T0.tif,4652.791796728679,4330.975,5413.4,Expt2021_006_Set2_HeLaYFP-PP1_Nuf2-CFP_STLC_MG132_DMSO_well3_point7_10min01_R3D_D3D_Z10_C1_T0.tif,5375.955091902633,4171.335,1.006965256862686,1.1682878231993625,0.8619153917954105,dmso,set2_pp1_dmso_cell_3,Expt2021_006_Set2_HeLaYFP-PP1_Nuf2-CFP_STLC_MG132_DMSO_well3_point7_10min01_R3D_D3D
114,114,11_3,54,5935.777777777777,Expt2021_006_Set2_HeLaYFP-PP1_Nuf2-CFP_STLC_MG132_DMSO_well3_point7_10min01_R3D_D3D_Z11_C0_T0.tif,4644.900550095803,4348.055,5483.555555555556,Expt2021_006_Set2_HeLaYFP-PP1_Nuf2-CFP_STLC_MG132_DMSO_well3_point7_10min01_R3D_D3D_Z11_C1_T0.tif,5365.467650065722,4155.36,1.0220088747508127,1.2779127806418482,0.799748535449732,dmso,set2_pp1_dmso_cell_3,Expt2021_006_Set2_HeLaYFP-PP1_Nuf2-CFP_STLC_MG132_DMSO_well3_point7_10min01_R3D_D3D
116,116,11_5,60,5785.6,Expt2021_006_Set2_HeLaYFP-PP1_Nuf2-CFP_STLC_MG132_DMSO_well3_point7_10min01_R3D_D3D_Z11_C0_T0.tif,4644.900550095803,4348.055,5369.833333333333,Expt2021_006_Set2_HeLaYFP-PP1_Nuf2-CFP_STLC_MG132_DMSO_well3_point7_10min01_R3D_D3D_Z11_C1_T0.tif,5365.467650065722,4155.36,1.000813663142216,1.2455810275379675,0.8034914156652161,dmso,set2_pp1_dmso_cell_3,Expt2021_006_Set2_HeLaYFP-PP1_Nuf2-CFP_STLC_MG132_DMSO_well3_point7_10min01_R3D_D3D
117,117,11_6,8,5946.875,Expt2021_006_Set2_HeLaYFP-PP1_Nuf2-CFP_STLC_MG132_DMSO_well3_point7_10min01_R3D_D3D_Z11_C0_T0.tif,4644.900550095803,4348.055,5736.375,Expt2021_006_Set2_HeLaYFP-PP1_Nuf2-CFP_STLC_MG132_DMSO_well3_point7_10min01_R3D_D3D_Z11_C1_T0.tif,5365.467650065722,4155.36,1.0691286154581017,1.2803019000863956,0.8350597740938729,dmso,set2_pp1_dmso_cell_3,Expt2021_006_Set2_HeLaYFP-PP1_Nuf2-CFP_STLC_MG132_DMSO_well3_point7_10min01_R3D_D3D
118,118,11_7,5,5683.4,Expt2021_006_Set2_HeLaYFP-PP1_Nuf2-CFP_STLC_MG132_DMSO_well3_point7_10min01_R3D_D3D_Z11_C0_T0.tif,4644.900550095803,4348.055,5968.2,Expt2021_006_Set2_HeLaYFP-PP1_Nuf2-CFP_STLC_MG132_DMSO_well3_point7_10min01_R3D_D3D_Z11_C1_T0.tif,5365.467650065722,4155.36,1.1123354736705746,1.2235784036071078,0.9090839380553064,dmso,set2_pp1_dmso_cell_3,Expt2021_006_Set2_HeLaYFP-PP1_Nuf2-CFP_STLC_MG132_DMSO_well3_point7_10min01_R3D_D3D
119,119,11_8,8,5747.0,Expt2021_006_Set2_HeLaYFP-PP1_Nuf2-CFP_STLC_MG132_DMSO_well3_point7_10min01_R3D_D3D_Z11_C0_T0.tif,4644.900550095803,4348.055,5554.875,Expt2021_006_Set2_HeLaYFP-PP1_Nuf2-CFP_STLC_MG132_DMSO_well3_point7_10min01_R3D_D3D_Z11_C1_T0.tif,5365.467650065722,4155.36,1.0353011819821443,1.2372708388517524,0.8367619679317377,dmso,set2_pp1_dmso_cell_3,Expt2021_006_Set2_HeLaYFP-PP1_Nuf2-CFP_STLC_MG132_DMSO_well3_point7_10min01_R3D_D3D
120,120,11_9,8,5764.625,Expt2021_006_Set2_HeLaYFP-PP1_Nuf2-CFP_STLC_MG132_DMSO_well3_point7_10min01_R3D_D3D_Z11_C0_T0.tif,4644.900550095803,4348.055,5828.375,Expt2021_006_Set2_HeLaYFP-PP1_Nuf2-CFP_STLC_MG132_DMSO_well3_point7_10min01_R3D_D3D_Z11_C1_T0.tif,5365.467650065722,4155.36,1.0862753035010113,1.2410653226754451,0.8752764932302332,dmso,set2_pp1_dmso_cell_3,Expt2021_006_Set2_HeLaYFP-PP1_Nuf2-CFP_STLC_MG132_DMSO_well3_point7_10min01_R3D_D3D
121,121,11_10,12,5846.166666666668,Expt2021_006_Set2_HeLaYFP-PP1_Nuf2-CFP_STLC_MG132_DMSO_well3_point7_10min01_R3D_D3D_Z11_C0_T0.tif,4644.900550095803,4348.055,5813.0,Expt2021_006_Set2_HeLaYFP-PP1_Nuf2-CFP_STLC_MG132_DMSO_well3_point7_10min01_R3D_D3D_Z11_C1_T0.tif,5365.467650065722,4155.36,1.083409756450362,1.258620416866856,0.8607914999085632,dmso,set2_pp1_dmso_cell_3,Expt2021_006_Set2_HeLaYFP-PP1_Nuf2-CFP_STLC_MG132_DMSO_well3_point7_10min01_R3D_D3D
122,122,11_11,18,5975.944444444444,Expt2021_006_Set2_HeLaYFP-PP1_Nuf2-CFP_STLC_MG132_DMSO_well3_point7_10min01_R3D_D3D_Z11_C0_T0.tif,4644.900550095803,4348.055,5635.38888888889,Expt2021_006_Set2_HeLaYFP-PP1_Nuf2-CFP_STLC_MG132_DMSO_well3_point7_10min01_R3D_D3D_Z11_C1_T0.tif,5365.467650065722,4155.36,1.050307122589745,1.2865602567790582,0.8163683877653892,dmso,set2_pp1_dmso_cell_3,Expt2021_006_Set2_HeLaYFP-PP1_Nuf2-CFP_STLC_MG132_DMSO_well3_point7_10min01_R3D_D3D
123,123,11_12,5,5577.0,Expt2021_006_Set2_HeLaYFP-PP1_Nuf2-CFP_STLC_MG132_DMSO_well3_point7_10min01_R3D_D3D_Z11_C0_T0.tif,4644.900550095803,4348.055,5660.0,Expt2021_006_Set2_HeLaYFP-PP1_Nuf2-CFP_STLC_MG132_DMSO_well3_point7_10min01_R3D_D3D_Z11_C1_T0.tif,5365.467650065722,4155.36,1.0548940687268276,1.2006715622544324,0.8785867025501239,dmso,set2_pp1_dmso_cell_3,Expt2021_006_Set2_HeLaYFP-PP1_Nuf2-CFP_STLC_MG132_DMSO_well3_point7_10min01_R3D_D3D
124,124,11_13,8,5717.5,Expt2021_006_Set2_HeLaYFP-PP1_Nuf2-CFP_STLC_MG132_DMSO_well3_point7_10min01_R3D_D3D_Z11_C0_T0.tif,4644.900550095803,4348.055,5803.75,Expt2021_006_Set2_HeLaYFP-PP1_Nuf2-CFP_STLC_MG132_DMSO_well3_point7_10min01_R3D_D3D_Z11_C1_T0.tif,5365.467650065722,4155.36,1.0816857687938737,1.2309197879128058,0.8787621902057656,dmso,set2_pp1_dmso_cell_3,Expt2021_006_Set2_HeLaYFP-PP1_Nuf2-CFP_STLC_MG132_DMSO_well3_point7_10min01_R3D_D3D
126,126,12_2,58,5528.120689655172,Expt2021_006_Set2_HeLaYFP-PP1_Nuf2-CFP_STLC_MG132_DMSO_well3_point7_10min01_R3D_D3D_Z12_C0_T0.tif,4657.063416567578,4366.9025,5474.103448275861,Expt2021_006_Set2_HeLaYFP-PP1_Nuf2-CFP_STLC_MG132_DMSO_well3_point7_10min01_R3D_D3D_Z12_C1_T0.tif,5365.6766833341435,4194.96,1.0202074726713395,1.187040028269487,0.8594549875109414,dmso,set2_pp1_dmso_cell_3,Expt2021_006_Set2_HeLaYFP-PP1_Nuf2-CFP_STLC_MG132_DMSO_well3_point7_10min01_R3D_D3D
127,127,12_3,90,6192.3,Expt2021_006_Set2_HeLaYFP-PP1_Nuf2-CFP_STLC_MG132_DMSO_well3_point7_10min01_R3D_D3D_Z12_C0_T0.tif,4657.063416567578,4366.9025,4993.533333333334,Expt2021_006_Set2_HeLaYFP-PP1_Nuf2-CFP_STLC_MG132_DMSO_well3_point7_10min01_R3D_D3D_Z12_C1_T0.tif,5365.6766833341435,4194.96,0.9306437245545018,1.3296576503491004,0.6999122851736778,dmso,set2_pp1_dmso_cell_3,Expt2021_006_Set2_HeLaYFP-PP1_Nuf2-CFP_STLC_MG132_DMSO_well3_point7_10min01_R3D_D3D
128,128,12_4,5,5636.0,Expt2021_006_Set2_HeLaYFP-PP1_Nuf2-CFP_STLC_MG132_DMSO_well3_point7_10min01_R3D_D3D_Z12_C0_T0.tif,4657.063416567578,4366.9025,5597.2,Expt2021_006_Set2_HeLaYFP-PP1_Nuf2-CFP_STLC_MG132_DMSO_well3_point7_10min01_R3D_D3D_Z12_C1_T0.tif,5365.6766833341435,4194.96,1.0431489503243776,1.2102046924999645,0.8619607548946999,dmso,set2_pp1_dmso_cell_3,Expt2021_006_Set2_HeLaYFP-PP1_Nuf2-CFP_STLC_MG132_DMSO_well3_point7_10min01_R3D_D3D
129,129,12_5,51,5643.607843137254,Expt2021_006_Set2_HeLaYFP-PP1_Nuf2-CFP_STLC_MG132_DMSO_well3_point7_10min01_R3D_D3D_Z12_C0_T0.tif,4657.063416567578,4366.9025,5139.509803921569,Expt2021_006_Set2_HeLaYFP-PP1_Nuf2-CFP_STLC_MG132_DMSO_well3_point7_10min01_R3D_D3D_Z12_C1_T0.tif,5365.6766833341435,4194.96,0.9578493277250469,1.2118383063155267,0.7904101749657445,dmso,set2_pp1_dmso_cell_3,Expt2021_006_Set2_HeLaYFP-PP1_Nuf2-CFP_STLC_MG132_DMSO_well3_point7_10min01_R3D_D3D
130,130,12_6,8,5826.125,Expt2021_006_Set2_HeLaYFP-PP1_Nuf2-CFP_STLC_MG132_DMSO_well3_point7_10min01_R3D_D3D_Z12_C0_T0.tif,4657.063416567578,4366.9025,5614.0,Expt2021_006_Set2_HeLaYFP-PP1_Nuf2-CFP_STLC_MG132_DMSO_well3_point7_10min01_R3D_D3D_Z12_C1_T0.tif,5365.6766833341435,4194.96,1.0462799626815293,1.251029775388814,0.8363349804015261,dmso,set2_pp1_dmso_cell_3,Expt2021_006_Set2_HeLaYFP-PP1_Nuf2-CFP_STLC_MG132_DMSO_well3_point7_10min01_R3D_D3D
131,131,12_7,8,5434.0,Expt2021_006_Set2_HeLaYFP-PP1_Nuf2-CFP_STLC_MG132_DMSO_well3_point7_10min01_R3D_D3D_Z12_C0_T0.tif,4657.063416567578,4366.9025,5903.25,Expt2021_006_Set2_HeLaYFP-PP1_Nuf2-CFP_STLC_MG132_DMSO_well3_point7_10min01_R3D_D3D_Z12_C1_T0.tif,5365.6766833341435,4194.96,1.1001874224616564,1.1668297194898523,0.94288601334449,dmso,set2_pp1_dmso_cell_3,Expt2021_006_Set2_HeLaYFP-PP1_Nuf2-CFP_STLC_MG132_DMSO_well3_point7_10min01_R3D_D3D
132,132,12_8,5,5884.2,Expt2021_006_Set2_HeLaYFP-PP1_Nuf2-CFP_STLC_MG132_DMSO_well3_point7_10min01_R3D_D3D_Z12_C0_T0.tif,4657.063416567578,4366.9025,5590.4,Expt2021_006_Set2_HeLaYFP-PP1_Nuf2-CFP_STLC_MG132_DMSO_well3_point7_10min01_R3D_D3D_Z12_C1_T0.tif,5365.6766833341435,4194.96,1.0418816357988638,1.263500080129221,0.8245995803121027,dmso,set2_pp1_dmso_cell_3,Expt2021_006_Set2_HeLaYFP-PP1_Nuf2-CFP_STLC_MG132_DMSO_well3_point7_10min01_R3D_D3D
133,133,12_9,8,5783.75,Expt2021_006_Set2_HeLaYFP-PP1_Nuf2-CFP_STLC_MG132_DMSO_well3_point7_10min01_R3D_D3D_Z12_C0_T0.tif,4657.063416567578,4366.9025,5927.375,Expt2021_006_Set2_HeLaYFP-PP1_Nuf2-CFP_STLC_MG132_DMSO_well3_point7_10min01_R3D_D3D_Z12_C1_T0.tif,5365.6766833341435,4194.96,1.1046835934804828,1.2419306937982024,0.8894889215613344,dmso,set2_pp1_dmso_cell_3,Expt2021_006_Set2_HeLaYFP-PP1_Nuf2-CFP_STLC_MG132_DMSO_well3_point7_10min01_R3D_D3D
134,134,12_10,8,5611.125,Expt2021_006_Set2_HeLaYFP-PP1_Nuf2-CFP_STLC_MG132_DMSO_well3_point7_10min01_R3D_D3D_Z12_C0_T0.tif,4657.063416567578,4366.9025,5926.375,Expt2021_006_Set2_HeLaYFP-PP1_Nuf2-CFP_STLC_MG132_DMSO_well3_point7_10min01_R3D_D3D_Z12_C1_T0.tif,5365.6766833341435,4194.96,1.104497223697319,1.204863343719635,0.9166991671333719,dmso,set2_pp1_dmso_cell_3,Expt2021_006_Set2_HeLaYFP-PP1_Nuf2-CFP_STLC_MG132_DMSO_well3_point7_10min01_R3D_D3D
135,135,12_11,5,6114.8,Expt2021_006_Set2_HeLaYFP-PP1_Nuf2-CFP_STLC_MG132_DMSO_well3_point7_10min01_R3D_D3D_Z12_C0_T0.tif,4657.063416567578,4366.9025,5941.6,Expt2021_006_Set2_HeLaYFP-PP1_Nuf2-CFP_STLC_MG132_DMSO_well3_point7_10min01_R3D_D3D_Z12_C1_T0.tif,5365.6766833341435,4194.96,1.1073347036459877,1.3130162621892802,0.8433518575007245,dmso,set2_pp1_dmso_cell_3,Expt2021_006_Set2_HeLaYFP-PP1_Nuf2-CFP_STLC_MG132_DMSO_well3_point7_10min01_R3D_D3D
136,136,12_12,17,5908.764705882353,Expt2021_006_Set2_HeLaYFP-PP1_Nuf2-CFP_STLC_MG132_DMSO_well3_point7_10min01_R3D_D3D_Z12_C0_T0.tif,4657.063416567578,4366.9025,5970.882352941177,Expt2021_006_Set2_HeLaYFP-PP1_Nuf2-CFP_STLC_MG132_DMSO_well3_point7_10min01_R3D_D3D_Z12_C1_T0.tif,5365.6766833341435,4194.96,1.1127920494141603,1.268774800201738,0.8770603335101106,dmso,set2_pp1_dmso_cell_3,Expt2021_006_Set2_HeLaYFP-PP1_Nuf2-CFP_STLC_MG132_DMSO_well3_point7_10min01_R3D_D3D
137,137,12_13,14,5898.428571428572,Expt2021_006_Set2_HeLaYFP-PP1_Nuf2-CFP_STLC_MG132_DMSO_well3_point7_10min01_R3D_D3D_Z12_C0_T0.tif,4657.063416567578,4366.9025,5532.5,Expt2021_006_Set2_HeLaYFP-PP1_Nuf2-CFP_STLC_MG132_DMSO_well3_point7_10min01_R3D_D3D_Z12_C1_T0.tif,5365.6766833341435,4194.96,1.0310908253536804,1.2665553469692545,0.8140906181644425,dmso,set2_pp1_dmso_cell_3,Expt2021_006_Set2_HeLaYFP-PP1_Nuf2-CFP_STLC_MG132_DMSO_well3_point7_10min01_R3D_D3D
138,138,12_14,11,5876.363636363636,Expt2021_006_Set2_HeLaYFP-PP1_Nuf2-CFP_STLC_MG132_DMSO_well3_point7_10min01_R3D_D3D_Z12_C0_T0.tif,4657.063416567578,4366.9025,5536.181818181818,Expt2021_006_Set2_HeLaYFP-PP1_Nuf2-CFP_STLC_MG132_DMSO_well3_point7_10min01_R3D_D3D_Z12_C1_T0.tif,5365.6766833341435,4194.96,1.0317770050098742,1.2618173966578117,0.8176912188267116,dmso,set2_pp1_dmso_cell_3,Expt2021_006_Set2_HeLaYFP-PP1_Nuf2-CFP_STLC_MG132_DMSO_well3_point7_10min01_R3D_D3D
139,139,13_1,51,6688.745098039216,Expt2021_006_Set2_HeLaYFP-PP1_Nuf2-CFP_STLC_MG132_DMSO_well3_point7_10min01_R3D_D3D_Z13_C0_T0.tif,4672.394746693287,4335.875,4943.039215686274,Expt2021_006_Set2_HeLaYFP-PP1_Nuf2-CFP_STLC_MG132_DMSO_well3_point7_10min01_R3D_D3D_Z13_C1_T0.tif,5369.876746651248,4221.58,0.9205126018523315,1.4315453767627244,0.6430202051533743,dmso,set2_pp1_dmso_cell_3,Expt2021_006_Set2_HeLaYFP-PP1_Nuf2-CFP_STLC_MG132_DMSO_well3_point7_10min01_R3D_D3D
140,140,13_2,5,6356.4,Expt2021_006_Set2_HeLaYFP-PP1_Nuf2-CFP_STLC_MG132_DMSO_well3_point7_10min01_R3D_D3D_Z13_C0_T0.tif,4672.394746693287,4335.875,5659.0,Expt2021_006_Set2_HeLaYFP-PP1_Nuf2-CFP_STLC_MG132_DMSO_well3_point7_10min01_R3D_D3D_Z13_C1_T0.tif,5369.876746651248,4221.58,1.0538416926476113,1.3604158776392994,0.774646716470496,dmso,set2_pp1_dmso_cell_3,Expt2021_006_Set2_HeLaYFP-PP1_Nuf2-CFP_STLC_MG132_DMSO_well3_point7_10min01_R3D_D3D
142,142,14_2,5,6114.6,Expt2021_006_Set2_HeLaYFP-PP1_Nuf2-CFP_STLC_MG132_DMSO_well3_point7_10min01_R3D_D3D_Z14_C0_T0.tif,4668.3544733210665,4310.775,5929.0,Expt2021_006_Set2_HeLaYFP-PP1_Nuf2-CFP_STLC_MG132_DMSO_well3_point7_10min01_R3D_D3D_Z14_C1_T0.tif,5374.9258084371,4209.135,1.1030849934138927,1.30979771029471,0.8421796623584674,dmso,set2_pp1_dmso_cell_3,Expt2021_006_Set2_HeLaYFP-PP1_Nuf2-CFP_STLC_MG132_DMSO_well3_point7_10min01_R3D_D3D
143,143,14_3,5,6151.2,Expt2021_006_Set2_HeLaYFP-PP1_Nuf2-CFP_STLC_MG132_DMSO_well3_point7_10min01_R3D_D3D_Z14_C0_T0.tif,4668.3544733210665,4310.775,5853.0,Expt2021_006_Set2_HeLaYFP-PP1_Nuf2-CFP_STLC_MG132_DMSO_well3_point7_10min01_R3D_D3D_Z14_C1_T0.tif,5374.9258084371,4209.135,1.0889452633583256,1.3176377319145685,0.8264375229874864,dmso,set2_pp1_dmso_cell_3,Expt2021_006_Set2_HeLaYFP-PP1_Nuf2-CFP_STLC_MG132_DMSO_well3_point7_10min01_R3D_D3D
144,144,14_4,10,5857.2,Expt2021_006_Set2_HeLaYFP-PP1_Nuf2-CFP_STLC_MG132_DMSO_well3_point7_10min01_R3D_D3D_Z14_C0_T0.tif,4668.3544733210665,4310.775,6029.1,Expt2021_006_Set2_HeLaYFP-PP1_Nuf2-CFP_STLC_MG132_DMSO_well3_point7_10min01_R3D_D3D_Z14_C1_T0.tif,5374.9258084371,4209.135,1.1217085062897116,1.2546605090665253,0.8940334841050105,dmso,set2_pp1_dmso_cell_3,Expt2021_006_Set2_HeLaYFP-PP1_Nuf2-CFP_STLC_MG132_DMSO_well3_point7_10min01_R3D_D3D
145,145,14_5,5,5991.8,Expt2021_006_Set2_HeLaYFP-PP1_Nuf2-CFP_STLC_MG132_DMSO_well3_point7_10min01_R3D_D3D_Z14_C0_T0.tif,4668.3544733210665,4310.775,5349.4,Expt2021_006_Set2_HeLaYFP-PP1_Nuf2-CFP_STLC_MG132_DMSO_well3_point7_10min01_R3D_D3D_Z14_C1_T0.tif,5374.9258084371,4209.135,0.9952509468322275,1.283492938302398,0.7754237807872854,dmso,set2_pp1_dmso_cell_3,Expt2021_006_Set2_HeLaYFP-PP1_Nuf2-CFP_STLC_MG132_DMSO_well3_point7_10min01_R3D_D3D
146,146,14_6,5,6227.4,Expt2021_006_Set2_HeLaYFP-PP1_Nuf2-CFP_STLC_MG132_DMSO_well3_point7_10min01_R3D_D3D_Z14_C0_T0.tif,4668.3544733210665,4310.775,5676.4,Expt2021_006_Set2_HeLaYFP-PP1_Nuf2-CFP_STLC_MG132_DMSO_well3_point7_10min01_R3D_D3D_Z14_C1_T0.tif,5374.9258084371,4209.135,1.0560889958871005,1.3339603998772245,0.7916944131057423,dmso,set2_pp1_dmso_cell_3,Expt2021_006_Set2_HeLaYFP-PP1_Nuf2-CFP_STLC_MG132_DMSO_well3_point7_10min01_R3D_D3D
147,147,14_7,8,6552.0,Expt2021_006_Set2_HeLaYFP-PP1_Nuf2-CFP_STLC_MG132_DMSO_well3_point7_10min01_R3D_D3D_Z14_C0_T0.tif,4668.3544733210665,4310.775,5896.125,Expt2021_006_Set2_HeLaYFP-PP1_Nuf2-CFP_STLC_MG132_DMSO_well3_point7_10min01_R3D_D3D_Z14_C1_T0.tif,5374.9258084371,4209.135,1.0969686299194614,1.4034923948992477,0.7815992690136446,dmso,set2_pp1_dmso_cell_3,Expt2021_006_Set2_HeLaYFP-PP1_Nuf2-CFP_STLC_MG132_DMSO_well3_point7_10min01_R3D_D3D
148,148,14_8,5,6086.8,Expt2021_006_Set2_HeLaYFP-PP1_Nuf2-CFP_STLC_MG132_DMSO_well3_point7_10min01_R3D_D3D_Z14_C0_T0.tif,4668.3544733210665,4310.775,5399.0,Expt2021_006_Set2_HeLaYFP-PP1_Nuf2-CFP_STLC_MG132_DMSO_well3_point7_10min01_R3D_D3D_Z14_C1_T0.tif,5374.9258084371,4209.135,1.0044789811842816,1.3038427211954733,0.770398886963368,dmso,set2_pp1_dmso_cell_3,Expt2021_006_Set2_HeLaYFP-PP1_Nuf2-CFP_STLC_MG132_DMSO_well3_point7_10min01_R3D_D3D
149,149,15_1,40,6508.625,Expt2021_006_Set2_HeLaYFP-PP1_Nuf2-CFP_STLC_MG132_DMSO_well3_point7_10min01_R3D_D3D_Z15_C0_T0.tif,4676.147095459178,4375.4875,5106.0,Expt2021_006_Set2_HeLaYFP-PP1_Nuf2-CFP_STLC_MG132_DMSO_well3_point7_10min01_R3D_D3D_Z15_C1_T0.tif,5409.883556066485,4243.0175,0.943828078198519,1.3918777290646545,0.678096975395083,dmso,set2_pp1_dmso_cell_3,Expt2021_006_Set2_HeLaYFP-PP1_Nuf2-CFP_STLC_MG132_DMSO_well3_point7_10min01_R3D_D3D
150,150,15_2,5,6079.6,Expt2021_006_Set2_HeLaYFP-PP1_Nuf2-CFP_STLC_MG132_DMSO_well3_point7_10min01_R3D_D3D_Z15_C0_T0.tif,4676.147095459178,4375.4875,5702.0,Expt2021_006_Set2_HeLaYFP-PP1_Nuf2-CFP_STLC_MG132_DMSO_well3_point7_10min01_R3D_D3D_Z15_C1_T0.tif,5409.883556066485,4243.0175,1.0539968080469948,1.3001301875006586,0.8106855899355547,dmso,set2_pp1_dmso_cell_3,Expt2021_006_Set2_HeLaYFP-PP1_Nuf2-CFP_STLC_MG132_DMSO_well3_point7_10min01_R3D_D3D
151,151,15_3,5,6013.8,Expt2021_006_Set2_HeLaYFP-PP1_Nuf2-CFP_STLC_MG132_DMSO_well3_point7_10min01_R3D_D3D_Z15_C0_T0.tif,4676.147095459178,4375.4875,5794.0,Expt2021_006_Set2_HeLaYFP-PP1_Nuf2-CFP_STLC_MG132_DMSO_well3_point7_10min01_R3D_D3D_Z15_C1_T0.tif,5409.883556066485,4243.0175,1.0710027193658869,1.286058773865297,0.8327789842348718,dmso,set2_pp1_dmso_cell_3,Expt2021_006_Set2_HeLaYFP-PP1_Nuf2-CFP_STLC_MG132_DMSO_well3_point7_10min01_R3D_D3D
152,152,15_4,5,6085.8,Expt2021_006_Set2_HeLaYFP-PP1_Nuf2-CFP_STLC_MG132_DMSO_well3_point7_10min01_R3D_D3D_Z15_C0_T0.tif,4676.147095459178,4375.4875,5577.2,Expt2021_006_Set2_HeLaYFP-PP1_Nuf2-CFP_STLC_MG132_DMSO_well3_point7_10min01_R3D_D3D_Z15_C1_T0.tif,5409.883556066485,4243.0175,1.0309279196491932,1.301456065381194,0.7921342464582055,dmso,set2_pp1_dmso_cell_3,Expt2021_006_Set2_HeLaYFP-PP1_Nuf2-CFP_STLC_MG132_DMSO_well3_point7_10min01_R3D_D3D
153,153,15_5,12,6126.666666666668,Expt2021_006_Set2_HeLaYFP-PP1_Nuf2-CFP_STLC_MG132_DMSO_well3_point7_10min01_R3D_D3D_Z15_C0_T0.tif,4676.147095459178,4375.4875,6068.833333333332,Expt2021_006_Set2_HeLaYFP-PP1_Nuf2-CFP_STLC_MG132_DMSO_well3_point7_10min01_R3D_D3D_Z15_C1_T0.tif,5409.883556066485,4243.0175,1.1218047986500412,1.310195453991606,0.856211792853029,dmso,set2_pp1_dmso_cell_3,Expt2021_006_Set2_HeLaYFP-PP1_Nuf2-CFP_STLC_MG132_DMSO_well3_point7_10min01_R3D_D3D
154,154,15_6,5,6054.4,Expt2021_006_Set2_HeLaYFP-PP1_Nuf2-CFP_STLC_MG132_DMSO_well3_point7_10min01_R3D_D3D_Z15_C0_T0.tif,4676.147095459178,4375.4875,5596.0,Expt2021_006_Set2_HeLaYFP-PP1_Nuf2-CFP_STLC_MG132_DMSO_well3_point7_10min01_R3D_D3D_Z15_C1_T0.tif,5409.883556066485,4243.0175,1.0344030406578364,1.2947411354700944,0.7989265284927134,dmso,set2_pp1_dmso_cell_3,Expt2021_006_Set2_HeLaYFP-PP1_Nuf2-CFP_STLC_MG132_DMSO_well3_point7_10min01_R3D_D3D
155,155,16_1,5,5592.0,Expt2021_006_Set2_HeLaYFP-PP1_Nuf2-CFP_STLC_MG132_DMSO_well3_point7_10min01_R3D_D3D_Z16_C0_T0.tif,4687.855401529637,4322.935,5145.2,Expt2021_006_Set2_HeLaYFP-PP1_Nuf2-CFP_STLC_MG132_DMSO_well3_point7_10min01_R3D_D3D_Z16_C1_T0.tif,5426.171914090158,4241.6025,0.9482191278605535,1.1928695578313577,0.7949059657322635,dmso,set2_pp1_dmso_cell_3,Expt2021_006_Set2_HeLaYFP-PP1_Nuf2-CFP_STLC_MG132_DMSO_well3_point7_10min01_R3D_D3D
157,157,16_3,8,5885.75,Expt2021_006_Set2_HeLaYFP-PP1_Nuf2-CFP_STLC_MG132_DMSO_well3_point7_10min01_R3D_D3D_Z16_C0_T0.tif,4687.855401529637,4322.935,5618.25,Expt2021_006_Set2_HeLaYFP-PP1_Nuf2-CFP_STLC_MG132_DMSO_well3_point7_10min01_R3D_D3D_Z16_C1_T0.tif,5426.171914090158,4241.6025,1.0353984519751527,1.255531473534677,0.8246694517822103,dmso,set2_pp1_dmso_cell_3,Expt2021_006_Set2_HeLaYFP-PP1_Nuf2-CFP_STLC_MG132_DMSO_well3_point7_10min01_R3D_D3D
158,158,16_4,37,6151.27027027027,Expt2021_006_Set2_HeLaYFP-PP1_Nuf2-CFP_STLC_MG132_DMSO_well3_point7_10min01_R3D_D3D_Z16_C0_T0.tif,4687.855401529637,4322.935,5202.108108108108,Expt2021_006_Set2_HeLaYFP-PP1_Nuf2-CFP_STLC_MG132_DMSO_well3_point7_10min01_R3D_D3D_Z16_C1_T0.tif,5426.171914090158,4241.6025,0.9587068361398167,1.3121715034689687,0.7306261670866174,dmso,set2_pp1_dmso_cell_3,Expt2021_006_Set2_HeLaYFP-PP1_Nuf2-CFP_STLC_MG132_DMSO_well3_point7_10min01_R3D_D3D
159,159,16_5,5,5535.8,Expt2021_006_Set2_HeLaYFP-PP1_Nuf2-CFP_STLC_MG132_DMSO_well3_point7_10min01_R3D_D3D_Z16_C0_T0.tif,4687.855401529637,4322.935,5458.4,Expt2021_006_Set2_HeLaYFP-PP1_Nuf2-CFP_STLC_MG132_DMSO_well3_point7_10min01_R3D_D3D_Z16_C1_T0.tif,5426.171914090158,4241.6025,1.0059393779666572,1.1808811334482887,0.8518548984089666,dmso,set2_pp1_dmso_cell_3,Expt2021_006_Set2_HeLaYFP-PP1_Nuf2-CFP_STLC_MG132_DMSO_well3_point7_10min01_R3D_D3D
160,160,16_6,8,5717.375,Expt2021_006_Set2_HeLaYFP-PP1_Nuf2-CFP_STLC_MG132_DMSO_well3_point7_10min01_R3D_D3D_Z16_C0_T0.tif,4687.855401529637,4322.935,5953.5,Expt2021_006_Set2_HeLaYFP-PP1_Nuf2-CFP_STLC_MG132_DMSO_well3_point7_10min01_R3D_D3D_Z16_C1_T0.tif,5426.171914090158,4241.6025,1.0971823403789562,1.219614196746434,0.8996142741744977,dmso,set2_pp1_dmso_cell_3,Expt2021_006_Set2_HeLaYFP-PP1_Nuf2-CFP_STLC_MG132_DMSO_well3_point7_10min01_R3D_D3D
161,161,16_7,10,5655.9,Expt2021_006_Set2_HeLaYFP-PP1_Nuf2-CFP_STLC_MG132_DMSO_well3_point7_10min01_R3D_D3D_Z16_C0_T0.tif,4687.855401529637,4322.935,6147.6,Expt2021_006_Set2_HeLaYFP-PP1_Nuf2-CFP_STLC_MG132_DMSO_well3_point7_10min01_R3D_D3D_Z16_C1_T0.tif,5426.171914090158,4241.6025,1.1329534149178924,1.2065005243452032,0.9390409635609346,dmso,set2_pp1_dmso_cell_3,Expt2021_006_Set2_HeLaYFP-PP1_Nuf2-CFP_STLC_MG132_DMSO_well3_point7_10min01_R3D_D3D
162,162,16_8,17,6008.058823529412,Expt2021_006_Set2_HeLaYFP-PP1_Nuf2-CFP_STLC_MG132_DMSO_well3_point7_10min01_R3D_D3D_Z16_C0_T0.tif,4687.855401529637,4322.935,5738.647058823531,Expt2021_006_Set2_HeLaYFP-PP1_Nuf2-CFP_STLC_MG132_DMSO_well3_point7_10min01_R3D_D3D_Z16_C1_T0.tif,5426.171914090158,4241.6025,1.0575866650892443,1.2816220443934758,0.825193878113843,dmso,set2_pp1_dmso_cell_3,Expt2021_006_Set2_HeLaYFP-PP1_Nuf2-CFP_STLC_MG132_DMSO_well3_point7_10min01_R3D_D3D
163,163,16_9,8,6069.0,Expt2021_006_Set2_HeLaYFP-PP1_Nuf2-CFP_STLC_MG132_DMSO_well3_point7_10min01_R3D_D3D_Z16_C0_T0.tif,4687.855401529637,4322.935,5765.5,Expt2021_006_Set2_HeLaYFP-PP1_Nuf2-CFP_STLC_MG132_DMSO_well3_point7_10min01_R3D_D3D_Z16_C1_T0.tif,5426.171914090158,4241.6025,1.0625354469563908,1.2946218430755563,0.8207303566207321,dmso,set2_pp1_dmso_cell_3,Expt2021_006_Set2_HeLaYFP-PP1_Nuf2-CFP_STLC_MG132_DMSO_well3_point7_10min01_R3D_D3D
164,164,16_10,8,5683.25,Expt2021_006_Set2_HeLaYFP-PP1_Nuf2-CFP_STLC_MG132_DMSO_well3_point7_10min01_R3D_D3D_Z16_C0_T0.tif,4687.855401529637,4322.935,5846.625,Expt2021_006_Set2_HeLaYFP-PP1_Nuf2-CFP_STLC_MG132_DMSO_well3_point7_10min01_R3D_D3D_Z16_C1_T0.tif,5426.171914090158,4241.6025,1.0774861343441866,1.212334748666857,0.888769488401651,dmso,set2_pp1_dmso_cell_3,Expt2021_006_Set2_HeLaYFP-PP1_Nuf2-CFP_STLC_MG132_DMSO_well3_point7_10min01_R3D_D3D
166,166,17_2,19,5702.631578947368,Expt2021_006_Set2_HeLaYFP-PP1_Nuf2-CFP_STLC_MG132_DMSO_well3_point7_10min01_R3D_D3D_Z17_C0_T0.tif,4676.166582249986,4378.49,5549.842105263158,Expt2021_006_Set2_HeLaYFP-PP1_Nuf2-CFP_STLC_MG132_DMSO_well3_point7_10min01_R3D_D3D_Z17_C1_T0.tif,5449.206265948398,4259.4575,1.0184679812808013,1.2195099294780658,0.8351452962065607,dmso,set2_pp1_dmso_cell_3,Expt2021_006_Set2_HeLaYFP-PP1_Nuf2-CFP_STLC_MG132_DMSO_well3_point7_10min01_R3D_D3D
167,167,17_3,35,5717.571428571428,Expt2021_006_Set2_HeLaYFP-PP1_Nuf2-CFP_STLC_MG132_DMSO_well3_point7_10min01_R3D_D3D_Z17_C0_T0.tif,4676.166582249986,4378.49,5286.628571428571,Expt2021_006_Set2_HeLaYFP-PP1_Nuf2-CFP_STLC_MG132_DMSO_well3_point7_10min01_R3D_D3D_Z17_C1_T0.tif,5449.206265948398,4259.4575,0.9701648851988297,1.2227048219955328,0.7934579693694659,dmso,set2_pp1_dmso_cell_3,Expt2021_006_Set2_HeLaYFP-PP1_Nuf2-CFP_STLC_MG132_DMSO_well3_point7_10min01_R3D_D3D
168,168,17_4,5,5535.0,Expt2021_006_Set2_HeLaYFP-PP1_Nuf2-CFP_STLC_MG132_DMSO_well3_point7_10min01_R3D_D3D_Z17_C0_T0.tif,4676.166582249986,4378.49,5769.4,Expt2021_006_Set2_HeLaYFP-PP1_Nuf2-CFP_STLC_MG132_DMSO_well3_point7_10min01_R3D_D3D_Z17_C1_T0.tif,5449.206265948398,4259.4575,1.0587597015830477,1.183661852640155,0.8944781816035438,dmso,set2_pp1_dmso_cell_3,Expt2021_006_Set2_HeLaYFP-PP1_Nuf2-CFP_STLC_MG132_DMSO_well3_point7_10min01_R3D_D3D
169,169,17_5,5,5655.6,Expt2021_006_Set2_HeLaYFP-PP1_Nuf2-CFP_STLC_MG132_DMSO_well3_point7_10min01_R3D_D3D_Z17_C0_T0.tif,4676.166582249986,4378.49,5560.0,Expt2021_006_Set2_HeLaYFP-PP1_Nuf2-CFP_STLC_MG132_DMSO_well3_point7_10min01_R3D_D3D_Z17_C1_T0.tif,5449.206265948398,4259.4575,1.020332086664427,1.2094522084537778,0.8436315875340531,dmso,set2_pp1_dmso_cell_3,Expt2021_006_Set2_HeLaYFP-PP1_Nuf2-CFP_STLC_MG132_DMSO_well3_point7_10min01_R3D_D3D
170,170,17_6,11,5922.545454545455,Expt2021_006_Set2_HeLaYFP-PP1_Nuf2-CFP_STLC_MG132_DMSO_well3_point7_10min01_R3D_D3D_Z17_C0_T0.tif,4676.166582249986,4378.49,5997.272727272727,Expt2021_006_Set2_HeLaYFP-PP1_Nuf2-CFP_STLC_MG132_DMSO_well3_point7_10min01_R3D_D3D_Z17_C1_T0.tif,5449.206265948398,4259.4575,1.1005773014593239,1.2665385953157726,0.8689646770574162,dmso,set2_pp1_dmso_cell_3,Expt2021_006_Set2_HeLaYFP-PP1_Nuf2-CFP_STLC_MG132_DMSO_well3_point7_10min01_R3D_D3D
171,171,17_7,22,5490.909090909091,Expt2021_006_Set2_HeLaYFP-PP1_Nuf2-CFP_STLC_MG132_DMSO_well3_point7_10min01_R3D_D3D_Z17_C0_T0.tif,4676.166582249986,4378.49,5899.090909090909,Expt2021_006_Set2_HeLaYFP-PP1_Nuf2-CFP_STLC_MG132_DMSO_well3_point7_10min01_R3D_D3D_Z17_C1_T0.tif,5449.206265948398,4259.4575,1.0825596648733595,1.1742329949817747,0.92192918228308,dmso,set2_pp1_dmso_cell_3,Expt2021_006_Set2_HeLaYFP-PP1_Nuf2-CFP_STLC_MG132_DMSO_well3_point7_10min01_R3D_D3D
172,172,17_8,21,5838.0,Expt2021_006_Set2_HeLaYFP-PP1_Nuf2-CFP_STLC_MG132_DMSO_well3_point7_10min01_R3D_D3D_Z17_C0_T0.tif,4676.166582249986,4378.49,5928.095238095239,Expt2021_006_Set2_HeLaYFP-PP1_Nuf2-CFP_STLC_MG132_DMSO_well3_point7_10min01_R3D_D3D_Z17_C1_T0.tif,5449.206265948398,4259.4575,1.0878823352933757,1.2484585177440333,0.8713804422266116,dmso,set2_pp1_dmso_cell_3,Expt2021_006_Set2_HeLaYFP-PP1_Nuf2-CFP_STLC_MG132_DMSO_well3_point7_10min01_R3D_D3D
173,173,17_9,25,5811.0,Expt2021_006_Set2_HeLaYFP-PP1_Nuf2-CFP_STLC_MG132_DMSO_well3_point7_10min01_R3D_D3D_Z17_C0_T0.tif,4676.166582249986,4378.49,5605.52,Expt2021_006_Set2_HeLaYFP-PP1_Nuf2-CFP_STLC_MG132_DMSO_well3_point7_10min01_R3D_D3D_Z17_C1_T0.tif,5449.206265948398,4259.4575,1.0286855968415791,1.242684557487252,0.8277930152456504,dmso,set2_pp1_dmso_cell_3,Expt2021_006_Set2_HeLaYFP-PP1_Nuf2-CFP_STLC_MG132_DMSO_well3_point7_10min01_R3D_D3D
174,174,17_10,12,5859.833333333332,Expt2021_006_Set2_HeLaYFP-PP1_Nuf2-CFP_STLC_MG132_DMSO_well3_point7_10min01_R3D_D3D_Z17_C0_T0.tif,4676.166582249986,4378.49,5666.666666666668,Expt2021_006_Set2_HeLaYFP-PP1_Nuf2-CFP_STLC_MG132_DMSO_well3_point7_10min01_R3D_D3D_Z17_C1_T0.tif,5449.206265948398,4259.4575,1.0399068029553515,1.2531275843714302,0.8298491038938941,dmso,set2_pp1_dmso_cell_3,Expt2021_006_Set2_HeLaYFP-PP1_Nuf2-CFP_STLC_MG132_DMSO_well3_point7_10min01_R3D_D3D
175,175,17_11,11,5664.454545454545,Expt2021_006_Set2_HeLaYFP-PP1_Nuf2-CFP_STLC_MG132_DMSO_well3_point7_10min01_R3D_D3D_Z17_C0_T0.tif,4676.166582249986,4378.49,5425.636363636364,Expt2021_006_Set2_HeLaYFP-PP1_Nuf2-CFP_STLC_MG132_DMSO_well3_point7_10min01_R3D_D3D_Z17_C1_T0.tif,5449.206265948398,4259.4575,0.9956746173365981,1.211345756362904,0.8219574073765167,dmso,set2_pp1_dmso_cell_3,Expt2021_006_Set2_HeLaYFP-PP1_Nuf2-CFP_STLC_MG132_DMSO_well3_point7_10min01_R3D_D3D
176,176,18_1,8,5783.875,Expt2021_006_Set2_HeLaYFP-PP1_Nuf2-CFP_STLC_MG132_DMSO_well3_point7_10min01_R3D_D3D_Z18_C0_T0.tif,4678.145666503241,4358.5875,5696.75,Expt2021_006_Set2_HeLaYFP-PP1_Nuf2-CFP_STLC_MG132_DMSO_well3_point7_10min01_R3D_D3D_Z18_C1_T0.tif,5438.606486890686,4258.0975,1.047465010335193,1.2363606036071244,0.8472164247867313,dmso,set2_pp1_dmso_cell_3,Expt2021_006_Set2_HeLaYFP-PP1_Nuf2-CFP_STLC_MG132_DMSO_well3_point7_10min01_R3D_D3D
177,177,18_2,10,5847.2,Expt2021_006_Set2_HeLaYFP-PP1_Nuf2-CFP_STLC_MG132_DMSO_well3_point7_10min01_R3D_D3D_Z18_C0_T0.tif,4678.145666503241,4358.5875,5905.1,Expt2021_006_Set2_HeLaYFP-PP1_Nuf2-CFP_STLC_MG132_DMSO_well3_point7_10min01_R3D_D3D_Z18_C1_T0.tif,5438.606486890686,4258.0975,1.0857744560548293,1.249896949953375,0.8686911797771264,dmso,set2_pp1_dmso_cell_3,Expt2021_006_Set2_HeLaYFP-PP1_Nuf2-CFP_STLC_MG132_DMSO_well3_point7_10min01_R3D_D3D
178,178,18_3,5,6368.4,Expt2021_006_Set2_HeLaYFP-PP1_Nuf2-CFP_STLC_MG132_DMSO_well3_point7_10min01_R3D_D3D_Z18_C0_T0.tif,4678.145666503241,4358.5875,6284.8,Expt2021_006_Set2_HeLaYFP-PP1_Nuf2-CFP_STLC_MG132_DMSO_well3_point7_10min01_R3D_D3D_Z18_C1_T0.tif,5438.606486890686,4258.0975,1.1555901341913584,1.3613086154198717,0.8488818193771123,dmso,set2_pp1_dmso_cell_3,Expt2021_006_Set2_HeLaYFP-PP1_Nuf2-CFP_STLC_MG132_DMSO_well3_point7_10min01_R3D_D3D
179,179,18_4,14,5709.714285714284,Expt2021_006_Set2_HeLaYFP-PP1_Nuf2-CFP_STLC_MG132_DMSO_well3_point7_10min01_R3D_D3D_Z18_C0_T0.tif,4678.145666503241,4358.5875,5985.571428571428,Expt2021_006_Set2_HeLaYFP-PP1_Nuf2-CFP_STLC_MG132_DMSO_well3_point7_10min01_R3D_D3D_Z18_C1_T0.tif,5438.606486890686,4258.0975,1.100570788307475,1.2205080159425876,0.901731716573376,dmso,set2_pp1_dmso_cell_3,Expt2021_006_Set2_HeLaYFP-PP1_Nuf2-CFP_STLC_MG132_DMSO_well3_point7_10min01_R3D_D3D
180,180,18_5,8,5587.0,Expt2021_006_Set2_HeLaYFP-PP1_Nuf2-CFP_STLC_MG132_DMSO_well3_point7_10min01_R3D_D3D_Z18_C0_T0.tif,4678.145666503241,4358.5875,5830.0,Expt2021_006_Set2_HeLaYFP-PP1_Nuf2-CFP_STLC_MG132_DMSO_well3_point7_10min01_R3D_D3D_Z18_C1_T0.tif,5438.606486890686,4258.0975,1.0719657717565585,1.1942766211844142,0.8975858295655533,dmso,set2_pp1_dmso_cell_3,Expt2021_006_Set2_HeLaYFP-PP1_Nuf2-CFP_STLC_MG132_DMSO_well3_point7_10min01_R3D_D3D
181,181,18_6,33,6011.121212121212,Expt2021_006_Set2_HeLaYFP-PP1_Nuf2-CFP_STLC_MG132_DMSO_well3_point7_10min01_R3D_D3D_Z18_C0_T0.tif,4678.145666503241,4358.5875,5243.181818181818,Expt2021_006_Set2_HeLaYFP-PP1_Nuf2-CFP_STLC_MG132_DMSO_well3_point7_10min01_R3D_D3D_Z18_C1_T0.tif,5438.606486890686,4258.0975,0.964067143085288,1.2849367336212782,0.750283743829396,dmso,set2_pp1_dmso_cell_3,Expt2021_006_Set2_HeLaYFP-PP1_Nuf2-CFP_STLC_MG132_DMSO_well3_point7_10min01_R3D_D3D
182,182,18_7,11,5654.818181818182,Expt2021_006_Set2_HeLaYFP-PP1_Nuf2-CFP_STLC_MG132_DMSO_well3_point7_10min01_R3D_D3D_Z18_C0_T0.tif,4678.145666503241,4358.5875,5673.363636363636,Expt2021_006_Set2_HeLaYFP-PP1_Nuf2-CFP_STLC_MG132_DMSO_well3_point7_10min01_R3D_D3D_Z18_C1_T0.tif,5438.606486890686,4258.0975,1.0431649449245524,1.2087734296749617,0.862994602061247,dmso,set2_pp1_dmso_cell_3,Expt2021_006_Set2_HeLaYFP-PP1_Nuf2-CFP_STLC_MG132_DMSO_well3_point7_10min01_R3D_D3D
183,183,18_8,22,5974.181818181818,Expt2021_006_Set2_HeLaYFP-PP1_Nuf2-CFP_STLC_MG132_DMSO_well3_point7_10min01_R3D_D3D_Z18_C0_T0.tif,4678.145666503241,4358.5875,5347.136363636364,Expt2021_006_Set2_HeLaYFP-PP1_Nuf2-CFP_STLC_MG132_DMSO_well3_point7_10min01_R3D_D3D_Z18_C1_T0.tif,5438.606486890686,4258.0975,0.9831813308289903,1.277040572070797,0.7698904422705252,dmso,set2_pp1_dmso_cell_3,Expt2021_006_Set2_HeLaYFP-PP1_Nuf2-CFP_STLC_MG132_DMSO_well3_point7_10min01_R3D_D3D
184,184,18_9,8,5634.5,Expt2021_006_Set2_HeLaYFP-PP1_Nuf2-CFP_STLC_MG132_DMSO_well3_point7_10min01_R3D_D3D_Z18_C0_T0.tif,4678.145666503241,4358.5875,5905.5,Expt2021_006_Set2_HeLaYFP-PP1_Nuf2-CFP_STLC_MG132_DMSO_well3_point7_10min01_R3D_D3D_Z18_C1_T0.tif,5438.606486890686,4258.0975,1.0858480043067507,1.2044302169435444,0.9015449704195257,dmso,set2_pp1_dmso_cell_3,Expt2021_006_Set2_HeLaYFP-PP1_Nuf2-CFP_STLC_MG132_DMSO_well3_point7_10min01_R3D_D3D
185,185,18_10,5,5956.8,Expt2021_006_Set2_HeLaYFP-PP1_Nuf2-CFP_STLC_MG132_DMSO_well3_point7_10min01_R3D_D3D_Z18_C0_T0.tif,4678.145666503241,4358.5875,5936.0,Expt2021_006_Set2_HeLaYFP-PP1_Nuf2-CFP_STLC_MG132_DMSO_well3_point7_10min01_R3D_D3D_Z18_C1_T0.tif,5438.606486890686,4258.0975,1.0914560585157687,1.2733250361681259,0.857170029264748,dmso,set2_pp1_dmso_cell_3,Expt2021_006_Set2_HeLaYFP-PP1_Nuf2-CFP_STLC_MG132_DMSO_well3_point7_10min01_R3D_D3D
186,186,18_11,13,5777.538461538462,Expt2021_006_Set2_HeLaYFP-PP1_Nuf2-CFP_STLC_MG132_DMSO_well3_point7_10min01_R3D_D3D_Z18_C0_T0.tif,4678.145666503241,4358.5875,5600.769230769231,Expt2021_006_Set2_HeLaYFP-PP1_Nuf2-CFP_STLC_MG132_DMSO_well3_point7_10min01_R3D_D3D_Z18_C1_T0.tif,5438.606486890686,4258.0975,1.0298169658476717,1.2350061057113215,0.8338557688785936,dmso,set2_pp1_dmso_cell_3,Expt2021_006_Set2_HeLaYFP-PP1_Nuf2-CFP_STLC_MG132_DMSO_well3_point7_10min01_R3D_D3D
189,189,19_3,11,5766.181818181818,Expt2021_006_Set2_HeLaYFP-PP1_Nuf2-CFP_STLC_MG132_DMSO_well3_point7_10min01_R3D_D3D_Z19_C0_T0.tif,4685.1962460294535,4296.845,5275.090909090909,Expt2021_006_Set2_HeLaYFP-PP1_Nuf2-CFP_STLC_MG132_DMSO_well3_point7_10min01_R3D_D3D_Z19_C1_T0.tif,5420.767757009346,4262.68,0.9731261595315408,1.230723648570423,0.7906942884065803,dmso,set2_pp1_dmso_cell_3,Expt2021_006_Set2_HeLaYFP-PP1_Nuf2-CFP_STLC_MG132_DMSO_well3_point7_10min01_R3D_D3D
190,190,19_4,10,5653.5,Expt2021_006_Set2_HeLaYFP-PP1_Nuf2-CFP_STLC_MG132_DMSO_well3_point7_10min01_R3D_D3D_Z19_C0_T0.tif,4685.1962460294535,4296.845,5602.4,Expt2021_006_Set2_HeLaYFP-PP1_Nuf2-CFP_STLC_MG132_DMSO_well3_point7_10min01_R3D_D3D_Z19_C1_T0.tif,5420.767757009346,4262.68,1.0335067376306233,1.2066730405991322,0.8564927721576269,dmso,set2_pp1_dmso_cell_3,Expt2021_006_Set2_HeLaYFP-PP1_Nuf2-CFP_STLC_MG132_DMSO_well3_point7_10min01_R3D_D3D
191,191,19_5,8,5675.0,Expt2021_006_Set2_HeLaYFP-PP1_Nuf2-CFP_STLC_MG132_DMSO_well3_point7_10min01_R3D_D3D_Z19_C0_T0.tif,4685.1962460294535,4296.845,5789.0,Expt2021_006_Set2_HeLaYFP-PP1_Nuf2-CFP_STLC_MG132_DMSO_well3_point7_10min01_R3D_D3D_Z19_C1_T0.tif,5420.767757009346,4262.68,1.0679299057803224,1.2112619625718712,0.8816671692660009,dmso,set2_pp1_dmso_cell_3,Expt2021_006_Set2_HeLaYFP-PP1_Nuf2-CFP_STLC_MG132_DMSO_well3_point7_10min01_R3D_D3D
192,192,19_6,8,6208.375,Expt2021_006_Set2_HeLaYFP-PP1_Nuf2-CFP_STLC_MG132_DMSO_well3_point7_10min01_R3D_D3D_Z19_C0_T0.tif,4685.1962460294535,4296.845,5484.875,Expt2021_006_Set2_HeLaYFP-PP1_Nuf2-CFP_STLC_MG132_DMSO_well3_point7_10min01_R3D_D3D_Z19_C1_T0.tif,5420.767757009346,4262.68,1.01182622939486,1.3251045791862806,0.7635821695040869,dmso,set2_pp1_dmso_cell_3,Expt2021_006_Set2_HeLaYFP-PP1_Nuf2-CFP_STLC_MG132_DMSO_well3_point7_10min01_R3D_D3D
193,193,19_7,5,5706.4,Expt2021_006_Set2_HeLaYFP-PP1_Nuf2-CFP_STLC_MG132_DMSO_well3_point7_10min01_R3D_D3D_Z19_C0_T0.tif,4685.1962460294535,4296.845,5389.4,Expt2021_006_Set2_HeLaYFP-PP1_Nuf2-CFP_STLC_MG132_DMSO_well3_point7_10min01_R3D_D3D_Z19_C1_T0.tif,5420.767757009346,4262.68,0.9942134106430246,1.2179639230343835,0.8162913464350271,dmso,set2_pp1_dmso_cell_3,Expt2021_006_Set2_HeLaYFP-PP1_Nuf2-CFP_STLC_MG132_DMSO_well3_point7_10min01_R3D_D3D
194,194,19_8,10,5940.7,Expt2021_006_Set2_HeLaYFP-PP1_Nuf2-CFP_STLC_MG132_DMSO_well3_point7_10min01_R3D_D3D_Z19_C0_T0.tif,4685.1962460294535,4296.845,5675.1,Expt2021_006_Set2_HeLaYFP-PP1_Nuf2-CFP_STLC_MG132_DMSO_well3_point7_10min01_R3D_D3D_Z19_C1_T0.tif,5420.767757009346,4262.68,1.0469181220062027,1.2679725006256768,0.8256631129536361,dmso,set2_pp1_dmso_cell_3,Expt2021_006_Set2_HeLaYFP-PP1_Nuf2-CFP_STLC_MG132_DMSO_well3_point7_10min01_R3D_D3D
195,195,19_9,13,5849.538461538462,Expt2021_006_Set2_HeLaYFP-PP1_Nuf2-CFP_STLC_MG132_DMSO_well3_point7_10min01_R3D_D3D_Z19_C0_T0.tif,4685.1962460294535,4296.845,5800.384615384615,Expt2021_006_Set2_HeLaYFP-PP1_Nuf2-CFP_STLC_MG132_DMSO_well3_point7_10min01_R3D_D3D_Z19_C1_T0.tif,5420.767757009346,4262.68,1.070030090826969,1.2485151430947528,0.8570421406140382,dmso,set2_pp1_dmso_cell_3,Expt2021_006_Set2_HeLaYFP-PP1_Nuf2-CFP_STLC_MG132_DMSO_well3_point7_10min01_R3D_D3D
196,196,19_10,36,5760.194444444444,Expt2021_006_Set2_HeLaYFP-PP1_Nuf2-CFP_STLC_MG132_DMSO_well3_point7_10min01_R3D_D3D_Z19_C0_T0.tif,4685.1962460294535,4296.845,5127.083333333333,Expt2021_006_Set2_HeLaYFP-PP1_Nuf2-CFP_STLC_MG132_DMSO_well3_point7_10min01_R3D_D3D_Z19_C1_T0.tif,5420.767757009346,4262.68,0.9458223563818496,1.2294457141098445,0.7693079454643944,dmso,set2_pp1_dmso_cell_3,Expt2021_006_Set2_HeLaYFP-PP1_Nuf2-CFP_STLC_MG132_DMSO_well3_point7_10min01_R3D_D3D
197,197,19_11,16,5503.125,Expt2021_006_Set2_HeLaYFP-PP1_Nuf2-CFP_STLC_MG132_DMSO_well3_point7_10min01_R3D_D3D_Z19_C0_T0.tif,4685.1962460294535,4296.845,6172.3125,Expt2021_006_Set2_HeLaYFP-PP1_Nuf2-CFP_STLC_MG132_DMSO_well3_point7_10min01_R3D_D3D_Z19_C1_T0.tif,5420.767757009346,4262.68,1.1386417527330637,1.1745772665688685,0.969405576918087,dmso,set2_pp1_dmso_cell_3,Expt2021_006_Set2_HeLaYFP-PP1_Nuf2-CFP_STLC_MG132_DMSO_well3_point7_10min01_R3D_D3D
198,198,19_12,21,6081.095238095239,Expt2021_006_Set2_HeLaYFP-PP1_Nuf2-CFP_STLC_MG132_DMSO_well3_point7_10min01_R3D_D3D_Z19_C0_T0.tif,4685.1962460294535,4296.845,5925.428571428572,Expt2021_006_Set2_HeLaYFP-PP1_Nuf2-CFP_STLC_MG132_DMSO_well3_point7_10min01_R3D_D3D_Z19_C1_T0.tif,5420.767757009346,4262.68,1.0930976638441432,1.297938211926291,0.842180046630925,dmso,set2_pp1_dmso_cell_3,Expt2021_006_Set2_HeLaYFP-PP1_Nuf2-CFP_STLC_MG132_DMSO_well3_point7_10min01_R3D_D3D
199,199,19_13,8,5863.625,Expt2021_006_Set2_HeLaYFP-PP1_Nuf2-CFP_STLC_MG132_DMSO_well3_point7_10min01_R3D_D3D_Z19_C0_T0.tif,4685.1962460294535,4296.845,5441.625,Expt2021_006_Set2_HeLaYFP-PP1_Nuf2-CFP_STLC_MG132_DMSO_well3_point7_10min01_R3D_D3D_Z19_C1_T0.tif,5420.767757009346,4262.68,1.0038476547835287,1.251521748948985,0.802101645957451,dmso,set2_pp1_dmso_cell_3,Expt2021_006_Set2_HeLaYFP-PP1_Nuf2-CFP_STLC_MG132_DMSO_well3_point7_10min01_R3D_D3D
200,200,19_14,5,5636.4,Expt2021_006_Set2_HeLaYFP-PP1_Nuf2-CFP_STLC_MG132_DMSO_well3_point7_10min01_R3D_D3D_Z19_C0_T0.tif,4685.1962460294535,4296.845,5685.0,Expt2021_006_Set2_HeLaYFP-PP1_Nuf2-CFP_STLC_MG132_DMSO_well3_point7_10min01_R3D_D3D_Z19_C1_T0.tif,5420.767757009346,4262.68,1.048744431570415,1.2030232468440696,0.8717574114395717,dmso,set2_pp1_dmso_cell_3,Expt2021_006_Set2_HeLaYFP-PP1_Nuf2-CFP_STLC_MG132_DMSO_well3_point7_10min01_R3D_D3D
201,201,19_15,5,5700.8,Expt2021_006_Set2_HeLaYFP-PP1_Nuf2-CFP_STLC_MG132_DMSO_well3_point7_10min01_R3D_D3D_Z19_C0_T0.tif,4685.1962460294535,4296.845,6148.8,Expt2021_006_Set2_HeLaYFP-PP1_Nuf2-CFP_STLC_MG132_DMSO_well3_point7_10min01_R3D_D3D_Z19_C1_T0.tif,5420.767757009346,4262.68,1.1343042675180595,1.2167686689391586,0.9322267218690009,dmso,set2_pp1_dmso_cell_3,Expt2021_006_Set2_HeLaYFP-PP1_Nuf2-CFP_STLC_MG132_DMSO_well3_point7_10min01_R3D_D3D
202,202,19_16,13,5794.923076923077,Expt2021_006_Set2_HeLaYFP-PP1_Nuf2-CFP_STLC_MG132_DMSO_well3_point7_10min01_R3D_D3D_Z19_C0_T0.tif,4685.1962460294535,4296.845,5421.384615384615,Expt2021_006_Set2_HeLaYFP-PP1_Nuf2-CFP_STLC_MG132_DMSO_well3_point7_10min01_R3D_D3D_Z19_C1_T0.tif,5420.767757009346,4262.68,1.0001137953889414,1.2368581320012113,0.808592165514389,dmso,set2_pp1_dmso_cell_3,Expt2021_006_Set2_HeLaYFP-PP1_Nuf2-CFP_STLC_MG132_DMSO_well3_point7_10min01_R3D_D3D
