,Unnamed: 0,label,area,mean_intensity_nuf2_GFP,fname_nuf2_GFP,nuf2_GFP_cyto,nuf2_GFP_bg,mean_intensity_mKate2_astrin,fname_mKate2_astrin,mKate2_astrin_cyto,mKate2_astrin_bg,mKate2_astrin@kt/mKate2_astrin@cyto,nuf2_GFP@kt/nuf2_GFP@cyto,mKate2_astrin@kt/mKate2_astrin@cyto:nuf2_GFP@kt/nuf2_GFP@cyto,condition,cell,Experiment
0,0,0_1,81,15815.456790123457,Expt2020_017_setIII_STLC_GM132_RO3306_mKate2-Astrin_Nuf2-GFP_GFP_mCherry_03_R3D_D3D_Z00_C0_T0.tif,6257.648455981075,4649.4325,5215.814814814815,Expt2020_017_setIII_STLC_GM132_RO3306_mKate2-Astrin_Nuf2-GFP_GFP_mCherry_03_R3D_D3D_Z00_C1_T0.tif,4080.948705618338,3534.6375,1.2780887952926436,2.527380197429756,0.5056970837202921,cdki,set3_astrin_cdki_cell_2,Expt2020_017_setIII_STLC_GM132_RO3306_mKate2-Astrin_Nuf2-GFP_GFP_mCherry_03_R3D_D3D
1,1,0_2,36,18303.19444444444,Expt2020_017_setIII_STLC_GM132_RO3306_mKate2-Astrin_Nuf2-GFP_GFP_mCherry_03_R3D_D3D_Z00_C0_T0.tif,6257.648455981075,4649.4325,6621.222222222223,Expt2020_017_setIII_STLC_GM132_RO3306_mKate2-Astrin_Nuf2-GFP_GFP_mCherry_03_R3D_D3D_Z00_C1_T0.tif,4080.948705618338,3534.6375,1.6224713172960568,2.9249317172731564,0.5547039979479069,cdki,set3_astrin_cdki_cell_2,Expt2020_017_setIII_STLC_GM132_RO3306_mKate2-Astrin_Nuf2-GFP_GFP_mCherry_03_R3D_D3D
2,2,0_3,16,13486.5625,Expt2020_017_setIII_STLC_GM132_RO3306_mKate2-Astrin_Nuf2-GFP_GFP_mCherry_03_R3D_D3D_Z00_C0_T0.tif,6257.648455981075,4649.4325,4977.75,Expt2020_017_setIII_STLC_GM132_RO3306_mKate2-Astrin_Nuf2-GFP_GFP_mCherry_03_R3D_D3D_Z00_C1_T0.tif,4080.948705618338,3534.6375,1.2197531405251467,2.155212552266261,0.565954916716936,cdki,set3_astrin_cdki_cell_2,Expt2020_017_setIII_STLC_GM132_RO3306_mKate2-Astrin_Nuf2-GFP_GFP_mCherry_03_R3D_D3D
3,3,0_4,32,15168.8125,Expt2020_017_setIII_STLC_GM132_RO3306_mKate2-Astrin_Nuf2-GFP_GFP_mCherry_03_R3D_D3D_Z00_C0_T0.tif,6257.648455981075,4649.4325,5874.96875,Expt2020_017_setIII_STLC_GM132_RO3306_mKate2-Astrin_Nuf2-GFP_GFP_mCherry_03_R3D_D3D_Z00_C1_T0.tif,4080.948705618338,3534.6375,1.4396085748178584,2.4240435695139784,0.5938872522437789,cdki,set3_astrin_cdki_cell_2,Expt2020_017_setIII_STLC_GM132_RO3306_mKate2-Astrin_Nuf2-GFP_GFP_mCherry_03_R3D_D3D
4,4,1_1,102,14248.5,Expt2020_017_setIII_STLC_GM132_RO3306_mKate2-Astrin_Nuf2-GFP_GFP_mCherry_03_R3D_D3D_Z01_C0_T0.tif,6306.52339255346,4633.445,5344.960784313726,Expt2020_017_setIII_STLC_GM132_RO3306_mKate2-Astrin_Nuf2-GFP_GFP_mCherry_03_R3D_D3D_Z01_C1_T0.tif,3997.2745040214477,3516.61,1.3371512961985579,2.2593272256508508,0.5918360479250017,cdki,set3_astrin_cdki_cell_2,Expt2020_017_setIII_STLC_GM132_RO3306_mKate2-Astrin_Nuf2-GFP_GFP_mCherry_03_R3D_D3D
5,5,1_2,56,13580.035714285714,Expt2020_017_setIII_STLC_GM132_RO3306_mKate2-Astrin_Nuf2-GFP_GFP_mCherry_03_R3D_D3D_Z01_C0_T0.tif,6306.52339255346,4633.445,6207.696428571428,Expt2020_017_setIII_STLC_GM132_RO3306_mKate2-Astrin_Nuf2-GFP_GFP_mCherry_03_R3D_D3D_Z01_C1_T0.tif,3997.2745040214477,3516.61,1.5529822688750026,2.1533315376774125,0.7211997974775646,cdki,set3_astrin_cdki_cell_2,Expt2020_017_setIII_STLC_GM132_RO3306_mKate2-Astrin_Nuf2-GFP_GFP_mCherry_03_R3D_D3D
6,6,1_3,64,11491.921875,Expt2020_017_setIII_STLC_GM132_RO3306_mKate2-Astrin_Nuf2-GFP_GFP_mCherry_03_R3D_D3D_Z01_C0_T0.tif,6306.52339255346,4633.445,5335.53125,Expt2020_017_setIII_STLC_GM132_RO3306_mKate2-Astrin_Nuf2-GFP_GFP_mCherry_03_R3D_D3D_Z01_C1_T0.tif,3997.2745040214477,3516.61,1.3347923052650505,1.822227740972037,0.7325057539476529,cdki,set3_astrin_cdki_cell_2,Expt2020_017_setIII_STLC_GM132_RO3306_mKate2-Astrin_Nuf2-GFP_GFP_mCherry_03_R3D_D3D
7,7,1_4,36,11220.472222222224,Expt2020_017_setIII_STLC_GM132_RO3306_mKate2-Astrin_Nuf2-GFP_GFP_mCherry_03_R3D_D3D_Z01_C0_T0.tif,6306.52339255346,4633.445,5724.555555555556,Expt2020_017_setIII_STLC_GM132_RO3306_mKate2-Astrin_Nuf2-GFP_GFP_mCherry_03_R3D_D3D_Z01_C1_T0.tif,3997.2745040214477,3516.61,1.4321146945991279,1.7791850634330473,0.8049273366963717,cdki,set3_astrin_cdki_cell_2,Expt2020_017_setIII_STLC_GM132_RO3306_mKate2-Astrin_Nuf2-GFP_GFP_mCherry_03_R3D_D3D
9,9,2_1,122,13697.77049180328,Expt2020_017_setIII_STLC_GM132_RO3306_mKate2-Astrin_Nuf2-GFP_GFP_mCherry_03_R3D_D3D_Z02_C0_T0.tif,6394.591427126687,4627.035,5540.573770491803,Expt2020_017_setIII_STLC_GM132_RO3306_mKate2-Astrin_Nuf2-GFP_GFP_mCherry_03_R3D_D3D_Z02_C1_T0.tif,3942.674279679197,3491.605,1.4052831599729871,2.1420868945114395,0.6560346191247763,cdki,set3_astrin_cdki_cell_2,Expt2020_017_setIII_STLC_GM132_RO3306_mKate2-Astrin_Nuf2-GFP_GFP_mCherry_03_R3D_D3D
10,10,2_2,57,12732.315789473683,Expt2020_017_setIII_STLC_GM132_RO3306_mKate2-Astrin_Nuf2-GFP_GFP_mCherry_03_R3D_D3D_Z02_C0_T0.tif,6394.591427126687,4627.035,6291.526315789472,Expt2020_017_setIII_STLC_GM132_RO3306_mKate2-Astrin_Nuf2-GFP_GFP_mCherry_03_R3D_D3D_Z02_C1_T0.tif,3942.674279679197,3491.605,1.5957509724342216,1.9911070057520088,0.8014390827938112,cdki,set3_astrin_cdki_cell_2,Expt2020_017_setIII_STLC_GM132_RO3306_mKate2-Astrin_Nuf2-GFP_GFP_mCherry_03_R3D_D3D
11,11,2_3,79,12657.455696202529,Expt2020_017_setIII_STLC_GM132_RO3306_mKate2-Astrin_Nuf2-GFP_GFP_mCherry_03_R3D_D3D_Z02_C0_T0.tif,6394.591427126687,4627.035,6282.177215189873,Expt2020_017_setIII_STLC_GM132_RO3306_mKate2-Astrin_Nuf2-GFP_GFP_mCherry_03_R3D_D3D_Z02_C1_T0.tif,3942.674279679197,3491.605,1.593379713756378,1.9794002228989889,0.8049810722071896,cdki,set3_astrin_cdki_cell_2,Expt2020_017_setIII_STLC_GM132_RO3306_mKate2-Astrin_Nuf2-GFP_GFP_mCherry_03_R3D_D3D
12,12,2_4,14,10341.142857142857,Expt2020_017_setIII_STLC_GM132_RO3306_mKate2-Astrin_Nuf2-GFP_GFP_mCherry_03_R3D_D3D_Z02_C0_T0.tif,6394.591427126687,4627.035,5805.428571428572,Expt2020_017_setIII_STLC_GM132_RO3306_mKate2-Astrin_Nuf2-GFP_GFP_mCherry_03_R3D_D3D_Z02_C1_T0.tif,3942.674279679197,3491.605,1.4724595945828274,1.6171702250239766,0.9105161422082183,cdki,set3_astrin_cdki_cell_2,Expt2020_017_setIII_STLC_GM132_RO3306_mKate2-Astrin_Nuf2-GFP_GFP_mCherry_03_R3D_D3D
14,14,3_1,110,14999.272727272728,Expt2020_017_setIII_STLC_GM132_RO3306_mKate2-Astrin_Nuf2-GFP_GFP_mCherry_03_R3D_D3D_Z03_C0_T0.tif,6578.445958295257,4607.635,6064.7181818181825,Expt2020_017_setIII_STLC_GM132_RO3306_mKate2-Astrin_Nuf2-GFP_GFP_mCherry_03_R3D_D3D_Z03_C1_T0.tif,3921.9441714304817,3419.4525,1.546355051659532,2.2800632280575353,0.6782070920800408,cdki,set3_astrin_cdki_cell_2,Expt2020_017_setIII_STLC_GM132_RO3306_mKate2-Astrin_Nuf2-GFP_GFP_mCherry_03_R3D_D3D
15,15,3_2,45,12374.288888888888,Expt2020_017_setIII_STLC_GM132_RO3306_mKate2-Astrin_Nuf2-GFP_GFP_mCherry_03_R3D_D3D_Z03_C0_T0.tif,6578.445958295257,4607.635,6573.866666666668,Expt2020_017_setIII_STLC_GM132_RO3306_mKate2-Astrin_Nuf2-GFP_GFP_mCherry_03_R3D_D3D_Z03_C1_T0.tif,3921.9441714304817,3419.4525,1.676175483209117,1.8810352729713038,0.891091999865272,cdki,set3_astrin_cdki_cell_2,Expt2020_017_setIII_STLC_GM132_RO3306_mKate2-Astrin_Nuf2-GFP_GFP_mCherry_03_R3D_D3D
16,16,3_3,68,14910.338235294117,Expt2020_017_setIII_STLC_GM132_RO3306_mKate2-Astrin_Nuf2-GFP_GFP_mCherry_03_R3D_D3D_Z03_C0_T0.tif,6578.445958295257,4607.635,7023.867647058823,Expt2020_017_setIII_STLC_GM132_RO3306_mKate2-Astrin_Nuf2-GFP_GFP_mCherry_03_R3D_D3D_Z03_C1_T0.tif,3921.9441714304817,3419.4525,1.7909147453511438,2.266544154929562,0.7901521536459105,cdki,set3_astrin_cdki_cell_2,Expt2020_017_setIII_STLC_GM132_RO3306_mKate2-Astrin_Nuf2-GFP_GFP_mCherry_03_R3D_D3D
17,17,3_4,8,11688.625,Expt2020_017_setIII_STLC_GM132_RO3306_mKate2-Astrin_Nuf2-GFP_GFP_mCherry_03_R3D_D3D_Z03_C0_T0.tif,6578.445958295257,4607.635,5292.125,Expt2020_017_setIII_STLC_GM132_RO3306_mKate2-Astrin_Nuf2-GFP_GFP_mCherry_03_R3D_D3D_Z03_C1_T0.tif,3921.9441714304817,3419.4525,1.3493626550195796,1.7768064181269034,0.7594314390433529,cdki,set3_astrin_cdki_cell_2,Expt2020_017_setIII_STLC_GM132_RO3306_mKate2-Astrin_Nuf2-GFP_GFP_mCherry_03_R3D_D3D
18,18,4_1,19,10959.684210526317,Expt2020_017_setIII_STLC_GM132_RO3306_mKate2-Astrin_Nuf2-GFP_GFP_mCherry_03_R3D_D3D_Z04_C0_T0.tif,6704.973326142868,4531.655,4421.1578947368425,Expt2020_017_setIII_STLC_GM132_RO3306_mKate2-Astrin_Nuf2-GFP_GFP_mCherry_03_R3D_D3D_Z04_C1_T0.tif,3892.5458490118313,3376.1925,1.1358011096668792,1.6345604490019696,0.6948663846359289,cdki,set3_astrin_cdki_cell_2,Expt2020_017_setIII_STLC_GM132_RO3306_mKate2-Astrin_Nuf2-GFP_GFP_mCherry_03_R3D_D3D
19,19,4_2,34,11611.0,Expt2020_017_setIII_STLC_GM132_RO3306_mKate2-Astrin_Nuf2-GFP_GFP_mCherry_03_R3D_D3D_Z04_C0_T0.tif,6704.973326142868,4531.655,4827.35294117647,Expt2020_017_setIII_STLC_GM132_RO3306_mKate2-Astrin_Nuf2-GFP_GFP_mCherry_03_R3D_D3D_Z04_C1_T0.tif,3892.5458490118313,3376.1925,1.2401531358717202,1.7316996556464146,0.7161479369866778,cdki,set3_astrin_cdki_cell_2,Expt2020_017_setIII_STLC_GM132_RO3306_mKate2-Astrin_Nuf2-GFP_GFP_mCherry_03_R3D_D3D
20,20,4_3,112,14818.294642857143,Expt2020_017_setIII_STLC_GM132_RO3306_mKate2-Astrin_Nuf2-GFP_GFP_mCherry_03_R3D_D3D_Z04_C0_T0.tif,6704.973326142868,4531.655,6896.508928571428,Expt2020_017_setIII_STLC_GM132_RO3306_mKate2-Astrin_Nuf2-GFP_GFP_mCherry_03_R3D_D3D_Z04_C1_T0.tif,3892.5458490118313,3376.1925,1.7717219516687746,2.210045278641187,0.8016677163999514,cdki,set3_astrin_cdki_cell_2,Expt2020_017_setIII_STLC_GM132_RO3306_mKate2-Astrin_Nuf2-GFP_GFP_mCherry_03_R3D_D3D
21,21,4_4,73,12755.493150684932,Expt2020_017_setIII_STLC_GM132_RO3306_mKate2-Astrin_Nuf2-GFP_GFP_mCherry_03_R3D_D3D_Z04_C0_T0.tif,6704.973326142868,4531.655,6891.876712328767,Expt2020_017_setIII_STLC_GM132_RO3306_mKate2-Astrin_Nuf2-GFP_GFP_mCherry_03_R3D_D3D_Z04_C1_T0.tif,3892.5458490118313,3376.1925,1.7705319293999713,1.9023928254793985,0.9306868201386332,cdki,set3_astrin_cdki_cell_2,Expt2020_017_setIII_STLC_GM132_RO3306_mKate2-Astrin_Nuf2-GFP_GFP_mCherry_03_R3D_D3D
22,22,4_5,41,12253.878048780489,Expt2020_017_setIII_STLC_GM132_RO3306_mKate2-Astrin_Nuf2-GFP_GFP_mCherry_03_R3D_D3D_Z04_C0_T0.tif,6704.973326142868,4531.655,4644.243902439024,Expt2020_017_setIII_STLC_GM132_RO3306_mKate2-Astrin_Nuf2-GFP_GFP_mCherry_03_R3D_D3D_Z04_C1_T0.tif,3892.5458490118313,3376.1925,1.1931121899612358,1.8275804321252547,0.6528370346873275,cdki,set3_astrin_cdki_cell_2,Expt2020_017_setIII_STLC_GM132_RO3306_mKate2-Astrin_Nuf2-GFP_GFP_mCherry_03_R3D_D3D
23,23,5_1,21,12088.809523809525,Expt2020_017_setIII_STLC_GM132_RO3306_mKate2-Astrin_Nuf2-GFP_GFP_mCherry_03_R3D_D3D_Z05_C0_T0.tif,6691.94188792963,4564.7375,4349.380952380952,Expt2020_017_setIII_STLC_GM132_RO3306_mKate2-Astrin_Nuf2-GFP_GFP_mCherry_03_R3D_D3D_Z05_C1_T0.tif,3943.4491394811207,3359.755,1.1029382650927873,1.8064725794487722,0.6105480247197211,cdki,set3_astrin_cdki_cell_2,Expt2020_017_setIII_STLC_GM132_RO3306_mKate2-Astrin_Nuf2-GFP_GFP_mCherry_03_R3D_D3D
24,24,5_2,54,12944.481481481482,Expt2020_017_setIII_STLC_GM132_RO3306_mKate2-Astrin_Nuf2-GFP_GFP_mCherry_03_R3D_D3D_Z05_C0_T0.tif,6691.94188792963,4564.7375,5489.0,Expt2020_017_setIII_STLC_GM132_RO3306_mKate2-Astrin_Nuf2-GFP_GFP_mCherry_03_R3D_D3D_Z05_C1_T0.tif,3943.4491394811207,3359.755,1.391928691318748,1.9343385968174147,0.7195889559402379,cdki,set3_astrin_cdki_cell_2,Expt2020_017_setIII_STLC_GM132_RO3306_mKate2-Astrin_Nuf2-GFP_GFP_mCherry_03_R3D_D3D
25,25,5_3,92,15106.184782608696,Expt2020_017_setIII_STLC_GM132_RO3306_mKate2-Astrin_Nuf2-GFP_GFP_mCherry_03_R3D_D3D_Z05_C0_T0.tif,6691.94188792963,4564.7375,7000.108695652174,Expt2020_017_setIII_STLC_GM132_RO3306_mKate2-Astrin_Nuf2-GFP_GFP_mCherry_03_R3D_D3D_Z05_C1_T0.tif,3943.4491394811207,3359.755,1.7751233623297722,2.25736939076772,0.7863681369959843,cdki,set3_astrin_cdki_cell_2,Expt2020_017_setIII_STLC_GM132_RO3306_mKate2-Astrin_Nuf2-GFP_GFP_mCherry_03_R3D_D3D
26,26,5_4,48,12307.270833333336,Expt2020_017_setIII_STLC_GM132_RO3306_mKate2-Astrin_Nuf2-GFP_GFP_mCherry_03_R3D_D3D_Z05_C0_T0.tif,6691.94188792963,4564.7375,7862.520833333332,Expt2020_017_setIII_STLC_GM132_RO3306_mKate2-Astrin_Nuf2-GFP_GFP_mCherry_03_R3D_D3D_Z05_C1_T0.tif,3943.4491394811207,3359.755,1.9938182426686206,1.839118007813572,1.0841165353162756,cdki,set3_astrin_cdki_cell_2,Expt2020_017_setIII_STLC_GM132_RO3306_mKate2-Astrin_Nuf2-GFP_GFP_mCherry_03_R3D_D3D
27,27,5_5,44,13299.454545454546,Expt2020_017_setIII_STLC_GM132_RO3306_mKate2-Astrin_Nuf2-GFP_GFP_mCherry_03_R3D_D3D_Z05_C0_T0.tif,6691.94188792963,4564.7375,3795.318181818182,Expt2020_017_setIII_STLC_GM132_RO3306_mKate2-Astrin_Nuf2-GFP_GFP_mCherry_03_R3D_D3D_Z05_C1_T0.tif,3943.4491394811207,3359.755,0.9624361941986578,1.9873834483594366,0.484273024912801,cdki,set3_astrin_cdki_cell_2,Expt2020_017_setIII_STLC_GM132_RO3306_mKate2-Astrin_Nuf2-GFP_GFP_mCherry_03_R3D_D3D
28,28,6_1,32,12768.53125,Expt2020_017_setIII_STLC_GM132_RO3306_mKate2-Astrin_Nuf2-GFP_GFP_mCherry_03_R3D_D3D_Z06_C0_T0.tif,6675.189443617492,4679.54,4186.09375,Expt2020_017_setIII_STLC_GM132_RO3306_mKate2-Astrin_Nuf2-GFP_GFP_mCherry_03_R3D_D3D_Z06_C1_T0.tif,4011.1934137712055,3429.78,1.0436030672638041,1.9128342885022807,0.5455794438319741,cdki,set3_astrin_cdki_cell_2,Expt2020_017_setIII_STLC_GM132_RO3306_mKate2-Astrin_Nuf2-GFP_GFP_mCherry_03_R3D_D3D
29,29,6_2,33,13953.666666666664,Expt2020_017_setIII_STLC_GM132_RO3306_mKate2-Astrin_Nuf2-GFP_GFP_mCherry_03_R3D_D3D_Z06_C0_T0.tif,6675.189443617492,4679.54,4543.393939393939,Expt2020_017_setIII_STLC_GM132_RO3306_mKate2-Astrin_Nuf2-GFP_GFP_mCherry_03_R3D_D3D_Z06_C1_T0.tif,4011.1934137712055,3429.78,1.1326788490915412,2.090377626661745,0.5418536988938152,cdki,set3_astrin_cdki_cell_2,Expt2020_017_setIII_STLC_GM132_RO3306_mKate2-Astrin_Nuf2-GFP_GFP_mCherry_03_R3D_D3D
30,30,6_3,116,14462.922413793103,Expt2020_017_setIII_STLC_GM132_RO3306_mKate2-Astrin_Nuf2-GFP_GFP_mCherry_03_R3D_D3D_Z06_C0_T0.tif,6675.189443617492,4679.54,7046.318965517241,Expt2020_017_setIII_STLC_GM132_RO3306_mKate2-Astrin_Nuf2-GFP_GFP_mCherry_03_R3D_D3D_Z06_C1_T0.tif,4011.1934137712055,3429.78,1.7566639746978694,2.1666684572708093,0.8107673182774849,cdki,set3_astrin_cdki_cell_2,Expt2020_017_setIII_STLC_GM132_RO3306_mKate2-Astrin_Nuf2-GFP_GFP_mCherry_03_R3D_D3D
31,31,6_4,24,11490.625,Expt2020_017_setIII_STLC_GM132_RO3306_mKate2-Astrin_Nuf2-GFP_GFP_mCherry_03_R3D_D3D_Z06_C0_T0.tif,6675.189443617492,4679.54,4404.958333333333,Expt2020_017_setIII_STLC_GM132_RO3306_mKate2-Astrin_Nuf2-GFP_GFP_mCherry_03_R3D_D3D_Z06_C1_T0.tif,4011.1934137712055,3429.78,1.0981665252566122,1.7213930925940695,0.6379522085810858,cdki,set3_astrin_cdki_cell_2,Expt2020_017_setIII_STLC_GM132_RO3306_mKate2-Astrin_Nuf2-GFP_GFP_mCherry_03_R3D_D3D
32,32,6_5,73,12362.027397260274,Expt2020_017_setIII_STLC_GM132_RO3306_mKate2-Astrin_Nuf2-GFP_GFP_mCherry_03_R3D_D3D_Z06_C0_T0.tif,6675.189443617492,4679.54,6333.890410958904,Expt2020_017_setIII_STLC_GM132_RO3306_mKate2-Astrin_Nuf2-GFP_GFP_mCherry_03_R3D_D3D_Z06_C1_T0.tif,4011.1934137712055,3429.78,1.579053851956734,1.8519365632506917,0.852650076299067,cdki,set3_astrin_cdki_cell_2,Expt2020_017_setIII_STLC_GM132_RO3306_mKate2-Astrin_Nuf2-GFP_GFP_mCherry_03_R3D_D3D
33,33,6_6,59,13600.64406779661,Expt2020_017_setIII_STLC_GM132_RO3306_mKate2-Astrin_Nuf2-GFP_GFP_mCherry_03_R3D_D3D_Z06_C0_T0.tif,6675.189443617492,4679.54,3483.576271186441,Expt2020_017_setIII_STLC_GM132_RO3306_mKate2-Astrin_Nuf2-GFP_GFP_mCherry_03_R3D_D3D_Z06_C1_T0.tif,4011.1934137712055,3429.78,0.8684637991343542,2.03749184688697,0.42624160703330277,cdki,set3_astrin_cdki_cell_2,Expt2020_017_setIII_STLC_GM132_RO3306_mKate2-Astrin_Nuf2-GFP_GFP_mCherry_03_R3D_D3D
35,35,7_2,43,12805.744186046511,Expt2020_017_setIII_STLC_GM132_RO3306_mKate2-Astrin_Nuf2-GFP_GFP_mCherry_03_R3D_D3D_Z07_C0_T0.tif,6596.183826027863,4699.49,4614.13953488372,Expt2020_017_setIII_STLC_GM132_RO3306_mKate2-Astrin_Nuf2-GFP_GFP_mCherry_03_R3D_D3D_Z07_C1_T0.tif,3941.1439581903605,3514.285,1.170761480380528,1.9413867963346265,0.6030542098004101,cdki,set3_astrin_cdki_cell_2,Expt2020_017_setIII_STLC_GM132_RO3306_mKate2-Astrin_Nuf2-GFP_GFP_mCherry_03_R3D_D3D
36,36,7_3,190,12888.32105263158,Expt2020_017_setIII_STLC_GM132_RO3306_mKate2-Astrin_Nuf2-GFP_GFP_mCherry_03_R3D_D3D_Z07_C0_T0.tif,6596.183826027863,4699.49,5857.894736842104,Expt2020_017_setIII_STLC_GM132_RO3306_mKate2-Astrin_Nuf2-GFP_GFP_mCherry_03_R3D_D3D_Z07_C1_T0.tif,3941.1439581903605,3514.285,1.4863437618583846,1.9539056813085758,0.760703945987273,cdki,set3_astrin_cdki_cell_2,Expt2020_017_setIII_STLC_GM132_RO3306_mKate2-Astrin_Nuf2-GFP_GFP_mCherry_03_R3D_D3D
37,37,7_4,37,11213.783783783783,Expt2020_017_setIII_STLC_GM132_RO3306_mKate2-Astrin_Nuf2-GFP_GFP_mCherry_03_R3D_D3D_Z07_C0_T0.tif,6596.183826027863,4699.49,4410.486486486487,Expt2020_017_setIII_STLC_GM132_RO3306_mKate2-Astrin_Nuf2-GFP_GFP_mCherry_03_R3D_D3D_Z07_C1_T0.tif,3941.1439581903605,3514.285,1.119087892570063,1.7000411267398805,0.6582710706041007,cdki,set3_astrin_cdki_cell_2,Expt2020_017_setIII_STLC_GM132_RO3306_mKate2-Astrin_Nuf2-GFP_GFP_mCherry_03_R3D_D3D
38,38,7_5,79,13364.430379746836,Expt2020_017_setIII_STLC_GM132_RO3306_mKate2-Astrin_Nuf2-GFP_GFP_mCherry_03_R3D_D3D_Z07_C0_T0.tif,6596.183826027863,4699.49,5613.949367088609,Expt2020_017_setIII_STLC_GM132_RO3306_mKate2-Astrin_Nuf2-GFP_GFP_mCherry_03_R3D_D3D_Z07_C1_T0.tif,3941.1439581903605,3514.285,1.4244466648882177,2.026085192928094,0.7030536869131403,cdki,set3_astrin_cdki_cell_2,Expt2020_017_setIII_STLC_GM132_RO3306_mKate2-Astrin_Nuf2-GFP_GFP_mCherry_03_R3D_D3D
39,39,7_6,32,11716.8125,Expt2020_017_setIII_STLC_GM132_RO3306_mKate2-Astrin_Nuf2-GFP_GFP_mCherry_03_R3D_D3D_Z07_C0_T0.tif,6596.183826027863,4699.49,4278.65625,Expt2020_017_setIII_STLC_GM132_RO3306_mKate2-Astrin_Nuf2-GFP_GFP_mCherry_03_R3D_D3D_Z07_C1_T0.tif,3941.1439581903605,3514.285,1.085638153640197,1.7763016933771105,0.6111789217383327,cdki,set3_astrin_cdki_cell_2,Expt2020_017_setIII_STLC_GM132_RO3306_mKate2-Astrin_Nuf2-GFP_GFP_mCherry_03_R3D_D3D
40,40,7_7,24,10988.541666666666,Expt2020_017_setIII_STLC_GM132_RO3306_mKate2-Astrin_Nuf2-GFP_GFP_mCherry_03_R3D_D3D_Z07_C0_T0.tif,6596.183826027863,4699.49,5466.083333333333,Expt2020_017_setIII_STLC_GM132_RO3306_mKate2-Astrin_Nuf2-GFP_GFP_mCherry_03_R3D_D3D_Z07_C1_T0.tif,3941.1439581903605,3514.285,1.3869281080113534,1.6658937889673437,0.8325429371287134,cdki,set3_astrin_cdki_cell_2,Expt2020_017_setIII_STLC_GM132_RO3306_mKate2-Astrin_Nuf2-GFP_GFP_mCherry_03_R3D_D3D
41,41,7_8,66,12335.515151515152,Expt2020_017_setIII_STLC_GM132_RO3306_mKate2-Astrin_Nuf2-GFP_GFP_mCherry_03_R3D_D3D_Z07_C0_T0.tif,6596.183826027863,4699.49,4610.924242424242,Expt2020_017_setIII_STLC_GM132_RO3306_mKate2-Astrin_Nuf2-GFP_GFP_mCherry_03_R3D_D3D_Z07_C1_T0.tif,3941.1439581903605,3514.285,1.1699456531756383,1.8700987535915052,0.6256063488245045,cdki,set3_astrin_cdki_cell_2,Expt2020_017_setIII_STLC_GM132_RO3306_mKate2-Astrin_Nuf2-GFP_GFP_mCherry_03_R3D_D3D
42,42,8_1,21,12937.238095238095,Expt2020_017_setIII_STLC_GM132_RO3306_mKate2-Astrin_Nuf2-GFP_GFP_mCherry_03_R3D_D3D_Z08_C0_T0.tif,6702.459041669961,4642.7575,4708.666666666667,Expt2020_017_setIII_STLC_GM132_RO3306_mKate2-Astrin_Nuf2-GFP_GFP_mCherry_03_R3D_D3D_Z08_C1_T0.tif,3921.879457559016,3531.0725,1.200614837253909,1.930222626472731,0.6220084775650466,cdki,set3_astrin_cdki_cell_2,Expt2020_017_setIII_STLC_GM132_RO3306_mKate2-Astrin_Nuf2-GFP_GFP_mCherry_03_R3D_D3D
43,43,8_2,32,15877.875,Expt2020_017_setIII_STLC_GM132_RO3306_mKate2-Astrin_Nuf2-GFP_GFP_mCherry_03_R3D_D3D_Z08_C0_T0.tif,6702.459041669961,4642.7575,7390.21875,Expt2020_017_setIII_STLC_GM132_RO3306_mKate2-Astrin_Nuf2-GFP_GFP_mCherry_03_R3D_D3D_Z08_C1_T0.tif,3921.879457559016,3531.0725,1.8843564239987336,2.3689626301757936,0.795435267739492,cdki,set3_astrin_cdki_cell_2,Expt2020_017_setIII_STLC_GM132_RO3306_mKate2-Astrin_Nuf2-GFP_GFP_mCherry_03_R3D_D3D
44,44,8_3,80,13851.6125,Expt2020_017_setIII_STLC_GM132_RO3306_mKate2-Astrin_Nuf2-GFP_GFP_mCherry_03_R3D_D3D_Z08_C0_T0.tif,6702.459041669961,4642.7575,5117.1,Expt2020_017_setIII_STLC_GM132_RO3306_mKate2-Astrin_Nuf2-GFP_GFP_mCherry_03_R3D_D3D_Z08_C1_T0.tif,3921.879457559016,3531.0725,1.304757082764826,2.0666463478378496,0.6313402794483336,cdki,set3_astrin_cdki_cell_2,Expt2020_017_setIII_STLC_GM132_RO3306_mKate2-Astrin_Nuf2-GFP_GFP_mCherry_03_R3D_D3D
45,45,8_4,16,12209.125,Expt2020_017_setIII_STLC_GM132_RO3306_mKate2-Astrin_Nuf2-GFP_GFP_mCherry_03_R3D_D3D_Z08_C0_T0.tif,6702.459041669961,4642.7575,3793.5,Expt2020_017_setIII_STLC_GM132_RO3306_mKate2-Astrin_Nuf2-GFP_GFP_mCherry_03_R3D_D3D_Z08_C1_T0.tif,3921.879457559016,3531.0725,0.9672658328874495,1.8215889010428055,0.531001167351052,cdki,set3_astrin_cdki_cell_2,Expt2020_017_setIII_STLC_GM132_RO3306_mKate2-Astrin_Nuf2-GFP_GFP_mCherry_03_R3D_D3D
46,46,8_5,16,12678.1875,Expt2020_017_setIII_STLC_GM132_RO3306_mKate2-Astrin_Nuf2-GFP_GFP_mCherry_03_R3D_D3D_Z08_C0_T0.tif,6702.459041669961,4642.7575,4341.25,Expt2020_017_setIII_STLC_GM132_RO3306_mKate2-Astrin_Nuf2-GFP_GFP_mCherry_03_R3D_D3D_Z08_C1_T0.tif,3921.879457559016,3531.0725,1.106931012790995,1.891572543924289,0.5851908859358558,cdki,set3_astrin_cdki_cell_2,Expt2020_017_setIII_STLC_GM132_RO3306_mKate2-Astrin_Nuf2-GFP_GFP_mCherry_03_R3D_D3D
47,47,8_6,79,16037.316455696202,Expt2020_017_setIII_STLC_GM132_RO3306_mKate2-Astrin_Nuf2-GFP_GFP_mCherry_03_R3D_D3D_Z08_C0_T0.tif,6702.459041669961,4642.7575,5872.835443037975,Expt2020_017_setIII_STLC_GM132_RO3306_mKate2-Astrin_Nuf2-GFP_GFP_mCherry_03_R3D_D3D_Z08_C1_T0.tif,3921.879457559016,3531.0725,1.4974543472310688,2.392751131486273,0.6258295430419106,cdki,set3_astrin_cdki_cell_2,Expt2020_017_setIII_STLC_GM132_RO3306_mKate2-Astrin_Nuf2-GFP_GFP_mCherry_03_R3D_D3D
48,48,8_7,21,11917.714285714286,Expt2020_017_setIII_STLC_GM132_RO3306_mKate2-Astrin_Nuf2-GFP_GFP_mCherry_03_R3D_D3D_Z08_C0_T0.tif,6702.459041669961,4642.7575,3822.190476190476,Expt2020_017_setIII_STLC_GM132_RO3306_mKate2-Astrin_Nuf2-GFP_GFP_mCherry_03_R3D_D3D_Z08_C1_T0.tif,3921.879457559016,3531.0725,0.9745813244778854,1.7781107219932986,0.5480993463586787,cdki,set3_astrin_cdki_cell_2,Expt2020_017_setIII_STLC_GM132_RO3306_mKate2-Astrin_Nuf2-GFP_GFP_mCherry_03_R3D_D3D
49,49,8_8,19,12625.789473684208,Expt2020_017_setIII_STLC_GM132_RO3306_mKate2-Astrin_Nuf2-GFP_GFP_mCherry_03_R3D_D3D_Z08_C0_T0.tif,6702.459041669961,4642.7575,5361.842105263158,Expt2020_017_setIII_STLC_GM132_RO3306_mKate2-Astrin_Nuf2-GFP_GFP_mCherry_03_R3D_D3D_Z08_C1_T0.tif,3921.879457559016,3531.0725,1.3671613733381742,1.8837548122544603,0.7257639712155364,cdki,set3_astrin_cdki_cell_2,Expt2020_017_setIII_STLC_GM132_RO3306_mKate2-Astrin_Nuf2-GFP_GFP_mCherry_03_R3D_D3D
50,50,8_9,53,13397.09433962264,Expt2020_017_setIII_STLC_GM132_RO3306_mKate2-Astrin_Nuf2-GFP_GFP_mCherry_03_R3D_D3D_Z08_C0_T0.tif,6702.459041669961,4642.7575,5696.075471698113,Expt2020_017_setIII_STLC_GM132_RO3306_mKate2-Astrin_Nuf2-GFP_GFP_mCherry_03_R3D_D3D_Z08_C1_T0.tif,3921.879457559016,3531.0725,1.4523841268806765,1.9988327054788935,0.7266161509663235,cdki,set3_astrin_cdki_cell_2,Expt2020_017_setIII_STLC_GM132_RO3306_mKate2-Astrin_Nuf2-GFP_GFP_mCherry_03_R3D_D3D
51,51,9_1,8,11705.375,Expt2020_017_setIII_STLC_GM132_RO3306_mKate2-Astrin_Nuf2-GFP_GFP_mCherry_03_R3D_D3D_Z09_C0_T0.tif,6836.577106109325,4557.8575,4949.875,Expt2020_017_setIII_STLC_GM132_RO3306_mKate2-Astrin_Nuf2-GFP_GFP_mCherry_03_R3D_D3D_Z09_C1_T0.tif,3978.365744255055,3460.685,1.2441980748370987,1.7121689433649192,0.7266795018439483,cdki,set3_astrin_cdki_cell_2,Expt2020_017_setIII_STLC_GM132_RO3306_mKate2-Astrin_Nuf2-GFP_GFP_mCherry_03_R3D_D3D
52,52,9_2,34,14176.94117647059,Expt2020_017_setIII_STLC_GM132_RO3306_mKate2-Astrin_Nuf2-GFP_GFP_mCherry_03_R3D_D3D_Z09_C0_T0.tif,6836.577106109325,4557.8575,7155.970588235295,Expt2020_017_setIII_STLC_GM132_RO3306_mKate2-Astrin_Nuf2-GFP_GFP_mCherry_03_R3D_D3D_Z09_C1_T0.tif,3978.365744255055,3460.685,1.7987211453770557,2.0736899410966556,0.8674012009846638,cdki,set3_astrin_cdki_cell_2,Expt2020_017_setIII_STLC_GM132_RO3306_mKate2-Astrin_Nuf2-GFP_GFP_mCherry_03_R3D_D3D
53,53,9_3,63,12333.52380952381,Expt2020_017_setIII_STLC_GM132_RO3306_mKate2-Astrin_Nuf2-GFP_GFP_mCherry_03_R3D_D3D_Z09_C0_T0.tif,6836.577106109325,4557.8575,4923.396825396825,Expt2020_017_setIII_STLC_GM132_RO3306_mKate2-Astrin_Nuf2-GFP_GFP_mCherry_03_R3D_D3D_Z09_C1_T0.tif,3978.365744255055,3460.685,1.2375425342696154,1.804049543813714,0.6859803482189755,cdki,set3_astrin_cdki_cell_2,Expt2020_017_setIII_STLC_GM132_RO3306_mKate2-Astrin_Nuf2-GFP_GFP_mCherry_03_R3D_D3D
54,54,9_4,12,11758.333333333336,Expt2020_017_setIII_STLC_GM132_RO3306_mKate2-Astrin_Nuf2-GFP_GFP_mCherry_03_R3D_D3D_Z09_C0_T0.tif,6836.577106109325,4557.8575,5915.25,Expt2020_017_setIII_STLC_GM132_RO3306_mKate2-Astrin_Nuf2-GFP_GFP_mCherry_03_R3D_D3D_Z09_C1_T0.tif,3978.365744255055,3460.685,1.4868542462547332,1.7199152661974388,0.8644927314018321,cdki,set3_astrin_cdki_cell_2,Expt2020_017_setIII_STLC_GM132_RO3306_mKate2-Astrin_Nuf2-GFP_GFP_mCherry_03_R3D_D3D
55,55,9_5,40,14608.1,Expt2020_017_setIII_STLC_GM132_RO3306_mKate2-Astrin_Nuf2-GFP_GFP_mCherry_03_R3D_D3D_Z09_C0_T0.tif,6836.577106109325,4557.8575,3945.8,Expt2020_017_setIII_STLC_GM132_RO3306_mKate2-Astrin_Nuf2-GFP_GFP_mCherry_03_R3D_D3D_Z09_C1_T0.tif,3978.365744255055,3460.685,0.9918142910057777,2.1367564167375313,0.4641681584464886,cdki,set3_astrin_cdki_cell_2,Expt2020_017_setIII_STLC_GM132_RO3306_mKate2-Astrin_Nuf2-GFP_GFP_mCherry_03_R3D_D3D
56,56,9_6,24,11564.125,Expt2020_017_setIII_STLC_GM132_RO3306_mKate2-Astrin_Nuf2-GFP_GFP_mCherry_03_R3D_D3D_Z09_C0_T0.tif,6836.577106109325,4557.8575,4578.333333333333,Expt2020_017_setIII_STLC_GM132_RO3306_mKate2-Astrin_Nuf2-GFP_GFP_mCherry_03_R3D_D3D_Z09_C1_T0.tif,3978.365744255055,3460.685,1.1508075495433419,1.6915080193663037,0.6803441286518248,cdki,set3_astrin_cdki_cell_2,Expt2020_017_setIII_STLC_GM132_RO3306_mKate2-Astrin_Nuf2-GFP_GFP_mCherry_03_R3D_D3D
57,57,9_7,125,14116.6,Expt2020_017_setIII_STLC_GM132_RO3306_mKate2-Astrin_Nuf2-GFP_GFP_mCherry_03_R3D_D3D_Z09_C0_T0.tif,6836.577106109325,4557.8575,5751.071999999999,Expt2020_017_setIII_STLC_GM132_RO3306_mKate2-Astrin_Nuf2-GFP_GFP_mCherry_03_R3D_D3D_Z09_C1_T0.tif,3978.365744255055,3460.685,1.4455865472662524,2.0648637148237645,0.7000881156893363,cdki,set3_astrin_cdki_cell_2,Expt2020_017_setIII_STLC_GM132_RO3306_mKate2-Astrin_Nuf2-GFP_GFP_mCherry_03_R3D_D3D
58,58,9_8,12,11506.916666666664,Expt2020_017_setIII_STLC_GM132_RO3306_mKate2-Astrin_Nuf2-GFP_GFP_mCherry_03_R3D_D3D_Z09_C0_T0.tif,6836.577106109325,4557.8575,7052.0,Expt2020_017_setIII_STLC_GM132_RO3306_mKate2-Astrin_Nuf2-GFP_GFP_mCherry_03_R3D_D3D_Z09_C1_T0.tif,3978.365744255055,3460.685,1.7725871509384012,1.6831400404134718,1.0531429996181163,cdki,set3_astrin_cdki_cell_2,Expt2020_017_setIII_STLC_GM132_RO3306_mKate2-Astrin_Nuf2-GFP_GFP_mCherry_03_R3D_D3D
59,59,9_9,27,11989.444444444443,Expt2020_017_setIII_STLC_GM132_RO3306_mKate2-Astrin_Nuf2-GFP_GFP_mCherry_03_R3D_D3D_Z09_C0_T0.tif,6836.577106109325,4557.8575,5709.481481481482,Expt2020_017_setIII_STLC_GM132_RO3306_mKate2-Astrin_Nuf2-GFP_GFP_mCherry_03_R3D_D3D_Z09_C1_T0.tif,3978.365744255055,3460.685,1.435132375580661,1.7537203571843571,0.8183359277899943,cdki,set3_astrin_cdki_cell_2,Expt2020_017_setIII_STLC_GM132_RO3306_mKate2-Astrin_Nuf2-GFP_GFP_mCherry_03_R3D_D3D
60,60,9_10,32,12876.28125,Expt2020_017_setIII_STLC_GM132_RO3306_mKate2-Astrin_Nuf2-GFP_GFP_mCherry_03_R3D_D3D_Z09_C0_T0.tif,6836.577106109325,4557.8575,6534.625,Expt2020_017_setIII_STLC_GM132_RO3306_mKate2-Astrin_Nuf2-GFP_GFP_mCherry_03_R3D_D3D_Z09_C1_T0.tif,3978.365744255055,3460.685,1.642540032785146,1.8834397755118502,0.8720958610629127,cdki,set3_astrin_cdki_cell_2,Expt2020_017_setIII_STLC_GM132_RO3306_mKate2-Astrin_Nuf2-GFP_GFP_mCherry_03_R3D_D3D
61,61,9_11,58,12812.603448275862,Expt2020_017_setIII_STLC_GM132_RO3306_mKate2-Astrin_Nuf2-GFP_GFP_mCherry_03_R3D_D3D_Z09_C0_T0.tif,6836.577106109325,4557.8575,4524.896551724139,Expt2020_017_setIII_STLC_GM132_RO3306_mKate2-Astrin_Nuf2-GFP_GFP_mCherry_03_R3D_D3D_Z09_C1_T0.tif,3978.365744255055,3460.685,1.1373757071627464,1.874125494295416,0.6068834294313609,cdki,set3_astrin_cdki_cell_2,Expt2020_017_setIII_STLC_GM132_RO3306_mKate2-Astrin_Nuf2-GFP_GFP_mCherry_03_R3D_D3D
62,62,9_12,61,13525.344262295082,Expt2020_017_setIII_STLC_GM132_RO3306_mKate2-Astrin_Nuf2-GFP_GFP_mCherry_03_R3D_D3D_Z09_C0_T0.tif,6836.577106109325,4557.8575,6005.704918032787,Expt2020_017_setIII_STLC_GM132_RO3306_mKate2-Astrin_Nuf2-GFP_GFP_mCherry_03_R3D_D3D_Z09_C1_T0.tif,3978.365744255055,3460.685,1.509590948671651,1.9783795388204604,0.7630441576299822,cdki,set3_astrin_cdki_cell_2,Expt2020_017_setIII_STLC_GM132_RO3306_mKate2-Astrin_Nuf2-GFP_GFP_mCherry_03_R3D_D3D
63,63,10_1,8,13218.625,Expt2020_017_setIII_STLC_GM132_RO3306_mKate2-Astrin_Nuf2-GFP_GFP_mCherry_03_R3D_D3D_Z10_C0_T0.tif,7007.3259408897275,4548.48,4788.0,Expt2020_017_setIII_STLC_GM132_RO3306_mKate2-Astrin_Nuf2-GFP_GFP_mCherry_03_R3D_D3D_Z10_C1_T0.tif,4009.322247381829,3366.835,1.1942168038816694,1.886400762788211,0.6330663279188601,cdki,set3_astrin_cdki_cell_2,Expt2020_017_setIII_STLC_GM132_RO3306_mKate2-Astrin_Nuf2-GFP_GFP_mCherry_03_R3D_D3D
64,64,10_2,28,12910.071428571431,Expt2020_017_setIII_STLC_GM132_RO3306_mKate2-Astrin_Nuf2-GFP_GFP_mCherry_03_R3D_D3D_Z10_C0_T0.tif,7007.3259408897275,4548.48,6610.357142857143,Expt2020_017_setIII_STLC_GM132_RO3306_mKate2-Astrin_Nuf2-GFP_GFP_mCherry_03_R3D_D3D_Z10_C1_T0.tif,4009.322247381829,3366.835,1.6487467793774482,1.8423677644616923,0.8949064411465011,cdki,set3_astrin_cdki_cell_2,Expt2020_017_setIII_STLC_GM132_RO3306_mKate2-Astrin_Nuf2-GFP_GFP_mCherry_03_R3D_D3D
65,65,10_3,14,12454.071428571431,Expt2020_017_setIII_STLC_GM132_RO3306_mKate2-Astrin_Nuf2-GFP_GFP_mCherry_03_R3D_D3D_Z10_C0_T0.tif,7007.3259408897275,4548.48,6534.714285714284,Expt2020_017_setIII_STLC_GM132_RO3306_mKate2-Astrin_Nuf2-GFP_GFP_mCherry_03_R3D_D3D_Z10_C1_T0.tif,4009.322247381829,3366.835,1.6298800352058478,1.777293012145818,0.9170575836777805,cdki,set3_astrin_cdki_cell_2,Expt2020_017_setIII_STLC_GM132_RO3306_mKate2-Astrin_Nuf2-GFP_GFP_mCherry_03_R3D_D3D
66,66,10_4,21,13452.095238095239,Expt2020_017_setIII_STLC_GM132_RO3306_mKate2-Astrin_Nuf2-GFP_GFP_mCherry_03_R3D_D3D_Z10_C0_T0.tif,7007.3259408897275,4548.48,6169.333333333332,Expt2020_017_setIII_STLC_GM132_RO3306_mKate2-Astrin_Nuf2-GFP_GFP_mCherry_03_R3D_D3D_Z10_C1_T0.tif,4009.322247381829,3366.835,1.538747187847531,1.9197187845364037,0.8015482268769516,cdki,set3_astrin_cdki_cell_2,Expt2020_017_setIII_STLC_GM132_RO3306_mKate2-Astrin_Nuf2-GFP_GFP_mCherry_03_R3D_D3D
67,67,10_5,43,16237.488372093025,Expt2020_017_setIII_STLC_GM132_RO3306_mKate2-Astrin_Nuf2-GFP_GFP_mCherry_03_R3D_D3D_Z10_C0_T0.tif,7007.3259408897275,4548.48,4546.976744186047,Expt2020_017_setIII_STLC_GM132_RO3306_mKate2-Astrin_Nuf2-GFP_GFP_mCherry_03_R3D_D3D_Z10_C1_T0.tif,4009.322247381829,3366.835,1.134101093309553,2.317216083433866,0.48942396931275245,cdki,set3_astrin_cdki_cell_2,Expt2020_017_setIII_STLC_GM132_RO3306_mKate2-Astrin_Nuf2-GFP_GFP_mCherry_03_R3D_D3D
68,68,10_6,67,15398.805970149253,Expt2020_017_setIII_STLC_GM132_RO3306_mKate2-Astrin_Nuf2-GFP_GFP_mCherry_03_R3D_D3D_Z10_C0_T0.tif,7007.3259408897275,4548.48,6090.656716417911,Expt2020_017_setIII_STLC_GM132_RO3306_mKate2-Astrin_Nuf2-GFP_GFP_mCherry_03_R3D_D3D_Z10_C1_T0.tif,4009.322247381829,3366.835,1.5191237672140814,2.1975295712010294,0.6912870648579373,cdki,set3_astrin_cdki_cell_2,Expt2020_017_setIII_STLC_GM132_RO3306_mKate2-Astrin_Nuf2-GFP_GFP_mCherry_03_R3D_D3D
69,69,10_7,32,14511.46875,Expt2020_017_setIII_STLC_GM132_RO3306_mKate2-Astrin_Nuf2-GFP_GFP_mCherry_03_R3D_D3D_Z10_C0_T0.tif,7007.3259408897275,4548.48,6512.59375,Expt2020_017_setIII_STLC_GM132_RO3306_mKate2-Astrin_Nuf2-GFP_GFP_mCherry_03_R3D_D3D_Z10_C1_T0.tif,4009.322247381829,3366.835,1.6243627596292265,2.070899637381141,0.7843754136165648,cdki,set3_astrin_cdki_cell_2,Expt2020_017_setIII_STLC_GM132_RO3306_mKate2-Astrin_Nuf2-GFP_GFP_mCherry_03_R3D_D3D
70,70,10_8,34,14643.823529411766,Expt2020_017_setIII_STLC_GM132_RO3306_mKate2-Astrin_Nuf2-GFP_GFP_mCherry_03_R3D_D3D_Z10_C0_T0.tif,7007.3259408897275,4548.48,7534.882352941177,Expt2020_017_setIII_STLC_GM132_RO3306_mKate2-Astrin_Nuf2-GFP_GFP_mCherry_03_R3D_D3D_Z10_C1_T0.tif,4009.322247381829,3366.835,1.879340668578489,2.0897876954689543,0.8992974131550524,cdki,set3_astrin_cdki_cell_2,Expt2020_017_setIII_STLC_GM132_RO3306_mKate2-Astrin_Nuf2-GFP_GFP_mCherry_03_R3D_D3D
71,71,10_9,16,13287.0625,Expt2020_017_setIII_STLC_GM132_RO3306_mKate2-Astrin_Nuf2-GFP_GFP_mCherry_03_R3D_D3D_Z10_C0_T0.tif,7007.3259408897275,4548.48,5135.25,Expt2020_017_setIII_STLC_GM132_RO3306_mKate2-Astrin_Nuf2-GFP_GFP_mCherry_03_R3D_D3D_Z10_C1_T0.tif,4009.322247381829,3366.835,1.2808274524088017,1.8961673271777233,0.675482292121972,cdki,set3_astrin_cdki_cell_2,Expt2020_017_setIII_STLC_GM132_RO3306_mKate2-Astrin_Nuf2-GFP_GFP_mCherry_03_R3D_D3D
72,72,10_10,26,13200.423076923076,Expt2020_017_setIII_STLC_GM132_RO3306_mKate2-Astrin_Nuf2-GFP_GFP_mCherry_03_R3D_D3D_Z10_C0_T0.tif,7007.3259408897275,4548.48,6062.423076923077,Expt2020_017_setIII_STLC_GM132_RO3306_mKate2-Astrin_Nuf2-GFP_GFP_mCherry_03_R3D_D3D_Z10_C1_T0.tif,4009.322247381829,3366.835,1.5120817691523711,1.8838032065691246,0.8026750160948336,cdki,set3_astrin_cdki_cell_2,Expt2020_017_setIII_STLC_GM132_RO3306_mKate2-Astrin_Nuf2-GFP_GFP_mCherry_03_R3D_D3D
73,73,11_1,63,13267.190476190475,Expt2020_017_setIII_STLC_GM132_RO3306_mKate2-Astrin_Nuf2-GFP_GFP_mCherry_03_R3D_D3D_Z11_C0_T0.tif,7003.4177551375815,4513.82,6153.174603174603,Expt2020_017_setIII_STLC_GM132_RO3306_mKate2-Astrin_Nuf2-GFP_GFP_mCherry_03_R3D_D3D_Z11_C1_T0.tif,3997.8794076163613,3319.2475,1.5391096068211034,1.8943879888441473,0.8124574352692051,cdki,set3_astrin_cdki_cell_2,Expt2020_017_setIII_STLC_GM132_RO3306_mKate2-Astrin_Nuf2-GFP_GFP_mCherry_03_R3D_D3D
74,74,11_2,34,13260.323529411766,Expt2020_017_setIII_STLC_GM132_RO3306_mKate2-Astrin_Nuf2-GFP_GFP_mCherry_03_R3D_D3D_Z11_C0_T0.tif,7003.4177551375815,4513.82,5669.0,Expt2020_017_setIII_STLC_GM132_RO3306_mKate2-Astrin_Nuf2-GFP_GFP_mCherry_03_R3D_D3D_Z11_C1_T0.tif,3997.8794076163613,3319.2475,1.4180017509282512,1.8934074751837031,0.7489152596646811,cdki,set3_astrin_cdki_cell_2,Expt2020_017_setIII_STLC_GM132_RO3306_mKate2-Astrin_Nuf2-GFP_GFP_mCherry_03_R3D_D3D
75,75,11_3,77,14191.857142857143,Expt2020_017_setIII_STLC_GM132_RO3306_mKate2-Astrin_Nuf2-GFP_GFP_mCherry_03_R3D_D3D_Z11_C0_T0.tif,7003.4177551375815,4513.82,6032.714285714284,Expt2020_017_setIII_STLC_GM132_RO3306_mKate2-Astrin_Nuf2-GFP_GFP_mCherry_03_R3D_D3D_Z11_C1_T0.tif,3997.8794076163613,3319.2475,1.5089785535354965,2.0264187628170904,0.7446528729519569,cdki,set3_astrin_cdki_cell_2,Expt2020_017_setIII_STLC_GM132_RO3306_mKate2-Astrin_Nuf2-GFP_GFP_mCherry_03_R3D_D3D
76,76,11_4,57,15394.877192982456,Expt2020_017_setIII_STLC_GM132_RO3306_mKate2-Astrin_Nuf2-GFP_GFP_mCherry_03_R3D_D3D_Z11_C0_T0.tif,7003.4177551375815,4513.82,6559.842105263158,Expt2020_017_setIII_STLC_GM132_RO3306_mKate2-Astrin_Nuf2-GFP_GFP_mCherry_03_R3D_D3D_Z11_C1_T0.tif,3997.8794076163613,3319.2475,1.6408304094330612,2.198194900152722,0.7464444619169405,cdki,set3_astrin_cdki_cell_2,Expt2020_017_setIII_STLC_GM132_RO3306_mKate2-Astrin_Nuf2-GFP_GFP_mCherry_03_R3D_D3D
77,77,11_5,36,15353.555555555557,Expt2020_017_setIII_STLC_GM132_RO3306_mKate2-Astrin_Nuf2-GFP_GFP_mCherry_03_R3D_D3D_Z11_C0_T0.tif,7003.4177551375815,4513.82,6492.277777777777,Expt2020_017_setIII_STLC_GM132_RO3306_mKate2-Astrin_Nuf2-GFP_GFP_mCherry_03_R3D_D3D_Z11_C1_T0.tif,3997.8794076163613,3319.2475,1.623930368036949,2.1922946898737354,0.7407445611841895,cdki,set3_astrin_cdki_cell_2,Expt2020_017_setIII_STLC_GM132_RO3306_mKate2-Astrin_Nuf2-GFP_GFP_mCherry_03_R3D_D3D
78,78,11_6,19,12051.157894736842,Expt2020_017_setIII_STLC_GM132_RO3306_mKate2-Astrin_Nuf2-GFP_GFP_mCherry_03_R3D_D3D_Z11_C0_T0.tif,7003.4177551375815,4513.82,4904.684210526316,Expt2020_017_setIII_STLC_GM132_RO3306_mKate2-Astrin_Nuf2-GFP_GFP_mCherry_03_R3D_D3D_Z11_C1_T0.tif,3997.8794076163613,3319.2475,1.2268214496871517,1.7207538256441048,0.7129558170402053,cdki,set3_astrin_cdki_cell_2,Expt2020_017_setIII_STLC_GM132_RO3306_mKate2-Astrin_Nuf2-GFP_GFP_mCherry_03_R3D_D3D
79,79,11_7,16,12836.5,Expt2020_017_setIII_STLC_GM132_RO3306_mKate2-Astrin_Nuf2-GFP_GFP_mCherry_03_R3D_D3D_Z11_C0_T0.tif,7003.4177551375815,4513.82,5647.5,Expt2020_017_setIII_STLC_GM132_RO3306_mKate2-Astrin_Nuf2-GFP_GFP_mCherry_03_R3D_D3D_Z11_C1_T0.tif,3997.8794076163613,3319.2475,1.412623899870753,1.8328908040054264,0.770708160455461,cdki,set3_astrin_cdki_cell_2,Expt2020_017_setIII_STLC_GM132_RO3306_mKate2-Astrin_Nuf2-GFP_GFP_mCherry_03_R3D_D3D
81,81,12_1,89,12929.85393258427,Expt2020_017_setIII_STLC_GM132_RO3306_mKate2-Astrin_Nuf2-GFP_GFP_mCherry_03_R3D_D3D_Z12_C0_T0.tif,6916.75771433456,4506.2925,6370.4494382022485,Expt2020_017_setIII_STLC_GM132_RO3306_mKate2-Astrin_Nuf2-GFP_GFP_mCherry_03_R3D_D3D_Z12_C1_T0.tif,4020.861815118664,3342.3825,1.5843492592182613,1.8693518649334693,0.8475393471601178,cdki,set3_astrin_cdki_cell_2,Expt2020_017_setIII_STLC_GM132_RO3306_mKate2-Astrin_Nuf2-GFP_GFP_mCherry_03_R3D_D3D
82,82,12_2,74,12269.283783783783,Expt2020_017_setIII_STLC_GM132_RO3306_mKate2-Astrin_Nuf2-GFP_GFP_mCherry_03_R3D_D3D_Z12_C0_T0.tif,6916.75771433456,4506.2925,4533.310810810811,Expt2020_017_setIII_STLC_GM132_RO3306_mKate2-Astrin_Nuf2-GFP_GFP_mCherry_03_R3D_D3D_Z12_C1_T0.tif,4020.861815118664,3342.3825,1.127447552105698,1.7738490041882542,0.6355938692885749,cdki,set3_astrin_cdki_cell_2,Expt2020_017_setIII_STLC_GM132_RO3306_mKate2-Astrin_Nuf2-GFP_GFP_mCherry_03_R3D_D3D
83,83,12_3,102,12380.980392156864,Expt2020_017_setIII_STLC_GM132_RO3306_mKate2-Astrin_Nuf2-GFP_GFP_mCherry_03_R3D_D3D_Z12_C0_T0.tif,6916.75771433456,4506.2925,6216.588235294117,Expt2020_017_setIII_STLC_GM132_RO3306_mKate2-Astrin_Nuf2-GFP_GFP_mCherry_03_R3D_D3D_Z12_C1_T0.tif,4020.861815118664,3342.3825,1.5460835316248371,1.7899976988492794,0.8637349269324507,cdki,set3_astrin_cdki_cell_2,Expt2020_017_setIII_STLC_GM132_RO3306_mKate2-Astrin_Nuf2-GFP_GFP_mCherry_03_R3D_D3D
84,84,12_4,75,13452.586666666664,Expt2020_017_setIII_STLC_GM132_RO3306_mKate2-Astrin_Nuf2-GFP_GFP_mCherry_03_R3D_D3D_Z12_C0_T0.tif,6916.75771433456,4506.2925,6589.266666666666,Expt2020_017_setIII_STLC_GM132_RO3306_mKate2-Astrin_Nuf2-GFP_GFP_mCherry_03_R3D_D3D_Z12_C1_T0.tif,4020.861815118664,3342.3825,1.6387697388382405,1.9449266870786868,0.8425868952930564,cdki,set3_astrin_cdki_cell_2,Expt2020_017_setIII_STLC_GM132_RO3306_mKate2-Astrin_Nuf2-GFP_GFP_mCherry_03_R3D_D3D
85,85,12_5,57,12924.438596491227,Expt2020_017_setIII_STLC_GM132_RO3306_mKate2-Astrin_Nuf2-GFP_GFP_mCherry_03_R3D_D3D_Z12_C0_T0.tif,6916.75771433456,4506.2925,5319.578947368421,Expt2020_017_setIII_STLC_GM132_RO3306_mKate2-Astrin_Nuf2-GFP_GFP_mCherry_03_R3D_D3D_Z12_C1_T0.tif,4020.861815118664,3342.3825,1.32299471903424,1.8685689350815504,0.7080256415461066,cdki,set3_astrin_cdki_cell_2,Expt2020_017_setIII_STLC_GM132_RO3306_mKate2-Astrin_Nuf2-GFP_GFP_mCherry_03_R3D_D3D
86,86,12_6,8,10712.125,Expt2020_017_setIII_STLC_GM132_RO3306_mKate2-Astrin_Nuf2-GFP_GFP_mCherry_03_R3D_D3D_Z12_C0_T0.tif,6916.75771433456,4506.2925,5714.5,Expt2020_017_setIII_STLC_GM132_RO3306_mKate2-Astrin_Nuf2-GFP_GFP_mCherry_03_R3D_D3D_Z12_C1_T0.tif,4020.861815118664,3342.3825,1.421212730692003,1.5487205772438397,0.9176689143119966,cdki,set3_astrin_cdki_cell_2,Expt2020_017_setIII_STLC_GM132_RO3306_mKate2-Astrin_Nuf2-GFP_GFP_mCherry_03_R3D_D3D
87,87,12_7,12,10434.416666666666,Expt2020_017_setIII_STLC_GM132_RO3306_mKate2-Astrin_Nuf2-GFP_GFP_mCherry_03_R3D_D3D_Z12_C0_T0.tif,6916.75771433456,4506.2925,4591.833333333333,Expt2020_017_setIII_STLC_GM132_RO3306_mKate2-Astrin_Nuf2-GFP_GFP_mCherry_03_R3D_D3D_Z12_C1_T0.tif,4020.861815118664,3342.3825,1.1420022732608677,1.5085705033504313,0.757009546935035,cdki,set3_astrin_cdki_cell_2,Expt2020_017_setIII_STLC_GM132_RO3306_mKate2-Astrin_Nuf2-GFP_GFP_mCherry_03_R3D_D3D
88,88,12_8,36,11426.166666666664,Expt2020_017_setIII_STLC_GM132_RO3306_mKate2-Astrin_Nuf2-GFP_GFP_mCherry_03_R3D_D3D_Z12_C0_T0.tif,6916.75771433456,4506.2925,4670.25,Expt2020_017_setIII_STLC_GM132_RO3306_mKate2-Astrin_Nuf2-GFP_GFP_mCherry_03_R3D_D3D_Z12_C1_T0.tif,4020.861815118664,3342.3825,1.1615047257877902,1.65195415808575,0.7031095385441674,cdki,set3_astrin_cdki_cell_2,Expt2020_017_setIII_STLC_GM132_RO3306_mKate2-Astrin_Nuf2-GFP_GFP_mCherry_03_R3D_D3D
89,89,12_9,30,12321.933333333332,Expt2020_017_setIII_STLC_GM132_RO3306_mKate2-Astrin_Nuf2-GFP_GFP_mCherry_03_R3D_D3D_Z12_C0_T0.tif,6916.75771433456,4506.2925,6130.6,Expt2020_017_setIII_STLC_GM132_RO3306_mKate2-Astrin_Nuf2-GFP_GFP_mCherry_03_R3D_D3D_Z12_C1_T0.tif,4020.861815118664,3342.3825,1.5246980080112686,1.7814608870564999,0.8558694827875344,cdki,set3_astrin_cdki_cell_2,Expt2020_017_setIII_STLC_GM132_RO3306_mKate2-Astrin_Nuf2-GFP_GFP_mCherry_03_R3D_D3D
90,90,12_10,8,10644.0,Expt2020_017_setIII_STLC_GM132_RO3306_mKate2-Astrin_Nuf2-GFP_GFP_mCherry_03_R3D_D3D_Z12_C0_T0.tif,6916.75771433456,4506.2925,5422.125,Expt2020_017_setIII_STLC_GM132_RO3306_mKate2-Astrin_Nuf2-GFP_GFP_mCherry_03_R3D_D3D_Z12_C1_T0.tif,4020.861815118664,3342.3825,1.348498219862346,1.5388713093044963,0.8762904420330049,cdki,set3_astrin_cdki_cell_2,Expt2020_017_setIII_STLC_GM132_RO3306_mKate2-Astrin_Nuf2-GFP_GFP_mCherry_03_R3D_D3D
91,91,12_11,22,10900.363636363636,Expt2020_017_setIII_STLC_GM132_RO3306_mKate2-Astrin_Nuf2-GFP_GFP_mCherry_03_R3D_D3D_Z12_C0_T0.tif,6916.75771433456,4506.2925,7443.727272727273,Expt2020_017_setIII_STLC_GM132_RO3306_mKate2-Astrin_Nuf2-GFP_GFP_mCherry_03_R3D_D3D_Z12_C1_T0.tif,4020.861815118664,3342.3825,1.8512765707934664,1.5759354435349522,1.174715993848645,cdki,set3_astrin_cdki_cell_2,Expt2020_017_setIII_STLC_GM132_RO3306_mKate2-Astrin_Nuf2-GFP_GFP_mCherry_03_R3D_D3D
93,93,13_1,100,13247.22,Expt2020_017_setIII_STLC_GM132_RO3306_mKate2-Astrin_Nuf2-GFP_GFP_mCherry_03_R3D_D3D_Z13_C0_T0.tif,6893.582928855655,4513.0225,6527.28,Expt2020_017_setIII_STLC_GM132_RO3306_mKate2-Astrin_Nuf2-GFP_GFP_mCherry_03_R3D_D3D_Z13_C1_T0.tif,4015.61951745626,3401.765,1.6254727250989107,1.9216741332796379,0.8458628322819681,cdki,set3_astrin_cdki_cell_2,Expt2020_017_setIII_STLC_GM132_RO3306_mKate2-Astrin_Nuf2-GFP_GFP_mCherry_03_R3D_D3D
94,94,13_2,32,12357.5625,Expt2020_017_setIII_STLC_GM132_RO3306_mKate2-Astrin_Nuf2-GFP_GFP_mCherry_03_R3D_D3D_Z13_C0_T0.tif,6893.582928855655,4513.0225,3711.3125,Expt2020_017_setIII_STLC_GM132_RO3306_mKate2-Astrin_Nuf2-GFP_GFP_mCherry_03_R3D_D3D_Z13_C1_T0.tif,4015.61951745626,3401.765,0.9242191606716199,1.7926182404033795,0.5155694279132459,cdki,set3_astrin_cdki_cell_2,Expt2020_017_setIII_STLC_GM132_RO3306_mKate2-Astrin_Nuf2-GFP_GFP_mCherry_03_R3D_D3D
95,95,13_3,97,12930.804123711341,Expt2020_017_setIII_STLC_GM132_RO3306_mKate2-Astrin_Nuf2-GFP_GFP_mCherry_03_R3D_D3D_Z13_C0_T0.tif,6893.582928855655,4513.0225,6656.402061855671,Expt2020_017_setIII_STLC_GM132_RO3306_mKate2-Astrin_Nuf2-GFP_GFP_mCherry_03_R3D_D3D_Z13_C1_T0.tif,4015.61951745626,3401.765,1.6576276793455382,1.8757740723745633,0.88370326883084,cdki,set3_astrin_cdki_cell_2,Expt2020_017_setIII_STLC_GM132_RO3306_mKate2-Astrin_Nuf2-GFP_GFP_mCherry_03_R3D_D3D
96,96,13_4,8,11340.5,Expt2020_017_setIII_STLC_GM132_RO3306_mKate2-Astrin_Nuf2-GFP_GFP_mCherry_03_R3D_D3D_Z13_C0_T0.tif,6893.582928855655,4513.0225,5844.0,Expt2020_017_setIII_STLC_GM132_RO3306_mKate2-Astrin_Nuf2-GFP_GFP_mCherry_03_R3D_D3D_Z13_C1_T0.tif,4015.61951745626,3401.765,1.455317162045758,1.6450806666196935,0.8846479030333138,cdki,set3_astrin_cdki_cell_2,Expt2020_017_setIII_STLC_GM132_RO3306_mKate2-Astrin_Nuf2-GFP_GFP_mCherry_03_R3D_D3D
97,97,13_5,30,13545.166666666664,Expt2020_017_setIII_STLC_GM132_RO3306_mKate2-Astrin_Nuf2-GFP_GFP_mCherry_03_R3D_D3D_Z13_C0_T0.tif,6893.582928855655,4513.0225,4721.466666666666,Expt2020_017_setIII_STLC_GM132_RO3306_mKate2-Astrin_Nuf2-GFP_GFP_mCherry_03_R3D_D3D_Z13_C1_T0.tif,4015.61951745626,3401.765,1.1757754055487641,1.964895005464913,0.5983909584372751,cdki,set3_astrin_cdki_cell_2,Expt2020_017_setIII_STLC_GM132_RO3306_mKate2-Astrin_Nuf2-GFP_GFP_mCherry_03_R3D_D3D
98,98,13_6,71,13857.014084507042,Expt2020_017_setIII_STLC_GM132_RO3306_mKate2-Astrin_Nuf2-GFP_GFP_mCherry_03_R3D_D3D_Z13_C0_T0.tif,6893.582928855655,4513.0225,6421.535211267606,Expt2020_017_setIII_STLC_GM132_RO3306_mKate2-Astrin_Nuf2-GFP_GFP_mCherry_03_R3D_D3D_Z13_C1_T0.tif,4015.61951745626,3401.765,1.5991393565432717,2.0101323546139347,0.7955393349461318,cdki,set3_astrin_cdki_cell_2,Expt2020_017_setIII_STLC_GM132_RO3306_mKate2-Astrin_Nuf2-GFP_GFP_mCherry_03_R3D_D3D
99,99,13_7,52,12268.115384615383,Expt2020_017_setIII_STLC_GM132_RO3306_mKate2-Astrin_Nuf2-GFP_GFP_mCherry_03_R3D_D3D_Z13_C0_T0.tif,6893.582928855655,4513.0225,4821.711538461538,Expt2020_017_setIII_STLC_GM132_RO3306_mKate2-Astrin_Nuf2-GFP_GFP_mCherry_03_R3D_D3D_Z13_C1_T0.tif,4015.61951745626,3401.765,1.2007391431138144,1.7796428230757366,0.6747079400115752,cdki,set3_astrin_cdki_cell_2,Expt2020_017_setIII_STLC_GM132_RO3306_mKate2-Astrin_Nuf2-GFP_GFP_mCherry_03_R3D_D3D
100,100,13_8,19,11143.631578947368,Expt2020_017_setIII_STLC_GM132_RO3306_mKate2-Astrin_Nuf2-GFP_GFP_mCherry_03_R3D_D3D_Z13_C0_T0.tif,6893.582928855655,4513.0225,4203.473684210527,Expt2020_017_setIII_STLC_GM132_RO3306_mKate2-Astrin_Nuf2-GFP_GFP_mCherry_03_R3D_D3D_Z13_C1_T0.tif,4015.61951745626,3401.765,1.0467808680423152,1.616522451960584,0.6475510852155111,cdki,set3_astrin_cdki_cell_2,Expt2020_017_setIII_STLC_GM132_RO3306_mKate2-Astrin_Nuf2-GFP_GFP_mCherry_03_R3D_D3D
101,101,13_9,20,11077.05,Expt2020_017_setIII_STLC_GM132_RO3306_mKate2-Astrin_Nuf2-GFP_GFP_mCherry_03_R3D_D3D_Z13_C0_T0.tif,6893.582928855655,4513.0225,5257.7,Expt2020_017_setIII_STLC_GM132_RO3306_mKate2-Astrin_Nuf2-GFP_GFP_mCherry_03_R3D_D3D_Z13_C1_T0.tif,4015.61951745626,3401.765,1.309312293444213,1.6068639652731074,0.8148246035386564,cdki,set3_astrin_cdki_cell_2,Expt2020_017_setIII_STLC_GM132_RO3306_mKate2-Astrin_Nuf2-GFP_GFP_mCherry_03_R3D_D3D
102,102,13_10,30,11660.8,Expt2020_017_setIII_STLC_GM132_RO3306_mKate2-Astrin_Nuf2-GFP_GFP_mCherry_03_R3D_D3D_Z13_C0_T0.tif,6893.582928855655,4513.0225,4671.433333333333,Expt2020_017_setIII_STLC_GM132_RO3306_mKate2-Astrin_Nuf2-GFP_GFP_mCherry_03_R3D_D3D_Z13_C1_T0.tif,4015.61951745626,3401.765,1.1633157257619133,1.6915441680101335,0.6877241208134651,cdki,set3_astrin_cdki_cell_2,Expt2020_017_setIII_STLC_GM132_RO3306_mKate2-Astrin_Nuf2-GFP_GFP_mCherry_03_R3D_D3D
103,103,13_11,27,12684.222222222224,Expt2020_017_setIII_STLC_GM132_RO3306_mKate2-Astrin_Nuf2-GFP_GFP_mCherry_03_R3D_D3D_Z13_C0_T0.tif,6893.582928855655,4513.0225,7192.666666666668,Expt2020_017_setIII_STLC_GM132_RO3306_mKate2-Astrin_Nuf2-GFP_GFP_mCherry_03_R3D_D3D_Z13_C1_T0.tif,4015.61951745626,3401.765,1.79117235470131,1.8400042986539982,0.9734609620268769,cdki,set3_astrin_cdki_cell_2,Expt2020_017_setIII_STLC_GM132_RO3306_mKate2-Astrin_Nuf2-GFP_GFP_mCherry_03_R3D_D3D
104,104,13_12,24,11411.166666666664,Expt2020_017_setIII_STLC_GM132_RO3306_mKate2-Astrin_Nuf2-GFP_GFP_mCherry_03_R3D_D3D_Z13_C0_T0.tif,6893.582928855655,4513.0225,7557.625,Expt2020_017_setIII_STLC_GM132_RO3306_mKate2-Astrin_Nuf2-GFP_GFP_mCherry_03_R3D_D3D_Z13_C1_T0.tif,4015.61951745626,3401.765,1.8820570442857754,1.6553317461230477,1.13696668277748,cdki,set3_astrin_cdki_cell_2,Expt2020_017_setIII_STLC_GM132_RO3306_mKate2-Astrin_Nuf2-GFP_GFP_mCherry_03_R3D_D3D
106,106,14_1,132,13393.242424242424,Expt2020_017_setIII_STLC_GM132_RO3306_mKate2-Astrin_Nuf2-GFP_GFP_mCherry_03_R3D_D3D_Z14_C0_T0.tif,7037.176874669742,4485.9475,6131.590909090909,Expt2020_017_setIII_STLC_GM132_RO3306_mKate2-Astrin_Nuf2-GFP_GFP_mCherry_03_R3D_D3D_Z14_C1_T0.tif,4017.975272832747,3421.51,1.5260399810196004,1.903212419237505,0.8018232571385734,cdki,set3_astrin_cdki_cell_2,Expt2020_017_setIII_STLC_GM132_RO3306_mKate2-Astrin_Nuf2-GFP_GFP_mCherry_03_R3D_D3D
107,107,14_2,68,12270.573529411766,Expt2020_017_setIII_STLC_GM132_RO3306_mKate2-Astrin_Nuf2-GFP_GFP_mCherry_03_R3D_D3D_Z14_C0_T0.tif,7037.176874669742,4485.9475,4927.632352941177,Expt2020_017_setIII_STLC_GM132_RO3306_mKate2-Astrin_Nuf2-GFP_GFP_mCherry_03_R3D_D3D_Z14_C1_T0.tif,4017.975272832747,3421.51,1.2263968835893568,1.7436784307041635,0.7033389081346216,cdki,set3_astrin_cdki_cell_2,Expt2020_017_setIII_STLC_GM132_RO3306_mKate2-Astrin_Nuf2-GFP_GFP_mCherry_03_R3D_D3D
108,108,14_3,90,12658.077777777778,Expt2020_017_setIII_STLC_GM132_RO3306_mKate2-Astrin_Nuf2-GFP_GFP_mCherry_03_R3D_D3D_Z14_C0_T0.tif,7037.176874669742,4485.9475,5889.5,Expt2020_017_setIII_STLC_GM132_RO3306_mKate2-Astrin_Nuf2-GFP_GFP_mCherry_03_R3D_D3D_Z14_C1_T0.tif,4017.975272832747,3421.51,1.4657880151282745,1.7987437296539215,0.8148954133729168,cdki,set3_astrin_cdki_cell_2,Expt2020_017_setIII_STLC_GM132_RO3306_mKate2-Astrin_Nuf2-GFP_GFP_mCherry_03_R3D_D3D
109,109,14_4,65,13434.215384615383,Expt2020_017_setIII_STLC_GM132_RO3306_mKate2-Astrin_Nuf2-GFP_GFP_mCherry_03_R3D_D3D_Z14_C0_T0.tif,7037.176874669742,4485.9475,6071.907692307693,Expt2020_017_setIII_STLC_GM132_RO3306_mKate2-Astrin_Nuf2-GFP_GFP_mCherry_03_R3D_D3D_Z14_C1_T0.tif,4017.975272832747,3421.51,1.5111859282366578,1.9090347768537306,0.7915968564633666,cdki,set3_astrin_cdki_cell_2,Expt2020_017_setIII_STLC_GM132_RO3306_mKate2-Astrin_Nuf2-GFP_GFP_mCherry_03_R3D_D3D
110,110,14_5,36,12943.888888888889,Expt2020_017_setIII_STLC_GM132_RO3306_mKate2-Astrin_Nuf2-GFP_GFP_mCherry_03_R3D_D3D_Z14_C0_T0.tif,7037.176874669742,4485.9475,4575.13888888889,Expt2020_017_setIII_STLC_GM132_RO3306_mKate2-Astrin_Nuf2-GFP_GFP_mCherry_03_R3D_D3D_Z14_C1_T0.tif,4017.975272832747,3421.51,1.1386677563257706,1.8393581857350079,0.6190571065258607,cdki,set3_astrin_cdki_cell_2,Expt2020_017_setIII_STLC_GM132_RO3306_mKate2-Astrin_Nuf2-GFP_GFP_mCherry_03_R3D_D3D
111,111,14_6,24,11351.166666666664,Expt2020_017_setIII_STLC_GM132_RO3306_mKate2-Astrin_Nuf2-GFP_GFP_mCherry_03_R3D_D3D_Z14_C0_T0.tif,7037.176874669742,4485.9475,4295.916666666667,Expt2020_017_setIII_STLC_GM132_RO3306_mKate2-Astrin_Nuf2-GFP_GFP_mCherry_03_R3D_D3D_Z14_C1_T0.tif,4017.975272832747,3421.51,1.069174490871858,1.6130284727566095,0.6628367130089625,cdki,set3_astrin_cdki_cell_2,Expt2020_017_setIII_STLC_GM132_RO3306_mKate2-Astrin_Nuf2-GFP_GFP_mCherry_03_R3D_D3D
112,112,14_7,30,12799.366666666667,Expt2020_017_setIII_STLC_GM132_RO3306_mKate2-Astrin_Nuf2-GFP_GFP_mCherry_03_R3D_D3D_Z14_C0_T0.tif,7037.176874669742,4485.9475,4473.6,Expt2020_017_setIII_STLC_GM132_RO3306_mKate2-Astrin_Nuf2-GFP_GFP_mCherry_03_R3D_D3D_Z14_C1_T0.tif,4017.975272832747,3421.51,1.1133965980945495,1.818821225417522,0.6121528507228423,cdki,set3_astrin_cdki_cell_2,Expt2020_017_setIII_STLC_GM132_RO3306_mKate2-Astrin_Nuf2-GFP_GFP_mCherry_03_R3D_D3D
113,113,14_8,26,11338.46153846154,Expt2020_017_setIII_STLC_GM132_RO3306_mKate2-Astrin_Nuf2-GFP_GFP_mCherry_03_R3D_D3D_Z14_C0_T0.tif,7037.176874669742,4485.9475,5714.653846153847,Expt2020_017_setIII_STLC_GM132_RO3306_mKate2-Astrin_Nuf2-GFP_GFP_mCherry_03_R3D_D3D_Z14_C1_T0.tif,4017.975272832747,3421.51,1.4222720295948734,1.6112230430464576,0.88272820807334,cdki,set3_astrin_cdki_cell_2,Expt2020_017_setIII_STLC_GM132_RO3306_mKate2-Astrin_Nuf2-GFP_GFP_mCherry_03_R3D_D3D
114,114,14_9,36,12695.083333333336,Expt2020_017_setIII_STLC_GM132_RO3306_mKate2-Astrin_Nuf2-GFP_GFP_mCherry_03_R3D_D3D_Z14_C0_T0.tif,7037.176874669742,4485.9475,6587.11111111111,Expt2020_017_setIII_STLC_GM132_RO3306_mKate2-Astrin_Nuf2-GFP_GFP_mCherry_03_R3D_D3D_Z14_C1_T0.tif,4017.975272832747,3421.51,1.6394105647312944,1.804002309367721,0.908763007795642,cdki,set3_astrin_cdki_cell_2,Expt2020_017_setIII_STLC_GM132_RO3306_mKate2-Astrin_Nuf2-GFP_GFP_mCherry_03_R3D_D3D
115,115,14_10,20,11581.0,Expt2020_017_setIII_STLC_GM132_RO3306_mKate2-Astrin_Nuf2-GFP_GFP_mCherry_03_R3D_D3D_Z14_C0_T0.tif,7037.176874669742,4485.9475,8842.0,Expt2020_017_setIII_STLC_GM132_RO3306_mKate2-Astrin_Nuf2-GFP_GFP_mCherry_03_R3D_D3D_Z14_C1_T0.tif,4017.975272832747,3421.51,2.200610854871246,1.6456883500663044,1.33719780831078,cdki,set3_astrin_cdki_cell_2,Expt2020_017_setIII_STLC_GM132_RO3306_mKate2-Astrin_Nuf2-GFP_GFP_mCherry_03_R3D_D3D
119,119,15_3,85,13116.188235294116,Expt2020_017_setIII_STLC_GM132_RO3306_mKate2-Astrin_Nuf2-GFP_GFP_mCherry_03_R3D_D3D_Z15_C0_T0.tif,7048.776697674419,4493.5825,5725.447058823529,Expt2020_017_setIII_STLC_GM132_RO3306_mKate2-Astrin_Nuf2-GFP_GFP_mCherry_03_R3D_D3D_Z15_C1_T0.tif,4029.3517390200564,3423.2175,1.4209350361197222,1.8607751100444847,0.7636253454001503,cdki,set3_astrin_cdki_cell_2,Expt2020_017_setIII_STLC_GM132_RO3306_mKate2-Astrin_Nuf2-GFP_GFP_mCherry_03_R3D_D3D
120,120,15_4,8,12414.75,Expt2020_017_setIII_STLC_GM132_RO3306_mKate2-Astrin_Nuf2-GFP_GFP_mCherry_03_R3D_D3D_Z15_C0_T0.tif,7048.776697674419,4493.5825,5122.75,Expt2020_017_setIII_STLC_GM132_RO3306_mKate2-Astrin_Nuf2-GFP_GFP_mCherry_03_R3D_D3D_Z15_C1_T0.tif,4029.3517390200564,3423.2175,1.2713583553382857,1.7612630577580874,0.721844672627494,cdki,set3_astrin_cdki_cell_2,Expt2020_017_setIII_STLC_GM132_RO3306_mKate2-Astrin_Nuf2-GFP_GFP_mCherry_03_R3D_D3D
121,121,15_5,26,13340.5,Expt2020_017_setIII_STLC_GM132_RO3306_mKate2-Astrin_Nuf2-GFP_GFP_mCherry_03_R3D_D3D_Z15_C0_T0.tif,7048.776697674419,4493.5825,6657.73076923077,Expt2020_017_setIII_STLC_GM132_RO3306_mKate2-Astrin_Nuf2-GFP_GFP_mCherry_03_R3D_D3D_Z15_C1_T0.tif,4029.3517390200564,3423.2175,1.652308162813788,1.8925979034633613,0.8730370882215103,cdki,set3_astrin_cdki_cell_2,Expt2020_017_setIII_STLC_GM132_RO3306_mKate2-Astrin_Nuf2-GFP_GFP_mCherry_03_R3D_D3D
122,122,15_6,50,13004.56,Expt2020_017_setIII_STLC_GM132_RO3306_mKate2-Astrin_Nuf2-GFP_GFP_mCherry_03_R3D_D3D_Z15_C0_T0.tif,7048.776697674419,4493.5825,6619.92,Expt2020_017_setIII_STLC_GM132_RO3306_mKate2-Astrin_Nuf2-GFP_GFP_mCherry_03_R3D_D3D_Z15_C1_T0.tif,4029.3517390200564,3423.2175,1.64292432847026,1.844938569878452,0.8905035404937623,cdki,set3_astrin_cdki_cell_2,Expt2020_017_setIII_STLC_GM132_RO3306_mKate2-Astrin_Nuf2-GFP_GFP_mCherry_03_R3D_D3D
123,123,15_7,29,12560.931034482759,Expt2020_017_setIII_STLC_GM132_RO3306_mKate2-Astrin_Nuf2-GFP_GFP_mCherry_03_R3D_D3D_Z15_C0_T0.tif,7048.776697674419,4493.5825,5092.689655172414,Expt2020_017_setIII_STLC_GM132_RO3306_mKate2-Astrin_Nuf2-GFP_GFP_mCherry_03_R3D_D3D_Z15_C1_T0.tif,4029.3517390200564,3423.2175,1.263898012639364,1.7820015547700565,0.7092575252003375,cdki,set3_astrin_cdki_cell_2,Expt2020_017_setIII_STLC_GM132_RO3306_mKate2-Astrin_Nuf2-GFP_GFP_mCherry_03_R3D_D3D
124,124,15_8,39,12973.846153846154,Expt2020_017_setIII_STLC_GM132_RO3306_mKate2-Astrin_Nuf2-GFP_GFP_mCherry_03_R3D_D3D_Z15_C0_T0.tif,7048.776697674419,4493.5825,6423.461538461538,Expt2020_017_setIII_STLC_GM132_RO3306_mKate2-Astrin_Nuf2-GFP_GFP_mCherry_03_R3D_D3D_Z15_C1_T0.tif,4029.3517390200564,3423.2175,1.5941674876027905,1.840581239880471,0.8661217734167046,cdki,set3_astrin_cdki_cell_2,Expt2020_017_setIII_STLC_GM132_RO3306_mKate2-Astrin_Nuf2-GFP_GFP_mCherry_03_R3D_D3D
125,125,15_9,12,12247.75,Expt2020_017_setIII_STLC_GM132_RO3306_mKate2-Astrin_Nuf2-GFP_GFP_mCherry_03_R3D_D3D_Z15_C0_T0.tif,7048.776697674419,4493.5825,6412.083333333332,Expt2020_017_setIII_STLC_GM132_RO3306_mKate2-Astrin_Nuf2-GFP_GFP_mCherry_03_R3D_D3D_Z15_C1_T0.tif,4029.3517390200564,3423.2175,1.591343657402508,1.7375710034963745,0.9158438154184059,cdki,set3_astrin_cdki_cell_2,Expt2020_017_setIII_STLC_GM132_RO3306_mKate2-Astrin_Nuf2-GFP_GFP_mCherry_03_R3D_D3D
126,126,15_10,16,11799.125,Expt2020_017_setIII_STLC_GM132_RO3306_mKate2-Astrin_Nuf2-GFP_GFP_mCherry_03_R3D_D3D_Z15_C0_T0.tif,7048.776697674419,4493.5825,4347.5625,Expt2020_017_setIII_STLC_GM132_RO3306_mKate2-Astrin_Nuf2-GFP_GFP_mCherry_03_R3D_D3D_Z15_C1_T0.tif,4029.3517390200564,3423.2175,1.078973190128428,1.6739252080283447,0.6445767020853406,cdki,set3_astrin_cdki_cell_2,Expt2020_017_setIII_STLC_GM132_RO3306_mKate2-Astrin_Nuf2-GFP_GFP_mCherry_03_R3D_D3D
127,127,15_11,26,13862.192307692307,Expt2020_017_setIII_STLC_GM132_RO3306_mKate2-Astrin_Nuf2-GFP_GFP_mCherry_03_R3D_D3D_Z15_C0_T0.tif,7048.776697674419,4493.5825,4390.269230769231,Expt2020_017_setIII_STLC_GM132_RO3306_mKate2-Astrin_Nuf2-GFP_GFP_mCherry_03_R3D_D3D_Z15_C1_T0.tif,4029.3517390200564,3423.2175,1.0895720987210094,1.9666096547314114,0.554035772223348,cdki,set3_astrin_cdki_cell_2,Expt2020_017_setIII_STLC_GM132_RO3306_mKate2-Astrin_Nuf2-GFP_GFP_mCherry_03_R3D_D3D
128,128,15_12,24,11973.416666666664,Expt2020_017_setIII_STLC_GM132_RO3306_mKate2-Astrin_Nuf2-GFP_GFP_mCherry_03_R3D_D3D_Z15_C0_T0.tif,7048.776697674419,4493.5825,6161.083333333332,Expt2020_017_setIII_STLC_GM132_RO3306_mKate2-Astrin_Nuf2-GFP_GFP_mCherry_03_R3D_D3D_Z15_C1_T0.tif,4029.3517390200564,3423.2175,1.5290507586294058,1.6986517207470933,0.9001555409821771,cdki,set3_astrin_cdki_cell_2,Expt2020_017_setIII_STLC_GM132_RO3306_mKate2-Astrin_Nuf2-GFP_GFP_mCherry_03_R3D_D3D
129,129,15_13,32,13398.46875,Expt2020_017_setIII_STLC_GM132_RO3306_mKate2-Astrin_Nuf2-GFP_GFP_mCherry_03_R3D_D3D_Z15_C0_T0.tif,7048.776697674419,4493.5825,6256.875,Expt2020_017_setIII_STLC_GM132_RO3306_mKate2-Astrin_Nuf2-GFP_GFP_mCherry_03_R3D_D3D_Z15_C1_T0.tif,4029.3517390200564,3423.2175,1.5528242271352761,1.9008218481967964,0.816922547796025,cdki,set3_astrin_cdki_cell_2,Expt2020_017_setIII_STLC_GM132_RO3306_mKate2-Astrin_Nuf2-GFP_GFP_mCherry_03_R3D_D3D
130,130,15_14,8,11885.125,Expt2020_017_setIII_STLC_GM132_RO3306_mKate2-Astrin_Nuf2-GFP_GFP_mCherry_03_R3D_D3D_Z15_C0_T0.tif,7048.776697674419,4493.5825,6140.0,Expt2020_017_setIII_STLC_GM132_RO3306_mKate2-Astrin_Nuf2-GFP_GFP_mCherry_03_R3D_D3D_Z15_C1_T0.tif,4029.3517390200564,3423.2175,1.5238183205850517,1.6861259066301848,0.903739343896617,cdki,set3_astrin_cdki_cell_2,Expt2020_017_setIII_STLC_GM132_RO3306_mKate2-Astrin_Nuf2-GFP_GFP_mCherry_03_R3D_D3D
132,132,16_2,24,12615.5,Expt2020_017_setIII_STLC_GM132_RO3306_mKate2-Astrin_Nuf2-GFP_GFP_mCherry_03_R3D_D3D_Z16_C0_T0.tif,6945.098997226371,4490.165,5411.583333333333,Expt2020_017_setIII_STLC_GM132_RO3306_mKate2-Astrin_Nuf2-GFP_GFP_mCherry_03_R3D_D3D_Z16_C1_T0.tif,4001.5790765036627,3422.225,1.3523619625834427,1.816460788397428,0.744503801690409,cdki,set3_astrin_cdki_cell_2,Expt2020_017_setIII_STLC_GM132_RO3306_mKate2-Astrin_Nuf2-GFP_GFP_mCherry_03_R3D_D3D
133,133,16_3,30,12264.533333333333,Expt2020_017_setIII_STLC_GM132_RO3306_mKate2-Astrin_Nuf2-GFP_GFP_mCherry_03_R3D_D3D_Z16_C0_T0.tif,6945.098997226371,4490.165,5815.7,Expt2020_017_setIII_STLC_GM132_RO3306_mKate2-Astrin_Nuf2-GFP_GFP_mCherry_03_R3D_D3D_Z16_C1_T0.tif,4001.5790765036627,3422.225,1.4533512617927336,1.7659263515511239,0.8229965312631322,cdki,set3_astrin_cdki_cell_2,Expt2020_017_setIII_STLC_GM132_RO3306_mKate2-Astrin_Nuf2-GFP_GFP_mCherry_03_R3D_D3D
134,134,16_4,26,13558.653846153846,Expt2020_017_setIII_STLC_GM132_RO3306_mKate2-Astrin_Nuf2-GFP_GFP_mCherry_03_R3D_D3D_Z16_C0_T0.tif,6945.098997226371,4490.165,7535.6923076923085,Expt2020_017_setIII_STLC_GM132_RO3306_mKate2-Astrin_Nuf2-GFP_GFP_mCherry_03_R3D_D3D_Z16_C1_T0.tif,4001.5790765036627,3422.225,1.88317965573644,1.9522621422054167,0.964614134047113,cdki,set3_astrin_cdki_cell_2,Expt2020_017_setIII_STLC_GM132_RO3306_mKate2-Astrin_Nuf2-GFP_GFP_mCherry_03_R3D_D3D
135,135,16_5,53,13800.962264150945,Expt2020_017_setIII_STLC_GM132_RO3306_mKate2-Astrin_Nuf2-GFP_GFP_mCherry_03_R3D_D3D_Z16_C0_T0.tif,6945.098997226371,4490.165,6630.037735849057,Expt2020_017_setIII_STLC_GM132_RO3306_mKate2-Astrin_Nuf2-GFP_GFP_mCherry_03_R3D_D3D_Z16_C1_T0.tif,4001.5790765036627,3422.225,1.6568553586205728,1.9871512659016908,0.8337842151481897,cdki,set3_astrin_cdki_cell_2,Expt2020_017_setIII_STLC_GM132_RO3306_mKate2-Astrin_Nuf2-GFP_GFP_mCherry_03_R3D_D3D
136,136,16_6,26,12336.96153846154,Expt2020_017_setIII_STLC_GM132_RO3306_mKate2-Astrin_Nuf2-GFP_GFP_mCherry_03_R3D_D3D_Z16_C0_T0.tif,6945.098997226371,4490.165,7650.038461538462,Expt2020_017_setIII_STLC_GM132_RO3306_mKate2-Astrin_Nuf2-GFP_GFP_mCherry_03_R3D_D3D_Z16_C1_T0.tif,4001.5790765036627,3422.225,1.911754913568421,1.776355030128223,1.0762234357117364,cdki,set3_astrin_cdki_cell_2,Expt2020_017_setIII_STLC_GM132_RO3306_mKate2-Astrin_Nuf2-GFP_GFP_mCherry_03_R3D_D3D
137,137,16_7,30,12884.2,Expt2020_017_setIII_STLC_GM132_RO3306_mKate2-Astrin_Nuf2-GFP_GFP_mCherry_03_R3D_D3D_Z16_C0_T0.tif,6945.098997226371,4490.165,4524.8,Expt2020_017_setIII_STLC_GM132_RO3306_mKate2-Astrin_Nuf2-GFP_GFP_mCherry_03_R3D_D3D_Z16_C1_T0.tif,4001.5790765036627,3422.225,1.1307536133844183,1.8551499417280444,0.609521412771163,cdki,set3_astrin_cdki_cell_2,Expt2020_017_setIII_STLC_GM132_RO3306_mKate2-Astrin_Nuf2-GFP_GFP_mCherry_03_R3D_D3D
138,138,16_8,21,12009.666666666664,Expt2020_017_setIII_STLC_GM132_RO3306_mKate2-Astrin_Nuf2-GFP_GFP_mCherry_03_R3D_D3D_Z16_C0_T0.tif,6945.098997226371,4490.165,5901.571428571428,Expt2020_017_setIII_STLC_GM132_RO3306_mKate2-Astrin_Nuf2-GFP_GFP_mCherry_03_R3D_D3D_Z16_C1_T0.tif,4001.5790765036627,3422.225,1.474810647432679,1.7292290104810464,0.852871793437243,cdki,set3_astrin_cdki_cell_2,Expt2020_017_setIII_STLC_GM132_RO3306_mKate2-Astrin_Nuf2-GFP_GFP_mCherry_03_R3D_D3D
139,139,16_9,21,12890.952380952383,Expt2020_017_setIII_STLC_GM132_RO3306_mKate2-Astrin_Nuf2-GFP_GFP_mCherry_03_R3D_D3D_Z16_C0_T0.tif,6945.098997226371,4490.165,4208.285714285715,Expt2020_017_setIII_STLC_GM132_RO3306_mKate2-Astrin_Nuf2-GFP_GFP_mCherry_03_R3D_D3D_Z16_C1_T0.tif,4001.5790765036627,3422.225,1.0516562671460836,1.856122192945065,0.5665878416535959,cdki,set3_astrin_cdki_cell_2,Expt2020_017_setIII_STLC_GM132_RO3306_mKate2-Astrin_Nuf2-GFP_GFP_mCherry_03_R3D_D3D
140,140,16_10,26,12836.03846153846,Expt2020_017_setIII_STLC_GM132_RO3306_mKate2-Astrin_Nuf2-GFP_GFP_mCherry_03_R3D_D3D_Z16_C0_T0.tif,6945.098997226371,4490.165,6870.153846153847,Expt2020_017_setIII_STLC_GM132_RO3306_mKate2-Astrin_Nuf2-GFP_GFP_mCherry_03_R3D_D3D_Z16_C1_T0.tif,4001.5790765036627,3422.225,1.7168606979414163,1.848215333815216,0.9289289329708956,cdki,set3_astrin_cdki_cell_2,Expt2020_017_setIII_STLC_GM132_RO3306_mKate2-Astrin_Nuf2-GFP_GFP_mCherry_03_R3D_D3D
141,141,16_11,36,12441.166666666664,Expt2020_017_setIII_STLC_GM132_RO3306_mKate2-Astrin_Nuf2-GFP_GFP_mCherry_03_R3D_D3D_Z16_C0_T0.tif,6945.098997226371,4490.165,5524.61111111111,Expt2020_017_setIII_STLC_GM132_RO3306_mKate2-Astrin_Nuf2-GFP_GFP_mCherry_03_R3D_D3D_Z16_C1_T0.tif,4001.5790765036627,3422.225,1.3806077564605272,1.7913591543670193,0.7707040506616709,cdki,set3_astrin_cdki_cell_2,Expt2020_017_setIII_STLC_GM132_RO3306_mKate2-Astrin_Nuf2-GFP_GFP_mCherry_03_R3D_D3D
143,143,17_2,50,11976.88,Expt2020_017_setIII_STLC_GM132_RO3306_mKate2-Astrin_Nuf2-GFP_GFP_mCherry_03_R3D_D3D_Z17_C0_T0.tif,6809.816206463758,4512.05,6176.6,Expt2020_017_setIII_STLC_GM132_RO3306_mKate2-Astrin_Nuf2-GFP_GFP_mCherry_03_R3D_D3D_Z17_C1_T0.tif,3994.8663680106183,3427.3925,1.5461343211527379,1.7587669970639963,0.8791012815988601,cdki,set3_astrin_cdki_cell_2,Expt2020_017_setIII_STLC_GM132_RO3306_mKate2-Astrin_Nuf2-GFP_GFP_mCherry_03_R3D_D3D
144,144,17_3,74,11985.297297297295,Expt2020_017_setIII_STLC_GM132_RO3306_mKate2-Astrin_Nuf2-GFP_GFP_mCherry_03_R3D_D3D_Z17_C0_T0.tif,6809.816206463758,4512.05,6145.405405405405,Expt2020_017_setIII_STLC_GM132_RO3306_mKate2-Astrin_Nuf2-GFP_GFP_mCherry_03_R3D_D3D_Z17_C1_T0.tif,3994.8663680106183,3427.3925,1.5383256507941019,1.7600030505846929,0.8740471502495707,cdki,set3_astrin_cdki_cell_2,Expt2020_017_setIII_STLC_GM132_RO3306_mKate2-Astrin_Nuf2-GFP_GFP_mCherry_03_R3D_D3D
145,145,17_4,64,13396.15625,Expt2020_017_setIII_STLC_GM132_RO3306_mKate2-Astrin_Nuf2-GFP_GFP_mCherry_03_R3D_D3D_Z17_C0_T0.tif,6809.816206463758,4512.05,6368.78125,Expt2020_017_setIII_STLC_GM132_RO3306_mKate2-Astrin_Nuf2-GFP_GFP_mCherry_03_R3D_D3D_Z17_C1_T0.tif,3994.8663680106183,3427.3925,1.594241374629899,1.9671832313601363,0.8104183429459286,cdki,set3_astrin_cdki_cell_2,Expt2020_017_setIII_STLC_GM132_RO3306_mKate2-Astrin_Nuf2-GFP_GFP_mCherry_03_R3D_D3D
146,146,17_5,12,11448.583333333336,Expt2020_017_setIII_STLC_GM132_RO3306_mKate2-Astrin_Nuf2-GFP_GFP_mCherry_03_R3D_D3D_Z17_C0_T0.tif,6809.816206463758,4512.05,5915.333333333332,Expt2020_017_setIII_STLC_GM132_RO3306_mKate2-Astrin_Nuf2-GFP_GFP_mCherry_03_R3D_D3D_Z17_C1_T0.tif,3994.8663680106183,3427.3925,1.4807337188300185,1.6811883002754966,0.880766133447021,cdki,set3_astrin_cdki_cell_2,Expt2020_017_setIII_STLC_GM132_RO3306_mKate2-Astrin_Nuf2-GFP_GFP_mCherry_03_R3D_D3D
147,147,17_6,38,13106.421052631576,Expt2020_017_setIII_STLC_GM132_RO3306_mKate2-Astrin_Nuf2-GFP_GFP_mCherry_03_R3D_D3D_Z17_C0_T0.tif,6809.816206463758,4512.05,6570.289473684212,Expt2020_017_setIII_STLC_GM132_RO3306_mKate2-Astrin_Nuf2-GFP_GFP_mCherry_03_R3D_D3D_Z17_C1_T0.tif,3994.8663680106183,3427.3925,1.6446831679519018,1.9246365328026316,0.8545422161123247,cdki,set3_astrin_cdki_cell_2,Expt2020_017_setIII_STLC_GM132_RO3306_mKate2-Astrin_Nuf2-GFP_GFP_mCherry_03_R3D_D3D
148,148,17_7,34,11561.588235294117,Expt2020_017_setIII_STLC_GM132_RO3306_mKate2-Astrin_Nuf2-GFP_GFP_mCherry_03_R3D_D3D_Z17_C0_T0.tif,6809.816206463758,4512.05,6688.852941176469,Expt2020_017_setIII_STLC_GM132_RO3306_mKate2-Astrin_Nuf2-GFP_GFP_mCherry_03_R3D_D3D_Z17_C1_T0.tif,3994.8663680106183,3427.3925,1.6743621250358407,1.6977827131839565,0.9862051910611143,cdki,set3_astrin_cdki_cell_2,Expt2020_017_setIII_STLC_GM132_RO3306_mKate2-Astrin_Nuf2-GFP_GFP_mCherry_03_R3D_D3D
149,149,17_8,65,12180.215384615383,Expt2020_017_setIII_STLC_GM132_RO3306_mKate2-Astrin_Nuf2-GFP_GFP_mCherry_03_R3D_D3D_Z17_C0_T0.tif,6809.816206463758,4512.05,5429.261538461538,Expt2020_017_setIII_STLC_GM132_RO3306_mKate2-Astrin_Nuf2-GFP_GFP_mCherry_03_R3D_D3D_Z17_C1_T0.tif,3994.8663680106183,3427.3925,1.359059612591053,1.7886261560266687,0.7598343611446042,cdki,set3_astrin_cdki_cell_2,Expt2020_017_setIII_STLC_GM132_RO3306_mKate2-Astrin_Nuf2-GFP_GFP_mCherry_03_R3D_D3D
150,150,17_9,26,12558.346153846154,Expt2020_017_setIII_STLC_GM132_RO3306_mKate2-Astrin_Nuf2-GFP_GFP_mCherry_03_R3D_D3D_Z17_C0_T0.tif,6809.816206463758,4512.05,6414.3076923076915,Expt2020_017_setIII_STLC_GM132_RO3306_mKate2-Astrin_Nuf2-GFP_GFP_mCherry_03_R3D_D3D_Z17_C1_T0.tif,3994.8663680106183,3427.3925,1.6056376112280115,1.8441534651002758,0.8706637715428445,cdki,set3_astrin_cdki_cell_2,Expt2020_017_setIII_STLC_GM132_RO3306_mKate2-Astrin_Nuf2-GFP_GFP_mCherry_03_R3D_D3D
151,151,17_10,21,11385.190476190475,Expt2020_017_setIII_STLC_GM132_RO3306_mKate2-Astrin_Nuf2-GFP_GFP_mCherry_03_R3D_D3D_Z17_C0_T0.tif,6809.816206463758,4512.05,5872.285714285716,Expt2020_017_setIII_STLC_GM132_RO3306_mKate2-Astrin_Nuf2-GFP_GFP_mCherry_03_R3D_D3D_Z17_C1_T0.tif,3994.8663680106183,3427.3925,1.4699579844043753,1.6718792594407836,0.8792249656210535,cdki,set3_astrin_cdki_cell_2,Expt2020_017_setIII_STLC_GM132_RO3306_mKate2-Astrin_Nuf2-GFP_GFP_mCherry_03_R3D_D3D
152,152,17_11,42,12772.095238095239,Expt2020_017_setIII_STLC_GM132_RO3306_mKate2-Astrin_Nuf2-GFP_GFP_mCherry_03_R3D_D3D_Z17_C0_T0.tif,6809.816206463758,4512.05,4917.976190476191,Expt2020_017_setIII_STLC_GM132_RO3306_mKate2-Astrin_Nuf2-GFP_GFP_mCherry_03_R3D_D3D_Z17_C1_T0.tif,3994.8663680106183,3427.3925,1.231074017858892,1.875541842960782,0.6563831260173245,cdki,set3_astrin_cdki_cell_2,Expt2020_017_setIII_STLC_GM132_RO3306_mKate2-Astrin_Nuf2-GFP_GFP_mCherry_03_R3D_D3D
153,153,17_12,12,11397.083333333336,Expt2020_017_setIII_STLC_GM132_RO3306_mKate2-Astrin_Nuf2-GFP_GFP_mCherry_03_R3D_D3D_Z17_C0_T0.tif,6809.816206463758,4512.05,8140.666666666668,Expt2020_017_setIII_STLC_GM132_RO3306_mKate2-Astrin_Nuf2-GFP_GFP_mCherry_03_R3D_D3D_Z17_C1_T0.tif,3994.8663680106183,3427.3925,2.0377819723468233,1.6736256879466767,1.2175852623575105,cdki,set3_astrin_cdki_cell_2,Expt2020_017_setIII_STLC_GM132_RO3306_mKate2-Astrin_Nuf2-GFP_GFP_mCherry_03_R3D_D3D
155,155,18_1,62,12887.09677419355,Expt2020_017_setIII_STLC_GM132_RO3306_mKate2-Astrin_Nuf2-GFP_GFP_mCherry_03_R3D_D3D_Z18_C0_T0.tif,6937.881303961914,4537.865,6425.3387096774195,Expt2020_017_setIII_STLC_GM132_RO3306_mKate2-Astrin_Nuf2-GFP_GFP_mCherry_03_R3D_D3D_Z18_C1_T0.tif,4049.9342483876308,3442.2,1.586529142352247,1.8574974418824812,0.8541218451124103,cdki,set3_astrin_cdki_cell_2,Expt2020_017_setIII_STLC_GM132_RO3306_mKate2-Astrin_Nuf2-GFP_GFP_mCherry_03_R3D_D3D
156,156,18_2,61,14585.032786885247,Expt2020_017_setIII_STLC_GM132_RO3306_mKate2-Astrin_Nuf2-GFP_GFP_mCherry_03_R3D_D3D_Z18_C0_T0.tif,6937.881303961914,4537.865,6614.491803278688,Expt2020_017_setIII_STLC_GM132_RO3306_mKate2-Astrin_Nuf2-GFP_GFP_mCherry_03_R3D_D3D_Z18_C1_T0.tif,4049.9342483876308,3442.2,1.6332343681658696,2.1022315239893747,0.7769050884873537,cdki,set3_astrin_cdki_cell_2,Expt2020_017_setIII_STLC_GM132_RO3306_mKate2-Astrin_Nuf2-GFP_GFP_mCherry_03_R3D_D3D
157,157,18_3,43,14638.232558139534,Expt2020_017_setIII_STLC_GM132_RO3306_mKate2-Astrin_Nuf2-GFP_GFP_mCherry_03_R3D_D3D_Z18_C0_T0.tif,6937.881303961914,4537.865,7265.46511627907,Expt2020_017_setIII_STLC_GM132_RO3306_mKate2-Astrin_Nuf2-GFP_GFP_mCherry_03_R3D_D3D_Z18_C1_T0.tif,4049.9342483876308,3442.2,1.7939711290798397,2.109899538030478,0.8502637669443034,cdki,set3_astrin_cdki_cell_2,Expt2020_017_setIII_STLC_GM132_RO3306_mKate2-Astrin_Nuf2-GFP_GFP_mCherry_03_R3D_D3D
158,158,18_4,21,13423.285714285714,Expt2020_017_setIII_STLC_GM132_RO3306_mKate2-Astrin_Nuf2-GFP_GFP_mCherry_03_R3D_D3D_Z18_C0_T0.tif,6937.881303961914,4537.865,6316.142857142857,Expt2020_017_setIII_STLC_GM132_RO3306_mKate2-Astrin_Nuf2-GFP_GFP_mCherry_03_R3D_D3D_Z18_C1_T0.tif,4049.9342483876308,3442.2,1.5595667657215557,1.9347816899981085,0.8060685987384346,cdki,set3_astrin_cdki_cell_2,Expt2020_017_setIII_STLC_GM132_RO3306_mKate2-Astrin_Nuf2-GFP_GFP_mCherry_03_R3D_D3D
159,159,18_5,36,14262.638888888889,Expt2020_017_setIII_STLC_GM132_RO3306_mKate2-Astrin_Nuf2-GFP_GFP_mCherry_03_R3D_D3D_Z18_C0_T0.tif,6937.881303961914,4537.865,6849.194444444444,Expt2020_017_setIII_STLC_GM132_RO3306_mKate2-Astrin_Nuf2-GFP_GFP_mCherry_03_R3D_D3D_Z18_C1_T0.tif,4049.9342483876308,3442.2,1.6911865784416775,2.0557628855287753,0.822656440753223,cdki,set3_astrin_cdki_cell_2,Expt2020_017_setIII_STLC_GM132_RO3306_mKate2-Astrin_Nuf2-GFP_GFP_mCherry_03_R3D_D3D
160,160,18_6,44,12211.636363636364,Expt2020_017_setIII_STLC_GM132_RO3306_mKate2-Astrin_Nuf2-GFP_GFP_mCherry_03_R3D_D3D_Z18_C0_T0.tif,6937.881303961914,4537.865,4794.0,Expt2020_017_setIII_STLC_GM132_RO3306_mKate2-Astrin_Nuf2-GFP_GFP_mCherry_03_R3D_D3D_Z18_C1_T0.tif,4049.9342483876308,3442.2,1.1837229214051064,1.7601391301783793,0.6725166784316324,cdki,set3_astrin_cdki_cell_2,Expt2020_017_setIII_STLC_GM132_RO3306_mKate2-Astrin_Nuf2-GFP_GFP_mCherry_03_R3D_D3D
161,161,18_7,38,14664.0,Expt2020_017_setIII_STLC_GM132_RO3306_mKate2-Astrin_Nuf2-GFP_GFP_mCherry_03_R3D_D3D_Z18_C0_T0.tif,6937.881303961914,4537.865,6028.447368421053,Expt2020_017_setIII_STLC_GM132_RO3306_mKate2-Astrin_Nuf2-GFP_GFP_mCherry_03_R3D_D3D_Z18_C1_T0.tif,4049.9342483876308,3442.2,1.488529689295848,2.1136135597514536,0.7042582038841996,cdki,set3_astrin_cdki_cell_2,Expt2020_017_setIII_STLC_GM132_RO3306_mKate2-Astrin_Nuf2-GFP_GFP_mCherry_03_R3D_D3D
162,162,19_1,77,12692.38961038961,Expt2020_017_setIII_STLC_GM132_RO3306_mKate2-Astrin_Nuf2-GFP_GFP_mCherry_03_R3D_D3D_Z19_C0_T0.tif,7178.835206329229,4741.1625,6347.103896103897,Expt2020_017_setIII_STLC_GM132_RO3306_mKate2-Astrin_Nuf2-GFP_GFP_mCherry_03_R3D_D3D_Z19_C1_T0.tif,4090.4931449502883,3528.12,1.5516720530235806,1.768029108566157,0.8776281145517799,cdki,set3_astrin_cdki_cell_2,Expt2020_017_setIII_STLC_GM132_RO3306_mKate2-Astrin_Nuf2-GFP_GFP_mCherry_03_R3D_D3D
163,163,19_2,107,13310.317757009348,Expt2020_017_setIII_STLC_GM132_RO3306_mKate2-Astrin_Nuf2-GFP_GFP_mCherry_03_R3D_D3D_Z19_C0_T0.tif,7178.835206329229,4741.1625,6124.7009345794395,Expt2020_017_setIII_STLC_GM132_RO3306_mKate2-Astrin_Nuf2-GFP_GFP_mCherry_03_R3D_D3D_Z19_C1_T0.tif,4090.4931449502883,3528.12,1.4973013564734559,1.8541054884884793,0.8075599612695713,cdki,set3_astrin_cdki_cell_2,Expt2020_017_setIII_STLC_GM132_RO3306_mKate2-Astrin_Nuf2-GFP_GFP_mCherry_03_R3D_D3D
164,164,19_3,45,15327.6,Expt2020_017_setIII_STLC_GM132_RO3306_mKate2-Astrin_Nuf2-GFP_GFP_mCherry_03_R3D_D3D_Z19_C0_T0.tif,7178.835206329229,4741.1625,8278.511111111111,Expt2020_017_setIII_STLC_GM132_RO3306_mKate2-Astrin_Nuf2-GFP_GFP_mCherry_03_R3D_D3D_Z19_C1_T0.tif,4090.4931449502883,3528.12,2.023841824874081,2.135109604756828,0.9478866191998515,cdki,set3_astrin_cdki_cell_2,Expt2020_017_setIII_STLC_GM132_RO3306_mKate2-Astrin_Nuf2-GFP_GFP_mCherry_03_R3D_D3D
165,165,19_4,59,13118.016949152545,Expt2020_017_setIII_STLC_GM132_RO3306_mKate2-Astrin_Nuf2-GFP_GFP_mCherry_03_R3D_D3D_Z19_C0_T0.tif,7178.835206329229,4741.1625,6236.627118644069,Expt2020_017_setIII_STLC_GM132_RO3306_mKate2-Astrin_Nuf2-GFP_GFP_mCherry_03_R3D_D3D_Z19_C1_T0.tif,4090.4931449502883,3528.12,1.524663872458308,1.8273183005492353,0.8343723542855348,cdki,set3_astrin_cdki_cell_2,Expt2020_017_setIII_STLC_GM132_RO3306_mKate2-Astrin_Nuf2-GFP_GFP_mCherry_03_R3D_D3D
166,166,19_5,41,13890.292682926829,Expt2020_017_setIII_STLC_GM132_RO3306_mKate2-Astrin_Nuf2-GFP_GFP_mCherry_03_R3D_D3D_Z19_C0_T0.tif,7178.835206329229,4741.1625,4057.829268292683,Expt2020_017_setIII_STLC_GM132_RO3306_mKate2-Astrin_Nuf2-GFP_GFP_mCherry_03_R3D_D3D_Z19_C1_T0.tif,4090.4931449502883,3528.12,0.9920146849046969,1.9348950468566872,0.5126968961527208,cdki,set3_astrin_cdki_cell_2,Expt2020_017_setIII_STLC_GM132_RO3306_mKate2-Astrin_Nuf2-GFP_GFP_mCherry_03_R3D_D3D
167,167,19_6,50,14054.24,Expt2020_017_setIII_STLC_GM132_RO3306_mKate2-Astrin_Nuf2-GFP_GFP_mCherry_03_R3D_D3D_Z19_C0_T0.tif,7178.835206329229,4741.1625,6162.7,Expt2020_017_setIII_STLC_GM132_RO3306_mKate2-Astrin_Nuf2-GFP_GFP_mCherry_03_R3D_D3D_Z19_C1_T0.tif,4090.4931449502883,3528.12,1.5065909614364834,1.957732639914768,0.7695590964362092,cdki,set3_astrin_cdki_cell_2,Expt2020_017_setIII_STLC_GM132_RO3306_mKate2-Astrin_Nuf2-GFP_GFP_mCherry_03_R3D_D3D
